transaction_id,date,time,amount,transaction_type,description,merchant,location,country,category,payment_method,card_present,device_id,currency,balance_after_transaction,is_recurring,is_fraud,fraud_type
TXN_000001,2024-01-01,04:15:13,720.000,DEBIT,STE IMMOBILIERE LOYER,STE Immobiliere,Ariana,TN,Rent,Standing Order,,,TND,2920.250,True,False,
TXN_000002,2024-01-01,06:43:05,3.370,DEBIT,BOLT *TRIP 62530,Bolt,La Marsa,TN,Transportation,Online Card,False,DEV_A1,TND,2916.880,False,False,
TXN_000003,2024-01-02,17:15:13,5.000,DEBIT,COFFEE BREAK TUNIS,Coffee Break,Tunis,TN,Dining,POS Card,True,,TND,2911.880,False,False,
TXN_000004,2024-01-03,09:39:39,11.350,DEBIT,COFFEE BREAK ARIANA,Coffee Break,Ariana,TN,Dining,POS Card,True,,TND,2900.530,False,False,
TXN_000005,2024-01-05,14:00:46,5.600,DEBIT,TPE CAFE EL MENZAH 57513,Cafe El Menzah,Tunis,TN,Dining,POS Card,True,,TND,2894.930,False,False,
TXN_000006,2024-01-06,02:36:12,65.000,DEBIT,FITNESS ZONE MEMBERSHIP,Fitness Zone,La Marsa,TN,Subscriptions,Direct Debit,,,TND,2829.930,True,False,
TXN_000007,2024-01-06,07:05:28,7.450,DEBIT,BOLT RIDE TUNIS,Bolt,Ariana,TN,Transportation,Online Card,False,DEV_A1,TND,2822.480,False,False,
TXN_000008,2024-01-07,13:34:53,55.100,DEBIT,GLOVO*23586,Glovo,Online,TN,Dining,Online Card,False,DEV_A1,TND,2767.380,False,False,
TXN_000009,2024-01-07,22:16:11,5.100,DEBIT,BOLT RIDE TUNIS,Bolt,La Marsa,TN,Transportation,Online Card,False,DEV_B2,TND,2762.280,False,False,
TXN_000010,2024-01-09,00:36:57,4.200,DEBIT,APPLE.COM/BILL,Apple,Online,IE,Subscriptions,Online Card,False,DEV_B2,TND,2758.080,True,False,
TXN_000011,2024-01-09,14:10:36,3.400,DEBIT,PARKING TUNIS,Parking,Tunis,TN,Transportation,POS Card,True,,TND,2754.680,False,False,
TXN_000012,2024-01-10,09:04:47,11.000,DEBIT,BOULANGERIE LE FOURNIL,Boulangerie Le Fournil,Ariana,TN,Groceries,POS Card,True,,TND,2743.680,False,False,
TXN_000013,2024-01-11,09:43:02,80.710,DEBIT,DR TRABELSI CONSULT 97957,Cabinet Dr Trabelsi,Tunis,TN,Healthcare,POS Card,True,,TND,2662.970,False,False,
TXN_000014,2024-01-11,15:58:55,18.950,DEBIT,PHCIE CENTRALE 22011,Pharmacie Centrale,Ariana,TN,Healthcare,POS Card,True,,TND,2644.020,False,False,
TXN_000015,2024-01-12,02:23:00,36.000,DEBIT,TT FIXE INTERNET 87956,Tunisie Telecom,Online,TN,Utilities,Direct Debit,,,TND,2608.020,True,False,
TXN_000016,2024-01-12,07:45:12,13.250,DEBIT,BOLT *TRIP 35956,Bolt,La Marsa,TN,Transportation,Online Card,False,DEV_A1,TND,2594.770,False,False,
TXN_000017,2024-01-12,10:04:37,5.700,DEBIT,COFFEE BREAK ARIANA,Coffee Break,Ariana,TN,Dining,POS Card,True,,TND,2589.070,False,False,
TXN_000018,2024-01-13,15:31:26,11.000,DEBIT,Coffee Break Tunis,Coffee Break,Tunis,TN,Dining,POS Card,True,,TND,2578.070,False,False,
TXN_000019,2024-01-13,22:30:47,3.550,DEBIT,BOLT *TRIP 48880,Bolt,La Marsa,TN,Transportation,Online Card,False,DEV_A1,TND,2574.520,False,False,
TXN_000020,2024-01-14,03:54:40,29.900,DEBIT,NETFLIX.COM,Netflix,Online,NL,Subscriptions,Online Card,False,DEV_A1,TND,2544.620,True,False,
TXN_000021,2024-01-14,12:15:00,105.600,DEBIT,MG ARIANA,MG,Ariana,TN,Groceries,POS Card,True,,TND,2439.020,False,False,
TXN_000022,2024-01-15,00:48:49,79.750,DEBIT,STEG FACTURE ELEC GAZ,STEG,Online,TN,Utilities,Direct Debit,,,TND,2359.270,True,False,
TXN_000023,2024-01-15,02:46:02,36.500,DEBIT,GAT ASSURANCES PRELEVEMENT,GAT Assurances,Tunis,TN,Insurance,Direct Debit,,,TND,2322.770,True,False,
TXN_000024,2024-01-16,09:16:56,8.250,DEBIT,Coffee Break Tunis,Coffee Break,Tunis,TN,Dining,POS Card,True,,TND,2314.520,False,False,
TXN_000025,2024-01-17,04:51:24,32.000,DEBIT,OOREDOO TUNISIE FACTURE 64629,Ooredoo,Online,TN,Utilities,Direct Debit,,,TND,2282.520,True,False,
TXN_000026,2024-01-17,07:57:30,5.450,DEBIT,Coffee Break Tunis,Coffee Break,Tunis,TN,Dining,POS Card,True,,TND,2277.070,False,False,
TXN_000027,2024-01-17,08:42:03,9.000,DEBIT,PAIEMENT PAUL 69484,Paul,Tunis,TN,Dining,POS Card,True,,TND,2268.070,False,False,
TXN_000028,2024-01-17,16:33:15,2.900,DEBIT,SMART PARKING LAC 16927,Parking,Tunis,TN,Transportation,POS Card,True,,TND,2265.170,False,False,
TXN_000029,2024-01-17,17:48:15,3.500,DEBIT,CAFE EL MENZAH,Cafe El Menzah,Tunis,TN,Dining,POS Card,True,,TND,2261.670,False,False,
TXN_000030,2024-01-18,17:35:28,13.000,DEBIT,Coffee Break Ariana,Coffee Break,Ariana,TN,Dining,POS Card,True,,TND,2248.670,False,False,
TXN_000031,2024-01-19,21:26:14,45.540,DEBIT,RESTAURANT LE PORT,Restaurant Le Port,Tunis,TN,Dining,POS Card,True,,TND,2203.130,False,False,
TXN_000032,2024-01-20,13:58:05,110.000,DEBIT,JUMIA TUNISIE ORDER 92924,Jumia,Online,TN,Shopping,Online Card,False,DEV_A1,TND,2093.130,False,False,
TXN_000033,2024-01-20,17:13:39,12.000,DEBIT,COFFEE BREAK TUNIS,Coffee Break,Tunis,TN,Dining,POS Card,True,,TND,2081.130,False,False,
TXN_000034,2024-01-21,20:49:28,29.300,DEBIT,PATHE TUNIS CITY,Pathe Tunis City,Tunis,TN,Entertainment,POS Card,True,,TND,2051.830,False,False,
TXN_000035,2024-01-22,03:43:28,18.500,DEBIT,SPOTIFY PREMIUM,Spotify,Online,SE,Subscriptions,Online Card,False,DEV_A1,TND,2033.330,True,False,
TXN_000036,2024-01-24,09:19:12,8.260,DEBIT,CAFE EL MENZAH,Cafe El Menzah,Tunis,TN,Dining,POS Card,True,,TND,2025.070,False,False,
TXN_000037,2024-01-25,08:28:29,2.000,DEBIT,PARKING TUNIS,Parking,Tunis,TN,Transportation,POS Card,True,,TND,2023.070,False,False,
TXN_000038,2024-01-25,16:57:01,5.400,DEBIT,PARKING ARIANA,Parking,Ariana,TN,Transportation,POS Card,True,,TND,2017.670,False,False,
TXN_000039,2024-01-26,07:03:23,3200.000,CREDIT,VIR SALAIRE NEXORA SOLUTIONS,Nexora Solutions,Online,TN,Salary,Bank Transfer,,,TND,5217.670,True,False,
TXN_000040,2024-01-26,15:13:23,4.390,DEBIT,Coffee Break Ariana,Coffee Break,Ariana,TN,Dining,POS Card,True,,TND,5213.280,False,False,
TXN_000041,2024-01-27,01:30:43,1500.000,DEBIT,VIR PERMANENT EPARGNE,Savings Account,Online,TN,Transfer,Standing Order,,,TND,3713.280,True,False,
TXN_000042,2024-01-27,11:04:36,10.100,DEBIT,BOULANGERIE LE FOURNIL,Boulangerie Le Fournil,Tunis,TN,Groceries,POS Card,True,,TND,3703.180,False,False,
TXN_000043,2024-01-27,13:09:04,49.850,DEBIT,PHCIE CENTRALE 55197,Pharmacie Centrale,Ariana,TN,Healthcare,POS Card,True,,TND,3653.330,False,False,
TXN_000044,2024-01-27,13:29:47,7.300,DEBIT,EPICERIE BEN SALEM,Epicerie Ben Salem,Ariana,TN,Groceries,POS Card,True,,TND,3646.030,False,False,
TXN_000045,2024-01-27,19:19:17,33.260,DEBIT,STEAMGAMES.COM 93379,Steam,Online,US,Entertainment,Online Card,False,DEV_A1,TND,3612.770,False,False,
TXN_000046,2024-01-27,19:58:07,24.750,DEBIT,CINEMAS PATHE 77131,Pathe Tunis City,Tunis,TN,Entertainment,POS Card,True,,TND,3588.020,False,False,
TXN_000047,2024-01-27,22:21:59,31.020,DEBIT,GLOVO TUNIS,Glovo,Online,TN,Dining,Online Card,False,DEV_B2,TND,3557.000,False,False,
TXN_000048,2024-01-28,07:29:45,6.650,DEBIT,BOULANGERIE LE FOURNIL ARIANA,Boulangerie Le Fournil,Ariana,TN,Groceries,POS Card,True,,TND,3550.350,False,False,
TXN_000049,2024-01-28,13:54:57,8.000,DEBIT,EPICERIE BEN SALEM,Epicerie Ben Salem,Ariana,TN,Groceries,POS Card,True,,TND,3542.350,False,False,
TXN_000050,2024-01-29,08:09:15,5.650,DEBIT,Coffee Break Ariana,Coffee Break,Ariana,TN,Dining,POS Card,True,,TND,3536.700,False,False,
TXN_000051,2024-01-29,08:42:34,11.300,DEBIT,Coffee Break Tunis,Coffee Break,Tunis,TN,Dining,POS Card,True,,TND,3525.400,False,False,
TXN_000052,2024-01-29,14:26:48,13.530,DEBIT,PAIEMENT PAUL 68616,Paul,La Marsa,TN,Dining,POS Card,True,,TND,3511.870,False,False,
TXN_000053,2024-01-29,16:37:43,10.010,DEBIT,Coffee Break Tunis,Coffee Break,Tunis,TN,Dining,POS Card,True,,TND,3501.860,False,False,
TXN_000054,2024-01-29,18:53:34,10.050,DEBIT,BOLT *TRIP 72081,Bolt,La Marsa,TN,Transportation,Online Card,False,DEV_A1,TND,3491.810,False,False,
TXN_000055,2024-01-30,03:15:42,4.800,DEBIT,COMMISSION TENUE COMPTE 95866,Bank Fees,Online,TN,Other,Direct Debit,,,TND,3487.010,True,False,
TXN_000056,2024-01-30,20:23:04,50.000,DEBIT,RETRAIT GAB AMEN BANK ARIANA,ATM Withdrawal,Ariana,TN,Cash Withdrawal,ATM,True,,TND,3437.010,False,False,
TXN_000057,2024-01-31,08:20:24,12.100,DEBIT,Coffee Break Ariana,Coffee Break,Ariana,TN,Dining,POS Card,True,,TND,3424.910,False,False,
TXN_000058,2024-01-31,09:01:17,9.850,DEBIT,COFFEE BREAK TUNIS,Coffee Break,Tunis,TN,Dining,POS Card,True,,TND,3415.060,False,False,
TXN_000059,2024-02-01,03:39:42,720.000,DEBIT,VIR PERMANENT STE IMMOBILIERE,STE Immobiliere,Ariana,TN,Rent,Standing Order,,,TND,2695.060,True,False,
TXN_000060,2024-02-01,22:57:07,8.800,DEBIT,BOLT RIDE TUNIS,Bolt,La Marsa,TN,Transportation,Online Card,False,DEV_B2,TND,2686.260,False,False,
TXN_000061,2024-02-02,07:42:05,11.000,DEBIT,COFFEE BREAK TUNIS,Coffee Break,Tunis,TN,Dining,POS Card,True,,TND,2675.260,False,False,
TXN_000062,2024-02-02,09:10:34,3.780,DEBIT,COFFEE BREAK ARIANA,Coffee Break,Ariana,TN,Dining,POS Card,True,,TND,2671.480,False,False,
TXN_000063,2024-02-02,11:34:07,13.250,DEBIT,BOULANGERIE LE FOURNIL,Boulangerie Le Fournil,Tunis,TN,Groceries,POS Card,True,,TND,2658.230,False,False,
TXN_000064,2024-02-02,12:12:09,131.560,DEBIT,TOTAL SERVICE STATION TUNIS #77368,TotalEnergies,Tunis,TN,Fuel,POS Card,True,,TND,2526.670,False,False,
TXN_000065,2024-02-03,11:48:52,5.900,DEBIT,BOULANGERIE LE FOURNIL,Boulangerie Le Fournil,Tunis,TN,Groceries,POS Card,True,,TND,2520.770,False,False,
TXN_000066,2024-02-05,12:36:17,2.000,DEBIT,SMART PARKING LAC 18345,Parking,Ariana,TN,Transportation,POS Card,True,,TND,2518.770,False,False,
TXN_000067,2024-02-05,15:43:38,15.000,DEBIT,PAUL TUNIS,Paul,Tunis,TN,Dining,POS Card,True,,TND,2503.770,False,False,
TXN_000068,2024-02-06,11:37:35,54.970,DEBIT,DR TRABELSI CONSULT 60885,Cabinet Dr Trabelsi,Tunis,TN,Healthcare,POS Card,True,,TND,2448.800,False,False,
TXN_000069,2024-02-06,18:17:24,25.950,DEBIT,EPICERIE BEN SALEM ARIANA,Epicerie Ben Salem,Ariana,TN,Groceries,POS Card,True,,TND,2422.850,False,False,
TXN_000070,2024-02-07,14:08:50,40.000,DEBIT,RETRAIT GAB AMEN BANK BEN AROUS,ATM Withdrawal,Ben Arous,TN,Cash Withdrawal,ATM,True,,TND,2382.850,False,False,
TXN_000071,2024-02-08,07:48:03,7.000,DEBIT,BOLT *TRIP 71384,Bolt,Ariana,TN,Transportation,Online Card,False,DEV_A1,TND,2375.850,False,False,
TXN_000072,2024-02-08,19:05:32,12.040,DEBIT,BOLT *TRIP 50485,Bolt,La Marsa,TN,Transportation,Online Card,False,DEV_A1,TND,2363.810,False,False,
TXN_000073,2024-02-08,20:52:06,35.000,DEBIT,PATHE TUNIS CITY,Pathe Tunis City,Tunis,TN,Entertainment,POS Card,True,,TND,2328.810,False,False,
TXN_000074,2024-02-09,01:05:33,65.000,DEBIT,FITNESS ZONE ARIANA ABONNEMENT,Fitness Zone,Ariana,TN,Subscriptions,Direct Debit,,,TND,2263.810,True,False,
TXN_000075,2024-02-09,04:57:55,4.200,DEBIT,APPLE.COM/BILL,Apple,Online,IE,Subscriptions,Online Card,False,DEV_A1,TND,2259.610,True,False,
TXN_000076,2024-02-09,17:54:11,13.000,DEBIT,BOLT RIDE TUNIS,Bolt,Ariana,TN,Transportation,Online Card,False,DEV_A1,TND,2246.610,False,False,
TXN_000077,2024-02-10,05:21:34,36.000,DEBIT,TT FIXE INTERNET 98114,Tunisie Telecom,Online,TN,Utilities,Direct Debit,,,TND,2210.610,True,False,
TXN_000078,2024-02-10,19:36:58,10.050,DEBIT,BOLT *TRIP 2803,Bolt,Ariana,TN,Transportation,Online Card,False,DEV_A1,TND,2200.560,False,False,
TXN_000079,2024-02-13,09:34:52,5.950,DEBIT,CAFE EL MENZAH,Cafe El Menzah,Tunis,TN,Dining,POS Card,True,,TND,2194.610,False,False,
TXN_000080,2024-02-14,01:53:04,29.900,DEBIT,NETFLIX.COM AMSTERDAM,Netflix,Online,NL,Subscriptions,Online Card,False,DEV_A1,TND,2164.710,True,False,
TXN_000081,2024-02-14,10:13:20,2.610,DEBIT,SMART PARKING LAC 52462,Parking,Tunis,TN,Transportation,POS Card,True,,TND,2162.100,False,False,
TXN_000082,2024-02-14,11:30:43,10.300,DEBIT,EPICERIE BEN SALEM,Epicerie Ben Salem,Ariana,TN,Groceries,POS Card,True,,TND,2151.800,False,False,
TXN_000083,2024-02-14,12:40:00,286.500,DEBIT,LE GRILL LA MARSA #5521,Le Grill,La Marsa,TN,Dining,POS Card,True,,TND,1865.300,False,False,
TXN_000084,2024-02-14,18:25:46,4.950,DEBIT,BOLT RIDE TUNIS,Bolt,La Marsa,TN,Transportation,Online Card,False,DEV_A1,TND,1860.350,False,False,
TXN_000085,2024-02-15,03:47:19,36.500,DEBIT,GAT ASSURANCE SANTE,GAT Assurances,Tunis,TN,Insurance,Direct Debit,,,TND,1823.850,True,False,
TXN_000086,2024-02-16,04:54:49,35.270,DEBIT,OOREDOO TUNISIE FACTURE 24050,Ooredoo,Online,TN,Utilities,Direct Debit,,,TND,1788.580,True,False,
TXN_000087,2024-02-16,11:19:19,6.150,DEBIT,BOULANGERIE LE FOURNIL,Boulangerie Le Fournil,Tunis,TN,Groceries,POS Card,True,,TND,1782.430,False,False,
TXN_000088,2024-02-16,18:27:37,11.950,DEBIT,EPICERIE BEN SALEM ARIANA,Epicerie Ben Salem,Ariana,TN,Groceries,POS Card,True,,TND,1770.480,False,False,
TXN_000089,2024-02-17,09:44:16,8.200,DEBIT,COFFEE BREAK ARIANA,Coffee Break,Ariana,TN,Dining,POS Card,True,,TND,1762.280,False,False,
TXN_000090,2024-02-18,12:46:19,11.240,DEBIT,EPICERIE BEN SALEM,Epicerie Ben Salem,Ariana,TN,Groceries,POS Card,True,,TND,1751.040,False,False,
TXN_000091,2024-02-18,16:26:57,9.240,DEBIT,ORANGE TUNISIE RECHARGE 17383,Orange,Online,TN,Utilities,Online Card,False,DEV_A1,TND,1741.800,False,False,
TXN_000092,2024-02-18,19:00:17,40.000,DEBIT,SHELL ARIANA,Shell,Ariana,TN,Fuel,POS Card,True,,TND,1701.800,False,False,
TXN_000093,2024-02-18,19:02:07,24.090,DEBIT,UBER TRIP HELP.UBER.COM,Uber,Tunis,TN,Transportation,Online Card,False,DEV_B2,TND,1677.710,False,False,
TXN_000094,2024-02-19,03:34:56,46.140,DEBIT,SONEDE FACTURE EAU,SONEDE,Online,TN,Utilities,Direct Debit,,,TND,1631.570,True,False,
TXN_000095,2024-02-19,08:47:14,8.000,DEBIT,BOULANGERIE LE FOURNIL TUNIS,Boulangerie Le Fournil,Tunis,TN,Groceries,POS Card,True,,TND,1623.570,False,False,
TXN_000096,2024-02-19,11:18:52,5.430,DEBIT,TPE CAFE EL MENZAH 66605,Cafe El Menzah,Tunis,TN,Dining,POS Card,True,,TND,1618.140,False,False,
TXN_000097,2024-02-20,08:17:20,12.500,DEBIT,COFFEE BREAK ARIANA,Coffee Break,Ariana,TN,Dining,POS Card,True,,TND,1605.640,False,False,
TXN_000098,2024-02-20,17:08:12,7.390,DEBIT,COFFEE BREAK TUNIS,Coffee Break,Tunis,TN,Dining,POS Card,True,,TND,1598.250,False,False,
TXN_000099,2024-02-21,16:50:19,11.750,DEBIT,TPE CAFE EL MENZAH 47489,Cafe El Menzah,Tunis,TN,Dining,POS Card,True,,TND,1586.500,False,False,
TXN_000100,2024-02-22,01:21:12,18.500,DEBIT,SPOTIFY AB STOCKHOLM,Spotify,Online,SE,Subscriptions,Online Card,False,DEV_A1,TND,1568.000,True,False,
TXN_000101,2024-02-22,11:02:38,7.000,DEBIT,Coffee Break Tunis,Coffee Break,Tunis,TN,Dining,POS Card,True,,TND,1561.000,False,False,
TXN_000102,2024-02-22,13:51:33,57.300,DEBIT,RESTAURANT LE PORT CARTHAGE,Restaurant Le Port,Carthage,TN,Dining,POS Card,True,,TND,1503.700,False,False,
TXN_000103,2024-02-22,15:19:40,8.880,DEBIT,Coffee Break Tunis,Coffee Break,Tunis,TN,Dining,POS Card,True,,TND,1494.820,False,False,
TXN_000104,2024-02-23,14:54:47,9.600,DEBIT,PAIEMENT PAUL 4302,Paul,Tunis,TN,Dining,POS Card,True,,TND,1485.220,False,False,
TXN_000105,2024-02-23,14:58:33,10.000,DEBIT,RECHARGE DATA ORANGE,Orange,Online,TN,Utilities,Online Card,False,DEV_A1,TND,1475.220,False,False,
TXN_000106,2024-02-23,20:25:31,9.200,DEBIT,EPICERIE BEN SALEM ARIANA,Epicerie Ben Salem,Ariana,TN,Groceries,POS Card,True,,TND,1466.020,False,False,
TXN_000107,2024-02-24,10:56:53,170.000,DEBIT,RETRAIT GAB AMEN BANK LA MARSA,ATM Withdrawal,La Marsa,TN,Cash Withdrawal,ATM,True,,TND,1296.020,False,False,
TXN_000108,2024-02-24,12:02:47,36.200,DEBIT,GLOVO*33379,Glovo,Online,TN,Dining,Online Card,False,DEV_A1,TND,1259.820,False,False,
TXN_000109,2024-02-24,19:54:15,25.900,DEBIT,CINEMAS PATHE 95910,Pathe Tunis City,Tunis,TN,Entertainment,POS Card,True,,TND,1233.920,False,False,
TXN_000110,2024-02-25,13:47:35,28.950,DEBIT,GLOVO*59959,Glovo,Online,TN,Dining,Online Card,False,DEV_A1,TND,1204.970,False,False,
TXN_000111,2024-02-26,09:48:49,12.500,DEBIT,COFFEE BREAK TUNIS,Coffee Break,Tunis,TN,Dining,POS Card,True,,TND,1192.470,False,False,
TXN_000112,2024-02-27,06:42:01,3312.500,CREDIT,VIR SALAIRE NEXORA SOLUTIONS,Nexora Solutions,Online,TN,Salary,Bank Transfer,,,TND,4504.970,True,False,
TXN_000113,2024-02-27,13:48:26,50.000,DEBIT,CABINET DR TRABELSI,Cabinet Dr Trabelsi,Tunis,TN,Healthcare,POS Card,True,,TND,4454.970,False,False,
TXN_000114,2024-02-28,00:46:37,1500.000,DEBIT,VIR PERMANENT EPARGNE,Savings Account,Online,TN,Transfer,Standing Order,,,TND,2954.970,True,False,
TXN_000115,2024-02-28,10:46:56,8.000,DEBIT,SMART PARKING LAC 12901,Parking,Ariana,TN,Transportation,POS Card,True,,TND,2946.970,False,False,
TXN_000116,2024-02-29,04:55:21,4.500,DEBIT,COMMISSION TENUE COMPTE 78916,Bank Fees,Online,TN,Other,Direct Debit,,,TND,2942.470,True,False,
TXN_000117,2024-02-29,10:36:54,50.000,DEBIT,FLOUCI P2P 95750,Friend Transfer,Online,TN,Transfer,Mobile Wallet,False,DEV_A1,TND,2892.470,False,False,
TXN_000118,2024-03-01,01:14:22,100.000,CREDIT,VIREMENT EPARGNE VERS COMPTE COURANT,Savings Account,Online,TN,Transfer,Standing Order,,,TND,2992.470,False,False,
TXN_000119,2024-03-01,08:36:42,10.200,DEBIT,BOULANGERIE LE FOURNIL,Boulangerie Le Fournil,Tunis,TN,Groceries,POS Card,True,,TND,2982.270,False,False,
TXN_000120,2024-03-02,02:26:27,720.000,DEBIT,VIR PERMANENT STE IMMOBILIERE,STE Immobiliere,Ariana,TN,Rent,Standing Order,,,TND,2262.270,True,False,
TXN_000121,2024-03-02,10:12:54,10.370,DEBIT,PAUL LA MARSA,Paul,La Marsa,TN,Dining,POS Card,True,,TND,2251.900,False,False,
TXN_000122,2024-03-03,17:56:25,78.300,DEBIT,PHCIE CENTRALE 88691,Pharmacie Centrale,Ariana,TN,Healthcare,POS Card,True,,TND,2173.600,False,False,
TXN_000123,2024-03-03,18:39:46,120.000,DEBIT,RETRAIT DAB BIAT LA MARSA,ATM Withdrawal,La Marsa,TN,Cash Withdrawal,ATM,True,,TND,2053.600,False,False,
TXN_000124,2024-03-04,03:07:48,412.600,DEBIT,STAR ASSURANCES AUTO,STAR Assurances,Tunis,TN,Insurance,Direct Debit,,,TND,1641.000,True,False,
TXN_000125,2024-03-04,11:22:25,15.940,DEBIT,PHARMACIE CENTRALE ARIANA,Pharmacie Centrale,Ariana,TN,Healthcare,POS Card,True,,TND,1625.060,False,False,
TXN_000126,2024-03-04,16:29:24,9.000,DEBIT,EPICERIE BEN SALEM ARIANA,Epicerie Ben Salem,Ariana,TN,Groceries,POS Card,True,,TND,1616.060,False,False,
TXN_000127,2024-03-05,14:29:51,8.300,DEBIT,COFFEE BREAK TUNIS,Coffee Break,Tunis,TN,Dining,POS Card,True,,TND,1607.760,False,False,
TXN_000128,2024-03-07,17:52:12,8.310,DEBIT,COFFEE BREAK TUNIS,Coffee Break,Tunis,TN,Dining,POS Card,True,,TND,1599.450,False,False,
TXN_000129,2024-03-08,01:24:25,65.000,DEBIT,FITNESS ZONE MEMBERSHIP,Fitness Zone,La Marsa,TN,Subscriptions,Direct Debit,,,TND,1534.450,True,False,
TXN_000130,2024-03-08,02:00:16,36.000,DEBIT,TUNISIE TELECOM ADSL FACTURE,Tunisie Telecom,Online,TN,Utilities,Direct Debit,,,TND,1498.450,True,False,
TXN_000131,2024-03-08,07:29:22,4.800,DEBIT,BOULANGERIE LE FOURNIL,Boulangerie Le Fournil,Ariana,TN,Groceries,POS Card,True,,TND,1493.650,False,False,
TXN_000132,2024-03-08,13:01:26,190.970,DEBIT,VIREMENT EMIS MAMAN,Family Transfer,Online,TN,Transfer,Bank Transfer,,DEV_A1,TND,1302.680,False,False,
TXN_000133,2024-03-09,02:03:27,4.200,DEBIT,ICLOUD+ 50GB,Apple,Online,IE,Subscriptions,Online Card,False,DEV_A1,TND,1298.480,True,False,
TXN_000134,2024-03-09,12:09:56,492.350,DEBIT,CARREFOUR LA MARSA #32494,Carrefour,La Marsa,TN,Groceries,POS Card,True,,TND,806.130,False,False,
TXN_000135,2024-03-10,17:10:15,11.500,DEBIT,BOLT *TRIP 89147,Bolt,Ariana,TN,Transportation,Online Card,False,DEV_A1,TND,794.630,False,False,
TXN_000136,2024-03-11,02:24:57,79.230,DEBIT,STEG FACTURE ELEC GAZ,STEG,Online,TN,Utilities,Direct Debit,,,TND,715.400,True,False,
TXN_000137,2024-03-11,08:21:57,5.310,DEBIT,Coffee Break Ariana,Coffee Break,Ariana,TN,Dining,POS Card,True,,TND,710.090,False,False,
TXN_000138,2024-03-12,12:31:49,80.000,DEBIT,ATM WDL 74387 TUNIS,ATM Withdrawal,Tunis,TN,Cash Withdrawal,ATM,True,,TND,630.090,False,False,
TXN_000139,2024-03-12,15:42:32,3.260,DEBIT,PARKING TUNIS,Parking,Tunis,TN,Transportation,POS Card,True,,TND,626.830,False,False,
TXN_000140,2024-03-12,22:12:48,32.250,DEBIT,GLOVO*58304,Glovo,Online,TN,Dining,Online Card,False,DEV_A1,TND,594.580,False,False,
TXN_000141,2024-03-14,01:45:47,29.900,DEBIT,NETFLIX.COM,Netflix,Online,NL,Subscriptions,Online Card,False,DEV_B2,TND,564.680,True,False,
TXN_000142,2024-03-14,11:43:23,38.000,DEBIT,JUMIA.COM.TN,Jumia,Online,TN,Shopping,Online Card,False,DEV_A1,TND,526.680,False,False,
TXN_000143,2024-03-14,17:37:33,30.000,DEBIT,PAUL LA MARSA,Paul,La Marsa,TN,Dining,POS Card,True,,TND,496.680,False,False,
TXN_000144,2024-03-15,03:40:31,36.500,DEBIT,GAT ASSURANCES PRELEVEMENT,GAT Assurances,Tunis,TN,Insurance,Direct Debit,,,TND,460.180,True,False,
TXN_000145,2024-03-15,12:32:19,8.550,DEBIT,BOLT *TRIP 61337,Bolt,La Marsa,TN,Transportation,Online Card,False,DEV_A1,TND,451.630,False,False,
TXN_000146,2024-03-15,16:12:15,12.200,DEBIT,Coffee Break Ariana,Coffee Break,Ariana,TN,Dining,POS Card,True,,TND,439.430,False,False,
TXN_000147,2024-03-17,04:26:39,34.880,DEBIT,OOREDOO BILL PAYMENT,Ooredoo,Online,TN,Utilities,Direct Debit,,,TND,404.550,True,False,
TXN_000148,2024-03-18,09:25:32,81.150,DEBIT,AGIL TUNIS,Agil,Tunis,TN,Fuel,POS Card,True,,TND,323.400,False,False,
TXN_000149,2024-03-19,08:44:52,6.550,DEBIT,COFFEE BREAK TUNIS,Coffee Break,Tunis,TN,Dining,POS Card,True,,TND,316.850,False,False,
TXN_000150,2024-03-20,07:21:24,7.000,DEBIT,BOULANGERIE LE FOURNIL ARIANA,Boulangerie Le Fournil,Ariana,TN,Groceries,POS Card,True,,TND,309.850,False,False,
TXN_000151,2024-03-20,13:07:32,2.040,DEBIT,SMART PARKING LAC 34955,Parking,Tunis,TN,Transportation,POS Card,True,,TND,307.810,False,False,
TXN_000152,2024-03-20,17:15:33,1.550,DEBIT,PARKING ARIANA,Parking,Ariana,TN,Transportation,POS Card,True,,TND,306.260,False,False,
TXN_000153,2024-03-21,07:49:01,3.700,DEBIT,BOLT RIDE TUNIS,Bolt,Tunis,TN,Transportation,Online Card,False,DEV_A1,TND,302.560,False,False,
TXN_000154,2024-03-22,05:28:27,18.500,DEBIT,SPOTIFY AB STOCKHOLM,Spotify,Online,SE,Subscriptions,Online Card,False,DEV_A1,TND,284.060,True,False,
TXN_000155,2024-03-22,15:21:09,64.900,CREDIT,REFUND AMAZON MARKETPLACE,Amazon,Online,TN,Shopping,Online Card,False,DEV_A1,TND,348.960,False,False,
TXN_000156,2024-03-23,22:26:18,20.600,DEBIT,CINEMAS PATHE 46725,Pathe Tunis City,Tunis,TN,Entertainment,POS Card,True,,TND,328.360,False,False,
TXN_000157,2024-03-25,07:54:36,3.380,DEBIT,TPE CAFE EL MENZAH 7799,Cafe El Menzah,Tunis,TN,Dining,POS Card,True,,TND,324.980,False,False,
TXN_000158,2024-03-25,08:04:35,10.850,DEBIT,Coffee Break Tunis,Coffee Break,Tunis,TN,Dining,POS Card,True,,TND,314.130,False,False,
TXN_000159,2024-03-26,07:04:09,3260.000,CREDIT,VIR SALAIRE NEXORA SOLUTIONS,Nexora Solutions,Online,TN,Salary,Bank Transfer,,,TND,3574.130,True,False,
TXN_000160,2024-03-26,19:28:28,8.000,DEBIT,EPICERIE BEN SALEM ARIANA,Epicerie Ben Salem,Ariana,TN,Groceries,POS Card,True,,TND,3566.130,False,False,
TXN_000161,2024-03-27,05:28:07,1150.000,DEBIT,VIREMENT COMPTE EPARGNE 12655,Savings Account,Online,TN,Transfer,Standing Order,,,TND,2416.130,True,False,
TXN_000162,2024-03-27,10:12:47,7.400,DEBIT,COFFEE BREAK TUNIS,Coffee Break,Tunis,TN,Dining,POS Card,True,,TND,2408.730,False,False,
TXN_000163,2024-03-27,19:57:57,28.700,DEBIT,UBER TRIP HELP.UBER.COM,Uber,Ariana,TN,Transportation,Online Card,False,DEV_B2,TND,2380.030,False,False,
TXN_000164,2024-03-28,08:36:50,9.400,DEBIT,Coffee Break Ariana,Coffee Break,Ariana,TN,Dining,POS Card,True,,TND,2370.630,False,False,
TXN_000165,2024-03-29,09:53:29,6.080,DEBIT,Coffee Break Ariana,Coffee Break,Ariana,TN,Dining,POS Card,True,,TND,2364.550,False,False,
TXN_000166,2024-03-29,15:50:39,10.000,DEBIT,COFFEE BREAK TUNIS,Coffee Break,Tunis,TN,Dining,POS Card,True,,TND,2354.550,False,False,
TXN_000167,2024-03-30,04:35:17,4.800,DEBIT,COMMISSION TENUE COMPTE 30181,Bank Fees,Online,TN,Other,Direct Debit,,,TND,2349.750,True,False,
TXN_000168,2024-03-30,10:03:03,10.150,DEBIT,Coffee Break Ariana,Coffee Break,Ariana,TN,Dining,POS Card,True,,TND,2339.600,False,False,
TXN_000169,2024-03-30,12:40:10,11.730,DEBIT,EPICERIE BEN SALEM ARIANA,Epicerie Ben Salem,Ariana,TN,Groceries,POS Card,True,,TND,2327.870,False,False,
TXN_000170,2024-03-31,10:24:19,5.850,DEBIT,BOULANGERIE LE FOURNIL,Boulangerie Le Fournil,Tunis,TN,Groceries,POS Card,True,,TND,2322.020,False,False,
TXN_000171,2024-03-31,15:30:14,5.300,CREDIT,CASHBACK CARTE DEBIT,Card Cashback,Online,TN,Other,Online Card,False,DEV_A1,TND,2327.320,False,False,
TXN_000172,2024-03-31,20:55:13,81.500,DEBIT,LC WAIKIKI ARIANA,LC Waikiki,Ariana,TN,Shopping,POS Card,True,,TND,2245.820,False,False,
TXN_000173,2024-04-01,03:44:25,1550.000,CREDIT,VIREMENT EPARGNE VERS COMPTE COURANT,Savings Account,Online,TN,Transfer,Standing Order,,,TND,3795.820,False,False,
TXN_000174,2024-04-02,09:04:54,127.500,DEBIT,VIREMENT EMIS MAMAN,Family Transfer,Online,TN,Transfer,Bank Transfer,,DEV_B2,TND,3668.320,False,False,
TXN_000175,2024-04-02,14:23:19,50.750,DEBIT,JUMIA.COM.TN,Jumia,Online,TN,Shopping,Online Card,False,DEV_A1,TND,3617.570,False,False,
TXN_000176,2024-04-03,00:31:45,720.000,DEBIT,STE IMMOBILIERE LOYER,STE Immobiliere,Ariana,TN,Rent,Standing Order,,,TND,2897.570,True,False,
TXN_000177,2024-04-05,12:56:11,41.000,DEBIT,RESTAURANT LE PORT TUNIS,Restaurant Le Port,Tunis,TN,Dining,POS Card,True,,TND,2856.570,False,False,
TXN_000178,2024-04-05,17:55:52,16.500,DEBIT,BOLT RIDE TUNIS,Bolt,Ariana,TN,Transportation,Online Card,False,DEV_A1,TND,2840.070,False,False,
TXN_000179,2024-04-06,04:50:00,65.000,DEBIT,FITNESS ZONE ARIANA ABONNEMENT,Fitness Zone,Ariana,TN,Subscriptions,Direct Debit,,,TND,2775.070,True,False,
TXN_000180,2024-04-06,10:23:15,5.580,DEBIT,BOULANGERIE LE FOURNIL,Boulangerie Le Fournil,Ariana,TN,Groceries,POS Card,True,,TND,2769.490,False,False,
TXN_000181,2024-04-06,17:39:33,26.530,DEBIT,EPICERIE BEN SALEM,Epicerie Ben Salem,Ariana,TN,Groceries,POS Card,True,,TND,2742.960,False,False,
TXN_000182,2024-04-07,17:58:08,8.000,DEBIT,BOLT RIDE TUNIS,Bolt,Tunis,TN,Transportation,Online Card,False,DEV_A1,TND,2734.960,False,False,
TXN_000183,2024-04-07,19:07:58,46.000,DEBIT,LCW 3667,LC Waikiki,Tunis,TN,Shopping,POS Card,True,,TND,2688.960,False,False,
TXN_000184,2024-04-07,19:49:23,6.720,DEBIT,UBER *TRIP 4920,Uber,Tunis,TN,Transportation,Online Card,False,DEV_A1,TND,2682.240,False,False,
TXN_000185,2024-04-08,15:27:38,8.000,DEBIT,COFFEE BREAK TUNIS,Coffee Break,Tunis,TN,Dining,POS Card,True,,TND,2674.240,False,False,
TXN_000186,2024-04-08,20:00:06,23.150,DEBIT,MCDONALDS LA MARSA,McDonald's,La Marsa,TN,Dining,POS Card,True,,TND,2651.090,False,False,
TXN_000187,2024-04-09,01:24:09,36.000,DEBIT,TT FIXE INTERNET 73739,Tunisie Telecom,Online,TN,Utilities,Direct Debit,,,TND,2615.090,True,False,
TXN_000188,2024-04-09,04:10:07,4.200,DEBIT,APPLE.COM/BILL,Apple,Online,IE,Subscriptions,Online Card,False,DEV_B2,TND,2610.890,True,False,
TXN_000189,2024-04-09,09:09:25,70.000,DEBIT,ATM WDL 65620 ARIANA,ATM Withdrawal,Ariana,TN,Cash Withdrawal,ATM,True,,TND,2540.890,False,False,
TXN_000190,2024-04-10,10:36:23,3.000,DEBIT,Coffee Break Ariana,Coffee Break,Ariana,TN,Dining,POS Card,True,,TND,2537.890,False,False,
TXN_000191,2024-04-10,18:57:40,1.900,DEBIT,PARKING TUNIS,Parking,Tunis,TN,Transportation,POS Card,True,,TND,2535.990,False,False,
TXN_000192,2024-04-11,09:15:47,22.310,DEBIT,UBER *TRIP 8827,Uber,Tunis,TN,Transportation,Online Card,False,DEV_A1,TND,2513.680,False,False,
TXN_000193,2024-04-11,09:17:06,7.950,DEBIT,BOLT RIDE TUNIS,Bolt,La Marsa,TN,Transportation,Online Card,False,DEV_A1,TND,2505.730,False,False,
TXN_000194,2024-04-11,17:04:27,6.500,DEBIT,PARKING TUNIS,Parking,Tunis,TN,Transportation,POS Card,True,,TND,2499.230,False,False,
TXN_000195,2024-04-11,17:43:29,6.000,DEBIT,PARKING ARIANA,Parking,Ariana,TN,Transportation,POS Card,True,,TND,2493.230,False,False,
TXN_000196,2024-04-12,10:22:06,22.000,DEBIT,PAIEMENT PAUL 52387,Paul,La Marsa,TN,Dining,POS Card,True,,TND,2471.230,False,False,
TXN_000197,2024-04-12,13:30:10,132.000,DEBIT,AGIL ARIANA,Agil,Ariana,TN,Fuel,POS Card,True,,TND,2339.230,False,False,
TXN_000198,2024-04-12,16:19:11,1000.000,DEBIT,RETRAIT ESPECES GUICHET BIAT ARIANA,ATM Withdrawal,Ariana,TN,Cash Withdrawal,ATM,True,,TND,1339.230,False,False,
TXN_000199,2024-04-13,14:13:32,72.950,DEBIT,SHELL LA MARSA,Shell,La Marsa,TN,Fuel,POS Card,True,,TND,1266.280,False,False,
TXN_000200,2024-04-14,05:48:45,29.900,DEBIT,NETFLIX.COM,Netflix,Online,NL,Subscriptions,Online Card,False,DEV_A1,TND,1236.380,True,False,
TXN_000201,2024-04-14,09:07:58,9.500,DEBIT,BOLT *TRIP 14452,Bolt,Ariana,TN,Transportation,Online Card,False,DEV_A1,TND,1226.880,False,False,
TXN_000202,2024-04-14,15:48:26,79.250,DEBIT,Carrefour Tunis,Carrefour,Tunis,TN,Groceries,POS Card,True,,TND,1147.630,False,False,
TXN_000203,2024-04-15,03:59:31,36.500,DEBIT,GAT ASSURANCES PRELEVEMENT,GAT Assurances,Tunis,TN,Insurance,Direct Debit,,,TND,1111.130,True,False,
TXN_000204,2024-04-15,09:51:55,5.000,DEBIT,Coffee Break Ariana,Coffee Break,Ariana,TN,Dining,POS Card,True,,TND,1106.130,False,False,
TXN_000205,2024-04-15,16:35:10,60.000,DEBIT,ATM WDL 25296 BEN AROUS,ATM Withdrawal,Ben Arous,TN,Cash Withdrawal,ATM,True,,TND,1046.130,False,False,
TXN_000206,2024-04-16,08:13:26,15.250,DEBIT,UBER *TRIP 58004,Uber,Ariana,TN,Transportation,Online Card,False,DEV_A1,TND,1030.880,False,False,
TXN_000207,2024-04-18,07:20:53,5.250,DEBIT,UBER TRIP HELP.UBER.COM,Uber,Ariana,TN,Transportation,Online Card,False,DEV_A1,TND,1025.630,False,False,
TXN_000208,2024-04-18,08:07:13,4.590,DEBIT,PARKING ARIANA,Parking,Ariana,TN,Transportation,POS Card,True,,TND,1021.040,False,False,
TXN_000209,2024-04-18,17:25:01,5.000,DEBIT,Coffee Break Ariana,Coffee Break,Ariana,TN,Dining,POS Card,True,,TND,1016.040,False,False,
TXN_000210,2024-04-19,04:00:31,34.450,DEBIT,OOREDOO BILL PAYMENT,Ooredoo,Online,TN,Utilities,Direct Debit,,,TND,981.590,True,False,
TXN_000211,2024-04-19,07:10:34,3.000,DEBIT,BOLT *TRIP 55277,Bolt,Tunis,TN,Transportation,Online Card,False,DEV_A1,TND,978.590,False,False,
TXN_000212,2024-04-19,07:38:46,10.000,DEBIT,BOULANGERIE LE FOURNIL,Boulangerie Le Fournil,Ariana,TN,Groceries,POS Card,True,,TND,968.590,False,False,
TXN_000213,2024-04-19,16:44:27,20.800,DEBIT,PHCIE CENTRALE 45929,Pharmacie Centrale,Ariana,TN,Healthcare,POS Card,True,,TND,947.790,False,False,
TXN_000214,2024-04-19,16:53:56,8.600,DEBIT,BOLT *TRIP 1488,Bolt,La Marsa,TN,Transportation,Online Card,False,DEV_A1,TND,939.190,False,False,
TXN_000215,2024-04-19,21:58:58,95.400,DEBIT,RESTAURANT LE PORT CARTHAGE,Restaurant Le Port,Carthage,TN,Dining,POS Card,True,,TND,843.790,False,False,
TXN_000216,2024-04-20,10:03:44,18.000,DEBIT,BOLT *TRIP 46672,Bolt,Ariana,TN,Transportation,Online Card,False,DEV_A1,TND,825.790,False,False,
TXN_000217,2024-04-20,10:44:33,330.000,DEBIT,VIREMENT EMIS MAMAN,Family Transfer,Online,TN,Transfer,Bank Transfer,,DEV_A1,TND,495.790,False,False,
TXN_000218,2024-04-20,11:23:35,5.400,DEBIT,BOULANGERIE LE FOURNIL,Boulangerie Le Fournil,Ariana,TN,Groceries,POS Card,True,,TND,490.390,False,False,
TXN_000219,2024-04-22,01:34:18,18.500,DEBIT,SPOTIFY PREMIUM,Spotify,Online,SE,Subscriptions,Online Card,False,DEV_A1,TND,471.890,True,False,
TXN_000220,2024-04-22,07:33:08,3.850,DEBIT,BOLT *TRIP 76400,Bolt,Ariana,TN,Transportation,Online Card,False,DEV_A1,TND,468.040,False,False,
TXN_000221,2024-04-23,08:33:19,14.100,DEBIT,Coffee Break Tunis,Coffee Break,Tunis,TN,Dining,POS Card,True,,TND,453.940,False,False,
TXN_000222,2024-04-23,10:43:13,95.000,DEBIT,TOTAL SERVICE STATION LA MARSA #76840,TotalEnergies,La Marsa,TN,Fuel,POS Card,True,,TND,358.940,False,False,
TXN_000223,2024-04-23,16:17:55,15.450,DEBIT,PAUL TUNIS,Paul,Tunis,TN,Dining,POS Card,True,,TND,343.490,False,False,
TXN_000224,2024-04-25,12:24:50,1.550,DEBIT,PARKING ARIANA,Parking,Ariana,TN,Transportation,POS Card,True,,TND,341.940,False,False,
TXN_000225,2024-04-25,13:37:35,51.600,DEBIT,RESTAURANT LE PORT,Restaurant Le Port,Tunis,TN,Dining,POS Card,True,,TND,290.340,False,False,
TXN_000226,2024-04-26,08:17:45,3200.000,CREDIT,SALARY CREDIT,Nexora Solutions,Online,TN,Salary,Bank Transfer,,,TND,3490.340,True,False,
TXN_000227,2024-04-27,04:58:05,1500.000,DEBIT,VIREMENT COMPTE EPARGNE 36851,Savings Account,Online,TN,Transfer,Standing Order,,,TND,1990.340,True,False,
TXN_000228,2024-04-28,13:32:32,37.250,DEBIT,GLOVO TUNIS,Glovo,Online,TN,Dining,Online Card,False,DEV_A1,TND,1953.090,False,False,
TXN_000229,2024-04-29,07:47:10,17.600,DEBIT,CAFE EL MENZAH,Cafe El Menzah,Tunis,TN,Dining,POS Card,True,,TND,1935.490,False,False,
TXN_000230,2024-04-29,10:58:57,18.000,DEBIT,PAUL LA MARSA,Paul,La Marsa,TN,Dining,POS Card,True,,TND,1917.490,False,False,
TXN_000231,2024-04-29,13:01:56,206.834,DEBIT,BIJOUTERIE LUMIERE PARIS FR,Bijouterie Lumiere,Paris,FR,Shopping,POS Card,True,,TND,1710.656,False,True,impossible_travel
TXN_000232,2024-04-29,13:18:41,134.730,DEBIT,ELECTRO DEPOT PARIS PARIS FR,Electro Depot Paris,Paris,FR,Electronics,POS Card,True,,TND,1575.926,False,True,impossible_travel
TXN_000233,2024-04-30,03:20:52,4.500,DEBIT,COMMISSION TENUE COMPTE 42879,Bank Fees,Online,TN,Other,Direct Debit,,,TND,1571.426,True,False,
TXN_000234,2024-04-30,15:33:24,8.830,DEBIT,PARKING ARIANA,Parking,Ariana,TN,Transportation,POS Card,True,,TND,1562.596,False,False,
TXN_000235,2024-05-01,00:31:57,400.000,CREDIT,VIREMENT EPARGNE VERS COMPTE COURANT,Savings Account,Online,TN,Transfer,Standing Order,,,TND,1962.596,False,False,
TXN_000236,2024-05-01,15:46:14,3.670,DEBIT,TPE CAFE EL MENZAH 60202,Cafe El Menzah,Tunis,TN,Dining,POS Card,True,,TND,1958.926,False,False,
TXN_000237,2024-05-02,05:06:21,720.000,DEBIT,STE IMMOBILIERE LOYER,STE Immobiliere,Ariana,TN,Rent,Standing Order,,,TND,1238.926,True,False,
TXN_000238,2024-05-03,08:14:31,5.650,DEBIT,BOULANGERIE LE FOURNIL ARIANA,Boulangerie Le Fournil,Ariana,TN,Groceries,POS Card,True,,TND,1233.276,False,False,
TXN_000239,2024-05-03,09:46:47,13.000,DEBIT,BOULANGERIE LE FOURNIL,Boulangerie Le Fournil,Tunis,TN,Groceries,POS Card,True,,TND,1220.276,False,False,
TXN_000240,2024-05-03,13:42:30,13.420,DEBIT,GLOVO TUNIS,Glovo,Online,TN,Dining,Online Card,False,DEV_B2,TND,1206.856,False,False,
TXN_000241,2024-05-04,19:24:13,51.400,DEBIT,JUMIA.COM.TN,Jumia,Online,TN,Shopping,Online Card,False,DEV_A1,TND,1155.456,False,False,
TXN_000242,2024-05-05,20:07:39,14.750,DEBIT,GLOVO*76112,Glovo,Online,TN,Dining,Online Card,False,DEV_A1,TND,1140.706,False,False,
TXN_000243,2024-05-06,03:21:15,65.000,DEBIT,FITNESS ZONE LA MARSA ABONNEMENT,Fitness Zone,La Marsa,TN,Subscriptions,Direct Debit,,,TND,1075.706,True,False,
TXN_000244,2024-05-07,10:03:40,4.640,DEBIT,Coffee Break Tunis,Coffee Break,Tunis,TN,Dining,POS Card,True,,TND,1071.066,False,False,
TXN_000245,2024-05-08,09:19:53,4.300,DEBIT,COFFEE BREAK TUNIS,Coffee Break,Tunis,TN,Dining,POS Card,True,,TND,1066.766,False,False,
TXN_000246,2024-05-08,17:32:23,60.000,DEBIT,INDITEX ZARA 12160,Zara,Tunis,TN,Shopping,POS Card,True,,TND,1006.766,False,False,
TXN_000247,2024-05-09,04:50:26,4.200,DEBIT,ICLOUD+ 50GB,Apple,Online,IE,Subscriptions,Online Card,False,DEV_A1,TND,1002.566,True,False,
TXN_000248,2024-05-09,15:31:10,16.100,DEBIT,CAFE EL MENZAH,Cafe El Menzah,Tunis,TN,Dining,POS Card,True,,TND,986.466,False,False,
TXN_000249,2024-05-10,12:25:45,38.000,DEBIT,MCDONALDS ARIANA,McDonald's,Ariana,TN,Dining,POS Card,True,,TND,948.466,False,False,
TXN_000250,2024-05-10,14:15:54,55.650,DEBIT,TOTALENERGIES LA MARSA,TotalEnergies,La Marsa,TN,Fuel,POS Card,True,,TND,892.816,False,False,
TXN_000251,2024-05-11,11:45:32,341.564,CREDIT,REMBOURSEMENT LITIGE CARTE,Bank Dispute Reimbursement,Tunis,TN,Other,Bank Transfer,,,TND,1234.380,,False,
TXN_000252,2024-05-11,13:47:32,107.450,DEBIT,RESTAURANT LE PORT,Restaurant Le Port,Tunis,TN,Dining,POS Card,True,,TND,1126.930,False,False,
TXN_000253,2024-05-11,20:53:12,59.900,DEBIT,RESTAURANT LE PORT CARTHAGE,Restaurant Le Port,Carthage,TN,Dining,POS Card,True,,TND,1067.030,False,False,
TXN_000254,2024-05-12,04:50:21,36.000,DEBIT,TUNISIE TELECOM ADSL FACTURE,Tunisie Telecom,Online,TN,Utilities,Direct Debit,,,TND,1031.030,True,False,
TXN_000255,2024-05-12,08:33:34,14.350,DEBIT,UBER TRIP HELP.UBER.COM,Uber,Ariana,TN,Transportation,Online Card,False,DEV_A1,TND,1016.680,False,False,
TXN_000256,2024-05-14,02:25:27,89.110,DEBIT,STEG PAIEMENT 5661,STEG,Online,TN,Utilities,Direct Debit,,,TND,927.570,True,False,
TXN_000257,2024-05-14,05:29:56,29.900,DEBIT,NETFLIX.COM AMSTERDAM,Netflix,Online,NL,Subscriptions,Online Card,False,DEV_A1,TND,897.670,True,False,
TXN_000258,2024-05-14,09:48:19,30.900,DEBIT,PHCIE CENTRALE 16153,Pharmacie Centrale,Ariana,TN,Healthcare,POS Card,True,,TND,866.770,False,False,
TXN_000259,2024-05-14,14:31:54,2.600,DEBIT,PARKING ARIANA,Parking,Ariana,TN,Transportation,POS Card,True,,TND,864.170,False,False,
TXN_000260,2024-05-14,17:09:38,6.000,DEBIT,PAIEMENT PAUL 27807,Paul,La Marsa,TN,Dining,POS Card,True,,TND,858.170,False,False,
TXN_000261,2024-05-15,00:42:31,36.500,DEBIT,GAT ASSURANCE SANTE,GAT Assurances,Tunis,TN,Insurance,Direct Debit,,,TND,821.670,True,False,
TXN_000262,2024-05-15,11:13:56,16.800,DEBIT,CAFE EL MENZAH,Cafe El Menzah,Tunis,TN,Dining,POS Card,True,,TND,804.870,False,False,
TXN_000263,2024-05-16,07:31:46,14.000,DEBIT,BOLT *TRIP 13976,Bolt,Tunis,TN,Transportation,Online Card,False,DEV_A1,TND,790.870,False,False,
TXN_000264,2024-05-16,11:15:07,8.950,DEBIT,CAFE EL MENZAH,Cafe El Menzah,Tunis,TN,Dining,POS Card,True,,TND,781.920,False,False,
TXN_000265,2024-05-16,21:30:06,79.640,DEBIT,RESTAURANT LE PORT,Restaurant Le Port,Carthage,TN,Dining,POS Card,True,,TND,702.280,False,False,
TXN_000266,2024-05-17,09:44:42,3.500,DEBIT,Coffee Break Tunis,Coffee Break,Tunis,TN,Dining,POS Card,True,,TND,698.780,False,False,
TXN_000267,2024-05-18,07:08:34,7.220,DEBIT,BOLT RIDE TUNIS,Bolt,Tunis,TN,Transportation,Online Card,False,DEV_A1,TND,691.560,False,False,
TXN_000268,2024-05-18,07:19:59,102.300,DEBIT,TOTAL SERVICE STATION LA MARSA #24402,TotalEnergies,La Marsa,TN,Fuel,POS Card,True,,TND,589.260,False,False,
TXN_000269,2024-05-18,08:03:04,20.100,DEBIT,BOLT *TRIP 29214,Bolt,Tunis,TN,Transportation,Online Card,False,DEV_B2,TND,569.160,False,False,
TXN_000270,2024-05-18,10:38:07,8.700,DEBIT,BOLT RIDE TUNIS,Bolt,Tunis,TN,Transportation,Online Card,False,DEV_A1,TND,560.460,False,False,
TXN_000271,2024-05-18,11:56:40,19.000,DEBIT,BOULANGERIE LE FOURNIL TUNIS,Boulangerie Le Fournil,Tunis,TN,Groceries,POS Card,True,,TND,541.460,False,False,
TXN_000272,2024-05-18,14:14:23,9.050,DEBIT,BOLT RIDE TUNIS,Bolt,Tunis,TN,Transportation,Online Card,False,DEV_A1,TND,532.410,False,False,
TXN_000273,2024-05-18,17:19:40,6.030,DEBIT,BOLT RIDE TUNIS,Bolt,Tunis,TN,Transportation,Online Card,False,DEV_A1,TND,526.380,False,False,
TXN_000274,2024-05-18,21:50:10,8.600,DEBIT,BOLT RIDE TUNIS,Bolt,Tunis,TN,Transportation,Online Card,False,DEV_A1,TND,517.780,False,False,
TXN_000275,2024-05-18,22:44:08,7.000,DEBIT,BOLT RIDE TUNIS,Bolt,Tunis,TN,Transportation,Online Card,False,DEV_A1,TND,510.780,False,False,
TXN_000276,2024-05-18,23:38:27,10.030,DEBIT,BOLT *TRIP 10153,Bolt,Tunis,TN,Transportation,Online Card,False,DEV_A1,TND,500.750,False,False,
TXN_000277,2024-05-19,09:07:06,3.800,DEBIT,BOLT RIDE TUNIS,Bolt,Tunis,TN,Transportation,Online Card,False,DEV_A1,TND,496.950,False,False,
TXN_000278,2024-05-19,19:54:38,14.000,DEBIT,BOLT RIDE TUNIS,Bolt,La Marsa,TN,Transportation,Online Card,False,DEV_B2,TND,482.950,False,False,
TXN_000279,2024-05-20,02:07:32,33.000,DEBIT,OOREDOO BILL PAYMENT,Ooredoo,Online,TN,Utilities,Direct Debit,,,TND,449.950,True,False,
TXN_000280,2024-05-20,10:08:34,9.000,DEBIT,Coffee Break Tunis,Coffee Break,Tunis,TN,Dining,POS Card,True,,TND,440.950,False,False,
TXN_000281,2024-05-20,13:35:39,14.650,DEBIT,GLOVO*6978,Glovo,Online,TN,Dining,Online Card,False,DEV_A1,TND,426.300,False,False,
TXN_000282,2024-05-21,03:55:55,47.840,DEBIT,SONEDE 41671,SONEDE,Online,TN,Utilities,Direct Debit,,,TND,378.460,True,False,
TXN_000283,2024-05-22,04:19:38,18.500,DEBIT,SPOTIFY PREMIUM,Spotify,Online,SE,Subscriptions,Online Card,False,DEV_A1,TND,359.960,True,False,
TXN_000284,2024-05-22,13:13:20,8.000,DEBIT,ORANGE TUNISIE RECHARGE 80786,Orange,Online,TN,Utilities,Online Card,False,DEV_A1,TND,351.960,False,False,
TXN_000285,2024-05-23,07:40:53,22.000,DEBIT,BOLT *TRIP 68465,Bolt,La Marsa,TN,Transportation,Online Card,False,DEV_B2,TND,329.960,False,False,
TXN_000286,2024-05-23,08:06:31,9.200,DEBIT,BOLT RIDE TUNIS,Bolt,Tunis,TN,Transportation,Online Card,False,DEV_A1,TND,320.760,False,False,
TXN_000287,2024-05-23,10:25:01,11.150,DEBIT,BOULANGERIE LE FOURNIL TUNIS,Boulangerie Le Fournil,Tunis,TN,Groceries,POS Card,True,,TND,309.610,False,False,
TXN_000288,2024-05-23,10:25:39,21.000,DEBIT,PAIEMENT PAUL 7994,Paul,Tunis,TN,Dining,POS Card,True,,TND,288.610,False,False,
TXN_000289,2024-05-24,07:39:08,3155.000,CREDIT,SALARY CREDIT,Nexora Solutions,Online,TN,Salary,Bank Transfer,,,TND,3443.610,True,False,
TXN_000290,2024-05-24,17:47:27,310.000,DEBIT,HOTEL MARHABA BEACH SOUSSE,Hotel Marhaba Beach Sousse,Sousse,TN,Travel,POS Card,True,,TND,3133.610,False,False,
TXN_000291,2024-05-24,20:03:33,41.590,DEBIT,GLOVO TUNIS,Glovo,Online,TN,Dining,Online Card,False,DEV_A1,TND,3092.020,False,False,
TXN_000292,2024-05-24,21:36:13,69.550,DEBIT,RESTAURANT SOUSSE CENTRE 428,Restaurant Local Sousse,Sousse,TN,Dining,POS Card,True,,TND,3022.470,False,False,
TXN_000293,2024-05-25,01:11:13,4.262,DEBIT,DONATENOW *97445 US,DonateNow,Online,US,Other,Online Card,False,DEV_E270,TND,3018.208,False,True,card_testing
TXN_000294,2024-05-25,01:12:19,2.931,DEBIT,APPVERIFY *43842 US,AppVerify,Online,US,Other,Online Card,False,DEV_E270,TND,3015.277,False,True,card_testing
TXN_000295,2024-05-25,01:13:51,2.433,DEBIT,APPVERIFY *60319 US,AppVerify,Online,US,Other,Online Card,False,DEV_E270,TND,3012.844,False,True,card_testing
TXN_000296,2024-05-25,01:15:08,4.760,DEBIT,GIFTCHECK *85735 US,GiftCheck,Online,US,Other,Online Card,False,DEV_E270,TND,3008.084,False,True,card_testing
TXN_000297,2024-05-25,01:19:01,189.900,DEBIT,MEGA GADGET STORE US,Mega Gadget Store,Online,US,Shopping,Online Card,False,DEV_E270,TND,2818.184,False,True,card_testing
TXN_000298,2024-05-25,03:05:35,950.000,DEBIT,VIR PERMANENT EPARGNE,Savings Account,Online,TN,Transfer,Standing Order,,,TND,1868.184,True,False,
TXN_000299,2024-05-25,08:49:23,22.000,DEBIT,BOLT *TRIP 53158,Bolt,Tunis,TN,Transportation,Online Card,False,DEV_A1,TND,1846.184,False,False,
TXN_000300,2024-05-26,07:49:44,9.600,DEBIT,BOLT *TRIP 5363,Bolt,La Marsa,TN,Transportation,Online Card,False,DEV_B2,TND,1836.584,False,False,
TXN_000301,2024-05-26,20:39:30,4.000,DEBIT,UBER TRIP HELP.UBER.COM,Uber,Ariana,TN,Transportation,Online Card,False,DEV_A1,TND,1832.584,False,False,
TXN_000302,2024-05-27,09:54:30,8.950,DEBIT,CAFE EL MENZAH,Cafe El Menzah,Tunis,TN,Dining,POS Card,True,,TND,1823.634,False,False,
TXN_000303,2024-05-27,11:26:58,3.050,DEBIT,SMART PARKING LAC 78060,Parking,Tunis,TN,Transportation,POS Card,True,,TND,1820.584,False,False,
TXN_000304,2024-05-28,09:28:50,12.480,DEBIT,TPE CAFE EL MENZAH 75926,Cafe El Menzah,Tunis,TN,Dining,POS Card,True,,TND,1808.104,False,False,
TXN_000305,2024-05-28,11:20:24,10.450,DEBIT,PAIEMENT PAUL 60452,Paul,Tunis,TN,Dining,POS Card,True,,TND,1797.654,False,False,
TXN_000306,2024-05-28,14:38:14,6.760,DEBIT,PAUL LA MARSA,Paul,La Marsa,TN,Dining,POS Card,True,,TND,1790.894,False,False,
TXN_000307,2024-05-28,20:23:31,10.600,DEBIT,EPICERIE BEN SALEM ARIANA,Epicerie Ben Salem,Ariana,TN,Groceries,POS Card,True,,TND,1780.294,False,False,
TXN_000308,2024-05-29,07:12:23,3.800,DEBIT,BOULANGERIE LE FOURNIL,Boulangerie Le Fournil,Tunis,TN,Groceries,POS Card,True,,TND,1776.494,False,False,
TXN_000309,2024-05-29,14:58:41,62.000,DEBIT,TOTAL SERVICE STATION TUNIS #91765,TotalEnergies,Tunis,TN,Fuel,POS Card,True,,TND,1714.494,False,False,
TXN_000310,2024-05-29,17:00:51,93.400,DEBIT,VIREMENT EMIS MAMAN,Family Transfer,Online,TN,Transfer,Bank Transfer,,DEV_A1,TND,1621.094,False,False,
TXN_000311,2024-05-30,04:38:20,4.500,DEBIT,FRAIS TENUE DE COMPTE,Bank Fees,Online,TN,Other,Direct Debit,,,TND,1616.594,True,False,
TXN_000312,2024-05-30,10:51:45,160.000,DEBIT,ATM WDL 27944 LA MARSA,ATM Withdrawal,La Marsa,TN,Cash Withdrawal,ATM,True,,TND,1456.594,False,False,
TXN_000313,2024-05-30,10:55:29,14.300,DEBIT,COFFEE BREAK ARIANA,Coffee Break,Ariana,TN,Dining,POS Card,True,,TND,1442.294,False,False,
TXN_000314,2024-05-30,12:18:22,2.900,DEBIT,PARKING TUNIS,Parking,Tunis,TN,Transportation,POS Card,True,,TND,1439.394,False,False,
TXN_000315,2024-05-31,11:01:21,80.000,DEBIT,ATM WDL 69142 TUNIS,ATM Withdrawal,Tunis,TN,Cash Withdrawal,ATM,True,,TND,1359.394,False,False,
TXN_000316,2024-05-31,11:02:54,23.000,DEBIT,PAIEMENT PAUL 85984,Paul,Tunis,TN,Dining,POS Card,True,,TND,1336.394,False,False,
TXN_000317,2024-05-31,12:26:50,25.000,DEBIT,RESTAURANT LE PORT CARTHAGE,Restaurant Le Port,Carthage,TN,Dining,POS Card,True,,TND,1311.394,False,False,
TXN_000318,2024-06-01,00:37:52,720.000,DEBIT,VIR PERMANENT STE IMMOBILIERE,STE Immobiliere,Ariana,TN,Rent,Standing Order,,,TND,591.394,True,False,
TXN_000319,2024-06-01,05:29:11,750.000,CREDIT,VIREMENT EPARGNE VERS COMPTE COURANT,Savings Account,Online,TN,Transfer,Standing Order,,,TND,1341.394,False,False,
TXN_000320,2024-06-01,09:47:01,4.700,DEBIT,Coffee Break Tunis,Coffee Break,Tunis,TN,Dining,POS Card,True,,TND,1336.694,False,False,
TXN_000321,2024-06-02,22:43:53,8.200,DEBIT,BOLT *TRIP 74333,Bolt,La Marsa,TN,Transportation,Online Card,False,DEV_A1,TND,1328.494,False,False,
TXN_000322,2024-06-03,09:09:58,25.650,DEBIT,PAUL LA MARSA,Paul,La Marsa,TN,Dining,POS Card,True,,TND,1302.844,False,False,
TXN_000323,2024-06-03,09:35:16,37.780,DEBIT,EPICERIE BEN SALEM ARIANA,Epicerie Ben Salem,Ariana,TN,Groceries,POS Card,True,,TND,1265.064,False,False,
TXN_000324,2024-06-03,13:25:47,132.000,DEBIT,AGIL TUNIS,Agil,Tunis,TN,Fuel,POS Card,True,,TND,1133.064,False,False,
TXN_000325,2024-06-03,15:07:15,17.300,DEBIT,PAUL LA MARSA,Paul,La Marsa,TN,Dining,POS Card,True,,TND,1115.764,False,False,
TXN_000326,2024-06-03,15:15:42,61.000,DEBIT,PHARMACIE CENTRALE TUNIS,Pharmacie Centrale,Tunis,TN,Healthcare,POS Card,True,,TND,1054.764,False,False,
TXN_000327,2024-06-04,11:24:44,5.800,DEBIT,COFFEE BREAK TUNIS,Coffee Break,Tunis,TN,Dining,POS Card,True,,TND,1048.964,False,False,
TXN_000328,2024-06-04,16:02:29,4.050,DEBIT,TPE CAFE EL MENZAH 77929,Cafe El Menzah,Tunis,TN,Dining,POS Card,True,,TND,1044.914,False,False,
TXN_000329,2024-06-04,16:22:26,49.900,DEBIT,UDEMY.COM,Udemy,Online,TN,Education,Online Card,False,DEV_A1,TND,995.014,False,False,
TXN_000330,2024-06-05,11:18:13,6.200,DEBIT,COFFEE BREAK ARIANA,Coffee Break,Ariana,TN,Dining,POS Card,True,,TND,988.814,False,False,
TXN_000331,2024-06-05,14:50:44,6.000,DEBIT,EPICERIE BEN SALEM ARIANA,Epicerie Ben Salem,Ariana,TN,Groceries,POS Card,True,,TND,982.814,False,False,
TXN_000332,2024-06-06,02:11:28,63.000,DEBIT,OPENAI *CHATGPT SUBSCR,OpenAI,Online,US,Subscriptions,Online Card,False,DEV_A1,TND,919.814,True,False,
TXN_000333,2024-06-06,09:49:38,9.800,DEBIT,COFFEE BREAK TUNIS,Coffee Break,Tunis,TN,Dining,POS Card,True,,TND,910.014,False,False,
TXN_000334,2024-06-06,10:11:45,12.870,DEBIT,Coffee Break Ariana,Coffee Break,Ariana,TN,Dining,POS Card,True,,TND,897.144,False,False,
TXN_000335,2024-06-06,19:23:33,8.740,DEBIT,BOLT *TRIP 97235,Bolt,Ariana,TN,Transportation,Online Card,False,DEV_B2,TND,888.404,False,False,
TXN_000336,2024-06-07,11:14:38,204.286,CREDIT,REMBOURSEMENT LITIGE CARTE,Bank Dispute Reimbursement,Tunis,TN,Other,Bank Transfer,,,TND,1092.690,,False,
TXN_000337,2024-06-07,15:14:27,10.000,DEBIT,Coffee Break Tunis,Coffee Break,Tunis,TN,Dining,POS Card,True,,TND,1082.690,False,False,
TXN_000338,2024-06-08,10:24:54,9.750,DEBIT,BOULANGERIE LE FOURNIL ARIANA,Boulangerie Le Fournil,Ariana,TN,Groceries,POS Card,True,,TND,1072.940,False,False,
TXN_000339,2024-06-08,10:52:29,14.000,DEBIT,BOULANGERIE LE FOURNIL,Boulangerie Le Fournil,Ariana,TN,Groceries,POS Card,True,,TND,1058.940,False,False,
TXN_000340,2024-06-08,12:14:45,25.000,DEBIT,RESTAURANT LE PORT CARTHAGE,Restaurant Le Port,Carthage,TN,Dining,POS Card,True,,TND,1033.940,False,False,
TXN_000341,2024-06-09,01:41:14,4.200,DEBIT,ICLOUD+ 50GB,Apple,Online,IE,Subscriptions,Online Card,False,DEV_A1,TND,1029.740,True,False,
TXN_000342,2024-06-09,05:01:13,65.000,DEBIT,FITNESS ZONE LA MARSA ABONNEMENT,Fitness Zone,La Marsa,TN,Subscriptions,Direct Debit,,,TND,964.740,True,False,
TXN_000343,2024-06-09,15:37:12,23.100,DEBIT,COFFEE BREAK ARIANA,Coffee Break,Ariana,TN,Dining,POS Card,True,,TND,941.640,False,False,
TXN_000344,2024-06-09,17:32:13,31.400,DEBIT,BOLT RIDE TUNIS,Bolt,La Marsa,TN,Transportation,Online Card,False,DEV_A1,TND,910.240,False,False,
TXN_000345,2024-06-10,15:56:02,1.700,DEBIT,PARKING TUNIS,Parking,Tunis,TN,Transportation,POS Card,True,,TND,908.540,False,False,
TXN_000346,2024-06-10,16:43:04,3.720,DEBIT,CAFE EL MENZAH,Cafe El Menzah,Tunis,TN,Dining,POS Card,True,,TND,904.820,False,False,
TXN_000347,2024-06-11,18:54:05,2.200,DEBIT,PARKING ARIANA,Parking,Ariana,TN,Transportation,POS Card,True,,TND,902.620,False,False,
TXN_000348,2024-06-12,05:05:31,36.000,DEBIT,TUNISIE TELECOM ADSL FACTURE,Tunisie Telecom,Online,TN,Utilities,Direct Debit,,,TND,866.620,True,False,
TXN_000349,2024-06-12,07:37:30,9.000,DEBIT,Coffee Break Ariana,Coffee Break,Ariana,TN,Dining,POS Card,True,,TND,857.620,False,False,
TXN_000350,2024-06-12,08:04:44,4.650,DEBIT,PARKING TUNIS,Parking,Tunis,TN,Transportation,POS Card,True,,TND,852.970,False,False,
TXN_000351,2024-06-12,12:13:18,84.300,DEBIT,TOTAL SERVICE STATION TUNIS #7099,TotalEnergies,Tunis,TN,Fuel,POS Card,True,,TND,768.670,False,False,
TXN_000352,2024-06-13,10:48:13,4.550,DEBIT,CAFE EL MENZAH,Cafe El Menzah,Tunis,TN,Dining,POS Card,True,,TND,764.120,False,False,
TXN_000353,2024-06-14,06:19:13,29.900,DEBIT,NETFLIX.COM,Netflix,Online,NL,Subscriptions,Online Card,False,DEV_A1,TND,734.220,True,False,
TXN_000354,2024-06-14,15:20:24,2.600,DEBIT,SMART PARKING LAC 39348,Parking,Ariana,TN,Transportation,POS Card,True,,TND,731.620,False,False,
TXN_000355,2024-06-15,01:57:56,36.500,DEBIT,GAT ASSURANCES PRELEVEMENT,GAT Assurances,Tunis,TN,Insurance,Direct Debit,,,TND,695.120,True,False,
TXN_000356,2024-06-15,09:16:45,50.000,DEBIT,ATM WDL 50820 ARIANA,ATM Withdrawal,Ariana,TN,Cash Withdrawal,ATM,True,,TND,645.120,False,False,
TXN_000357,2024-06-15,21:15:30,6.800,DEBIT,BOLT RIDE TUNIS,Bolt,La Marsa,TN,Transportation,Online Card,False,DEV_A1,TND,638.320,False,False,
TXN_000358,2024-06-16,22:22:08,3.200,DEBIT,BOLT RIDE TUNIS,Bolt,La Marsa,TN,Transportation,Online Card,False,DEV_A1,TND,635.120,False,False,
TXN_000359,2024-06-17,11:15:49,17.660,DEBIT,TPE CAFE EL MENZAH 7031,Cafe El Menzah,Tunis,TN,Dining,POS Card,True,,TND,617.460,False,False,
TXN_000360,2024-06-19,00:50:00,38.970,DEBIT,OOREDOO TUNISIE FACTURE 70827,Ooredoo,Online,TN,Utilities,Direct Debit,,,TND,578.490,True,False,
TXN_000361,2024-06-19,10:17:53,49.500,DEBIT,PAUL LA MARSA,Paul,La Marsa,TN,Dining,POS Card,True,,TND,528.990,False,False,
TXN_000362,2024-06-19,12:02:20,70.590,DEBIT,RESTAURANT LE PORT TUNIS,Restaurant Le Port,Tunis,TN,Dining,POS Card,True,,TND,458.400,False,False,
TXN_000363,2024-06-19,17:50:55,4.000,DEBIT,Coffee Break Tunis,Coffee Break,Tunis,TN,Dining,POS Card,True,,TND,454.400,False,False,
TXN_000364,2024-06-20,09:21:16,13.900,DEBIT,RECHARGE DATA ORANGE,Orange,Online,TN,Utilities,Online Card,False,DEV_A1,TND,440.500,False,False,
TXN_000365,2024-06-20,10:49:17,33.550,DEBIT,PHARMACIE CENTRALE TUNIS,Pharmacie Centrale,Tunis,TN,Healthcare,POS Card,True,,TND,406.950,False,False,
TXN_000366,2024-06-21,08:15:13,3.000,DEBIT,SMART PARKING LAC 37049,Parking,Ariana,TN,Transportation,POS Card,True,,TND,403.950,False,False,
TXN_000367,2024-06-21,14:07:14,33.400,DEBIT,GLOVO TUNIS,Glovo,Online,TN,Dining,Online Card,False,DEV_A1,TND,370.550,False,False,
TXN_000368,2024-06-22,03:13:38,18.500,DEBIT,SPOTIFY AB STOCKHOLM,Spotify,Online,SE,Subscriptions,Online Card,False,DEV_A1,TND,352.050,True,False,
TXN_000369,2024-06-22,07:20:06,7.000,DEBIT,BOLT RIDE TUNIS,Bolt,Tunis,TN,Transportation,Online Card,False,DEV_A1,TND,345.050,False,False,
TXN_000370,2024-06-24,12:13:19,21.200,DEBIT,PHARMACIE CENTRALE ARIANA,Pharmacie Centrale,Ariana,TN,Healthcare,POS Card,True,,TND,323.850,False,False,
TXN_000371,2024-06-25,09:17:54,6.650,DEBIT,PAUL TUNIS,Paul,Tunis,TN,Dining,POS Card,True,,TND,317.200,False,False,
TXN_000372,2024-06-25,16:59:38,3.740,DEBIT,Coffee Break Ariana,Coffee Break,Ariana,TN,Dining,POS Card,True,,TND,313.460,False,False,
TXN_000373,2024-06-25,17:30:36,8.000,DEBIT,SMART PARKING LAC 35204,Parking,Tunis,TN,Transportation,POS Card,True,,TND,305.460,False,False,
TXN_000374,2024-06-25,18:54:01,39.600,DEBIT,CINEMAS PATHE 39304,Pathe Tunis City,Tunis,TN,Entertainment,POS Card,True,,TND,265.860,False,False,
TXN_000375,2024-06-27,07:12:19,3260.000,CREDIT,SALARY CREDIT,Nexora Solutions,Online,TN,Salary,Bank Transfer,,,TND,3525.860,True,False,
TXN_000376,2024-06-28,03:31:48,1200.000,DEBIT,VIREMENT COMPTE EPARGNE 81603,Savings Account,Online,TN,Transfer,Standing Order,,,TND,2325.860,True,False,
TXN_000377,2024-06-28,04:57:56,482.954,DEBIT,LUXE WATCHES ONLINE HK,Luxe Watches Online,Online,HK,Shopping,Online Card,False,DEV_D7EB,TND,1842.906,False,True,night_high_value_online
TXN_000378,2024-06-28,10:16:53,3.500,DEBIT,CAFE EL MENZAH,Cafe El Menzah,Tunis,TN,Dining,POS Card,True,,TND,1839.406,False,False,
TXN_000379,2024-06-29,07:44:54,3.000,DEBIT,BOULANGERIE LE FOURNIL,Boulangerie Le Fournil,Tunis,TN,Groceries,POS Card,True,,TND,1836.406,False,False,
TXN_000380,2024-06-29,09:31:44,7.240,DEBIT,BOULANGERIE LE FOURNIL ARIANA,Boulangerie Le Fournil,Ariana,TN,Groceries,POS Card,True,,TND,1829.166,False,False,
TXN_000381,2024-06-29,13:26:07,57.700,DEBIT,TOTALENERGIES TUNIS,TotalEnergies,Tunis,TN,Fuel,POS Card,True,,TND,1771.466,False,False,
TXN_000382,2024-06-29,22:58:41,12.200,DEBIT,BOLT RIDE TUNIS,Bolt,La Marsa,TN,Transportation,Online Card,False,DEV_A1,TND,1759.266,False,False,
TXN_000383,2024-06-30,03:48:53,4.800,DEBIT,COMMISSION TENUE COMPTE 96966,Bank Fees,Online,TN,Other,Direct Debit,,,TND,1754.466,True,False,
TXN_000384,2024-07-01,02:47:06,720.000,DEBIT,STE IMMOBILIERE LOYER,STE Immobiliere,Ariana,TN,Rent,Standing Order,,,TND,1034.466,True,False,
TXN_000385,2024-07-01,03:57:07,1350.000,CREDIT,VIREMENT EPARGNE VERS COMPTE COURANT,Savings Account,Online,TN,Transfer,Standing Order,,,TND,2384.466,False,False,
TXN_000386,2024-07-01,12:15:48,2.520,DEBIT,PARKING ARIANA,Parking,Ariana,TN,Transportation,POS Card,True,,TND,2381.946,False,False,
TXN_000387,2024-07-01,14:20:15,77.500,DEBIT,D17 TRANSFER 67410,Friend Transfer,Online,TN,Transfer,Mobile Wallet,False,DEV_A1,TND,2304.446,False,False,
TXN_000388,2024-07-02,13:11:11,36.500,DEBIT,MCDONALDS LA MARSA,McDonald's,La Marsa,TN,Dining,POS Card,True,,TND,2267.946,False,False,
TXN_000389,2024-07-02,19:34:49,12.100,DEBIT,BOLT *TRIP 54939,Bolt,Ariana,TN,Transportation,Online Card,False,DEV_B2,TND,2255.846,False,False,
TXN_000390,2024-07-03,09:08:21,25.150,DEBIT,Coffee Break Tunis,Coffee Break,Tunis,TN,Dining,POS Card,True,,TND,2230.696,False,False,
TXN_000391,2024-07-03,10:44:34,80.000,DEBIT,ATM WDL 29371 TUNIS,ATM Withdrawal,Tunis,TN,Cash Withdrawal,ATM,True,,TND,2150.696,False,False,
TXN_000392,2024-07-04,14:57:40,4.000,DEBIT,CAFE EL MENZAH,Cafe El Menzah,Tunis,TN,Dining,POS Card,True,,TND,2146.696,False,False,
TXN_000393,2024-07-05,07:23:39,5.280,DEBIT,BOLT *TRIP 64667,Bolt,Tunis,TN,Transportation,Online Card,False,DEV_A1,TND,2141.416,False,False,
TXN_000394,2024-07-05,08:27:51,6.600,DEBIT,COFFEE BREAK TUNIS,Coffee Break,Tunis,TN,Dining,POS Card,True,,TND,2134.816,False,False,
TXN_000395,2024-07-05,08:54:33,7.760,DEBIT,BOULANGERIE LE FOURNIL,Boulangerie Le Fournil,Ariana,TN,Groceries,POS Card,True,,TND,2127.056,False,False,
TXN_000396,2024-07-05,10:29:53,2.000,DEBIT,BOULANGERIE LE FOURNIL ARIANA,Boulangerie Le Fournil,Ariana,TN,Groceries,POS Card,True,,TND,2125.056,False,False,
TXN_000397,2024-07-05,12:27:16,9.500,DEBIT,EPICERIE BEN SALEM,Epicerie Ben Salem,Ariana,TN,Groceries,POS Card,True,,TND,2115.556,False,False,
TXN_000398,2024-07-06,01:53:32,63.000,DEBIT,OPENAI *CHATGPT SUBSCR,OpenAI,Online,US,Subscriptions,Online Card,False,DEV_A1,TND,2052.556,True,False,
TXN_000399,2024-07-06,12:11:55,53.850,DEBIT,RESTAURANT LE PORT,Restaurant Le Port,Tunis,TN,Dining,POS Card,True,,TND,1998.706,False,False,
TXN_000400,2024-07-06,17:20:00,21.000,DEBIT,UBER *TRIP 72504,Uber,Tunis,TN,Transportation,Online Card,False,DEV_B2,TND,1977.706,False,False,
TXN_000401,2024-07-07,12:53:02,176.000,DEBIT,RESTAURANT LE PORT,Restaurant Le Port,Tunis,TN,Dining,POS Card,True,,TND,1801.706,False,False,
TXN_000402,2024-07-08,04:09:06,36.000,DEBIT,TT FIXE INTERNET 25464,Tunisie Telecom,Online,TN,Utilities,Direct Debit,,,TND,1765.706,True,False,
TXN_000403,2024-07-08,10:19:18,16.450,DEBIT,PAIEMENT PAUL 56357,Paul,La Marsa,TN,Dining,POS Card,True,,TND,1749.256,False,False,
TXN_000404,2024-07-09,04:31:18,4.200,DEBIT,APPLE.COM/BILL,Apple,Online,IE,Subscriptions,Online Card,False,DEV_A1,TND,1745.056,True,False,
TXN_000405,2024-07-10,01:08:12,70.000,DEBIT,FITNESS ZONE MEMBERSHIP,Fitness Zone,Ariana,TN,Subscriptions,Direct Debit,,,TND,1675.056,True,False,
TXN_000406,2024-07-10,15:23:55,10.900,DEBIT,COFFEE BREAK TUNIS,Coffee Break,Tunis,TN,Dining,POS Card,True,,TND,1664.156,False,False,
TXN_000407,2024-07-10,15:24:22,6.540,DEBIT,BOLT RIDE TUNIS,Bolt,La Marsa,TN,Transportation,Online Card,False,DEV_A1,TND,1657.616,False,False,
TXN_000408,2024-07-11,19:47:08,25.750,DEBIT,BOLT *TRIP 17576,Bolt,La Marsa,TN,Transportation,Online Card,False,DEV_A1,TND,1631.866,False,False,
TXN_000409,2024-07-11,21:24:27,96.400,DEBIT,BOLT RIDE TUNIS,Bolt,Tunis,TN,Transportation,Online Card,False,DEV_A1,TND,1535.466,False,False,
TXN_000410,2024-07-11,21:44:18,56.450,DEBIT,RESTAURANT LE PORT CARTHAGE,Restaurant Le Port,Carthage,TN,Dining,POS Card,True,,TND,1479.016,False,False,
TXN_000411,2024-07-12,14:58:22,3.940,DEBIT,BOLT RIDE TUNIS,Bolt,Tunis,TN,Transportation,Online Card,False,DEV_A1,TND,1475.076,False,False,
TXN_000412,2024-07-12,16:04:13,560.000,DEBIT,HOTEL LES JASMINS HAMMAMET,Hotel Les Jasmins,Hammamet,TN,Travel,POS Card,True,,TND,915.076,False,False,
TXN_000413,2024-07-12,21:32:38,62.500,DEBIT,RESTAURANT LES DUNES HMT #2013,Restaurant Les Dunes,Hammamet,TN,Dining,POS Card,True,,TND,852.576,False,False,
TXN_000414,2024-07-13,11:39:18,482.954,CREDIT,REMBOURSEMENT LITIGE CARTE,Bank Dispute Reimbursement,Tunis,TN,Other,Bank Transfer,,,TND,1335.530,,False,
TXN_000415,2024-07-13,12:07:03,71.200,DEBIT,RESTAURANT LES DUNES HMT #1342,Restaurant Les Dunes,Hammamet,TN,Dining,POS Card,True,,TND,1264.330,False,False,
TXN_000416,2024-07-13,18:28:03,8.000,DEBIT,EPICERIE BEN SALEM,Epicerie Ben Salem,Ariana,TN,Groceries,POS Card,True,,TND,1256.330,False,False,
TXN_000417,2024-07-13,20:52:48,48.700,DEBIT,RESTAURANT LES DUNES HMT #4449,Restaurant Les Dunes,Hammamet,TN,Dining,POS Card,True,,TND,1207.630,False,False,
TXN_000418,2024-07-13,22:02:39,35.250,DEBIT,STEAMGAMES.COM 12395,Steam,Online,US,Entertainment,Online Card,False,DEV_A1,TND,1172.380,False,False,
TXN_000419,2024-07-14,02:17:26,139.700,DEBIT,STEG FACTURE ELEC GAZ,STEG,Online,TN,Utilities,Direct Debit,,,TND,1032.680,True,False,
TXN_000420,2024-07-14,06:16:30,29.900,DEBIT,NETFLIX.COM AMSTERDAM,Netflix,Online,NL,Subscriptions,Online Card,False,DEV_A1,TND,1002.780,True,False,
TXN_000421,2024-07-14,10:34:51,28.400,DEBIT,PAIEMENT PAUL 84931,Paul,La Marsa,TN,Dining,POS Card,True,,TND,974.380,False,False,
TXN_000422,2024-07-14,10:51:33,18.000,DEBIT,PHARMACIE CENTRALE ARIANA,Pharmacie Centrale,Ariana,TN,Healthcare,POS Card,True,,TND,956.380,False,False,
TXN_000423,2024-07-14,11:24:06,14.500,DEBIT,EPICERIE BEN SALEM,Epicerie Ben Salem,Ariana,TN,Groceries,POS Card,True,,TND,941.880,False,False,
TXN_000424,2024-07-14,14:00:45,38.900,DEBIT,RESTAURANT LES DUNES HMT #2871,Restaurant Les Dunes,Hammamet,TN,Dining,POS Card,True,,TND,902.980,False,False,
TXN_000425,2024-07-15,01:42:08,36.500,DEBIT,GAT ASSURANCE SANTE,GAT Assurances,Tunis,TN,Insurance,Direct Debit,,,TND,866.480,True,False,
TXN_000426,2024-07-15,07:27:13,132.000,DEBIT,STATION AGIL 6198,Agil,Ariana,TN,Fuel,POS Card,True,,TND,734.480,False,False,
TXN_000427,2024-07-15,07:44:28,15.650,DEBIT,Coffee Break Tunis,Coffee Break,Tunis,TN,Dining,POS Card,True,,TND,718.830,False,False,
TXN_000428,2024-07-15,09:13:21,2.150,DEBIT,PARKING TUNIS,Parking,Tunis,TN,Transportation,POS Card,True,,TND,716.680,False,False,
TXN_000429,2024-07-17,11:15:32,9.800,DEBIT,Coffee Break Ariana,Coffee Break,Ariana,TN,Dining,POS Card,True,,TND,706.880,False,False,
TXN_000430,2024-07-18,11:10:04,3.430,DEBIT,TPE CAFE EL MENZAH 40123,Cafe El Menzah,Tunis,TN,Dining,POS Card,True,,TND,703.450,False,False,
TXN_000431,2024-07-18,16:48:30,9.260,DEBIT,COFFEE BREAK TUNIS,Coffee Break,Tunis,TN,Dining,POS Card,True,,TND,694.190,False,False,
TXN_000432,2024-07-18,21:10:12,15.950,DEBIT,MCDO 92479,McDonald's,Ariana,TN,Dining,POS Card,True,,TND,678.240,False,False,
TXN_000433,2024-07-19,13:40:17,15.400,DEBIT,EPICERIE BEN SALEM,Epicerie Ben Salem,Ariana,TN,Groceries,POS Card,True,,TND,662.840,False,False,
TXN_000434,2024-07-19,15:37:41,27.000,DEBIT,PAIEMENT PAUL 19340,Paul,La Marsa,TN,Dining,POS Card,True,,TND,635.840,False,False,
TXN_000435,2024-07-19,19:30:49,62.230,DEBIT,VIREMENT EMIS MAMAN,Family Transfer,Online,TN,Transfer,Bank Transfer,,DEV_A1,TND,573.610,False,False,
TXN_000436,2024-07-20,04:24:43,32.800,DEBIT,OOREDOO BILL PAYMENT,Ooredoo,Online,TN,Utilities,Direct Debit,,,TND,540.810,True,False,
TXN_000437,2024-07-20,08:36:20,23.000,DEBIT,PAUL TUNIS,Paul,Tunis,TN,Dining,POS Card,True,,TND,517.810,False,False,
TXN_000438,2024-07-20,10:24:59,6.100,DEBIT,UBER *TRIP 4889,Uber,Tunis,TN,Transportation,Online Card,False,DEV_A1,TND,511.710,False,False,
TXN_000439,2024-07-20,17:52:04,20.260,DEBIT,EPICERIE BEN SALEM ARIANA,Epicerie Ben Salem,Ariana,TN,Groceries,POS Card,True,,TND,491.450,False,False,
TXN_000440,2024-07-20,19:00:22,32.000,DEBIT,CINEMAS PATHE 10749,Pathe Tunis City,Tunis,TN,Entertainment,POS Card,True,,TND,459.450,False,False,
TXN_000441,2024-07-21,15:45:58,45.760,DEBIT,CARREFOUR HYPER LA MARSA,Carrefour,La Marsa,TN,Groceries,POS Card,True,,TND,413.690,False,False,
TXN_000442,2024-07-21,20:15:26,16.200,DEBIT,PATHE TUNIS CITY,Pathe Tunis City,Tunis,TN,Entertainment,POS Card,True,,TND,397.490,False,False,
TXN_000443,2024-07-22,03:15:10,18.500,DEBIT,SPOTIFY AB STOCKHOLM,Spotify,Online,SE,Subscriptions,Online Card,False,DEV_A1,TND,378.990,True,False,
TXN_000444,2024-07-22,14:55:49,3.300,DEBIT,PARKING ARIANA,Parking,Ariana,TN,Transportation,POS Card,True,,TND,375.690,False,False,
TXN_000445,2024-07-22,16:46:04,6.500,DEBIT,PAUL TUNIS,Paul,Tunis,TN,Dining,POS Card,True,,TND,369.190,False,False,
TXN_000446,2024-07-22,17:14:48,10.950,DEBIT,PHCIE CENTRALE 19398,Pharmacie Centrale,Tunis,TN,Healthcare,POS Card,True,,TND,358.240,False,False,
TXN_000447,2024-07-23,08:14:33,11.940,DEBIT,BOLT RIDE TUNIS,Bolt,Tunis,TN,Transportation,Online Card,False,DEV_A1,TND,346.300,False,False,
TXN_000448,2024-07-23,08:46:10,10.300,DEBIT,PAUL TUNIS,Paul,Tunis,TN,Dining,POS Card,True,,TND,336.000,False,False,
TXN_000449,2024-07-23,09:00:19,12.000,DEBIT,CAFE EL MENZAH,Cafe El Menzah,Tunis,TN,Dining,POS Card,True,,TND,324.000,False,False,
TXN_000450,2024-07-24,14:07:30,9.690,DEBIT,PAIEMENT PAUL 50564,Paul,Tunis,TN,Dining,POS Card,True,,TND,314.310,False,False,
TXN_000451,2024-07-24,14:52:42,4.000,DEBIT,CAFE EL MENZAH,Cafe El Menzah,Tunis,TN,Dining,POS Card,True,,TND,310.310,False,False,
TXN_000452,2024-07-24,16:37:30,12.700,DEBIT,CAFE EL MENZAH,Cafe El Menzah,Tunis,TN,Dining,POS Card,True,,TND,297.610,False,False,
TXN_000453,2024-07-24,19:24:23,16.460,DEBIT,STEAM PURCHASE,Steam,Online,US,Entertainment,Online Card,False,DEV_A1,TND,281.150,False,False,
TXN_000454,2024-07-25,06:14:57,3200.000,CREDIT,SALARY CREDIT,Nexora Solutions,Online,TN,Salary,Bank Transfer,,,TND,3481.150,True,False,
TXN_000455,2024-07-25,10:55:37,121.190,DEBIT,TOTAL SERVICE STATION LA MARSA #9842,TotalEnergies,La Marsa,TN,Fuel,POS Card,True,,TND,3359.960,False,False,
TXN_000456,2024-07-25,16:55:04,1.850,DEBIT,SMART PARKING LAC 8254,Parking,Ariana,TN,Transportation,POS Card,True,,TND,3358.110,False,False,
TXN_000457,2024-07-25,18:37:29,23.810,DEBIT,EPICERIE BEN SALEM,Epicerie Ben Salem,Ariana,TN,Groceries,POS Card,True,,TND,3334.300,False,False,
TXN_000458,2024-07-25,20:21:28,6.800,DEBIT,BOLT RIDE TUNIS,Bolt,Tunis,TN,Transportation,Online Card,False,DEV_B2,TND,3327.500,False,False,
TXN_000459,2024-07-26,02:53:43,1500.000,DEBIT,VIREMENT COMPTE EPARGNE 96854,Savings Account,Online,TN,Transfer,Standing Order,,,TND,1827.500,True,False,
TXN_000460,2024-07-26,06:42:31,38.000,DEBIT,BOLT *TRIP 54584,Bolt,Ariana,TN,Transportation,Online Card,False,DEV_A1,TND,1789.500,False,False,
TXN_000461,2024-07-27,10:18:34,36.280,DEBIT,EPICERIE BEN SALEM,Epicerie Ben Salem,Ariana,TN,Groceries,POS Card,True,,TND,1753.220,False,False,
TXN_000462,2024-07-27,20:01:44,38.150,DEBIT,RESTAURANT LE PORT,Restaurant Le Port,Tunis,TN,Dining,POS Card,True,,TND,1715.070,False,False,
TXN_000463,2024-07-27,21:22:08,75.200,DEBIT,RESTAURANT LE PORT,Restaurant Le Port,Carthage,TN,Dining,POS Card,True,,TND,1639.870,False,False,
TXN_000464,2024-07-28,16:35:20,66.200,DEBIT,MONOPRIX LA MARSA #30695,Monoprix,La Marsa,TN,Groceries,POS Card,True,,TND,1573.670,False,False,
TXN_000465,2024-07-28,18:56:15,16.000,DEBIT,EPICERIE BEN SALEM ARIANA,Epicerie Ben Salem,Ariana,TN,Groceries,POS Card,True,,TND,1557.670,False,False,
TXN_000466,2024-07-28,20:40:34,25.000,DEBIT,RESTAURANT LE PORT CARTHAGE,Restaurant Le Port,Carthage,TN,Dining,POS Card,True,,TND,1532.670,False,False,
TXN_000467,2024-07-30,04:15:07,4.800,DEBIT,COMMISSION TENUE COMPTE 89793,Bank Fees,Online,TN,Other,Direct Debit,,,TND,1527.870,True,False,
TXN_000468,2024-07-30,10:30:06,6.200,DEBIT,Coffee Break Ariana,Coffee Break,Ariana,TN,Dining,POS Card,True,,TND,1521.670,False,False,
TXN_000469,2024-07-30,13:31:37,70.000,DEBIT,RETRAIT DAB BIAT LA MARSA,ATM Withdrawal,La Marsa,TN,Cash Withdrawal,ATM,True,,TND,1451.670,False,False,
TXN_000470,2024-07-31,13:46:49,17.800,DEBIT,BOLT *TRIP 8351,Bolt,Tunis,TN,Transportation,Online Card,False,DEV_A1,TND,1433.870,False,False,
TXN_000471,2024-08-01,00:50:31,2550.000,CREDIT,VIREMENT EPARGNE VERS COMPTE COURANT,Savings Account,Online,TN,Transfer,Standing Order,,,TND,3983.870,False,False,
TXN_000472,2024-08-01,10:33:40,7.510,DEBIT,PAIEMENT PAUL 89079,Paul,Tunis,TN,Dining,POS Card,True,,TND,3976.360,False,False,
TXN_000473,2024-08-01,14:24:56,5.000,DEBIT,COFFEE BREAK TUNIS,Coffee Break,Tunis,TN,Dining,POS Card,True,,TND,3971.360,False,False,
TXN_000474,2024-08-01,18:35:45,7.420,DEBIT,SMART PARKING LAC 98084,Parking,Ariana,TN,Transportation,POS Card,True,,TND,3963.940,False,False,
TXN_000475,2024-08-02,16:26:37,4.900,DEBIT,SMART PARKING LAC 22111,Parking,Ariana,TN,Transportation,POS Card,True,,TND,3959.040,False,False,
TXN_000476,2024-08-02,23:20:59,28.020,DEBIT,STEAMGAMES.COM 84010,Steam,Online,US,Entertainment,Online Card,False,DEV_A1,TND,3931.020,False,False,
TXN_000477,2024-08-04,01:20:28,720.000,DEBIT,STE IMMOBILIERE LOYER,STE Immobiliere,Ariana,TN,Rent,Standing Order,,,TND,3211.020,True,False,
TXN_000478,2024-08-04,07:40:40,9.570,DEBIT,BOULANGERIE LE FOURNIL ARIANA,Boulangerie Le Fournil,Ariana,TN,Groceries,POS Card,True,,TND,3201.450,False,False,
TXN_000479,2024-08-04,10:58:09,2.400,DEBIT,PARKING TUNIS,Parking,Tunis,TN,Transportation,POS Card,True,,TND,3199.050,False,False,
TXN_000480,2024-08-04,16:05:07,8.150,DEBIT,RECHARGE DATA ORANGE,Orange,Online,TN,Utilities,Online Card,False,DEV_A1,TND,3190.900,False,False,
TXN_000481,2024-08-05,06:58:46,7.000,DEBIT,UBER *TRIP 78954,Uber,Ariana,TN,Transportation,Online Card,False,DEV_A1,TND,3183.900,False,False,
TXN_000482,2024-08-05,18:28:54,3.600,DEBIT,PARKING ARIANA,Parking,Ariana,TN,Transportation,POS Card,True,,TND,3180.300,False,False,
TXN_000483,2024-08-06,01:41:58,63.000,DEBIT,OPENAI *CHATGPT SUBSCR,OpenAI,Online,US,Subscriptions,Online Card,False,DEV_A1,TND,3117.300,True,False,
TXN_000484,2024-08-06,07:54:19,6.100,DEBIT,COFFEE BREAK TUNIS,Coffee Break,Tunis,TN,Dining,POS Card,True,,TND,3111.200,False,False,
TXN_000485,2024-08-06,16:46:55,8.050,DEBIT,Coffee Break Tunis,Coffee Break,Tunis,TN,Dining,POS Card,True,,TND,3103.150,False,False,
TXN_000486,2024-08-06,18:03:22,5.200,DEBIT,SMART PARKING LAC 18264,Parking,Tunis,TN,Transportation,POS Card,True,,TND,3097.950,False,False,
TXN_000487,2024-08-07,03:26:08,70.000,DEBIT,FITNESS ZONE MEMBERSHIP,Fitness Zone,La Marsa,TN,Subscriptions,Direct Debit,,,TND,3027.950,True,False,
TXN_000488,2024-08-07,08:09:44,11.400,DEBIT,TPE CAFE EL MENZAH 16383,Cafe El Menzah,Tunis,TN,Dining,POS Card,True,,TND,3016.550,False,False,
TXN_000489,2024-08-07,08:18:14,3.980,DEBIT,PARKING ARIANA,Parking,Ariana,TN,Transportation,POS Card,True,,TND,3012.570,False,False,
TXN_000490,2024-08-07,09:16:43,9.180,DEBIT,BOLT RIDE TUNIS,Bolt,Ariana,TN,Transportation,Online Card,False,DEV_B2,TND,3003.390,False,False,
TXN_000491,2024-08-07,16:37:44,1.800,DEBIT,PARKING ARIANA,Parking,Ariana,TN,Transportation,POS Card,True,,TND,3001.590,False,False,
TXN_000492,2024-08-09,05:24:40,4.200,DEBIT,ICLOUD+ 50GB,Apple,Online,IE,Subscriptions,Online Card,False,DEV_A1,TND,2997.390,True,False,
TXN_000493,2024-08-09,10:25:36,7.250,DEBIT,BOULANGERIE LE FOURNIL TUNIS,Boulangerie Le Fournil,Tunis,TN,Groceries,POS Card,True,,TND,2990.140,False,False,
TXN_000494,2024-08-09,14:15:36,10.000,DEBIT,PAUL TUNIS,Paul,Tunis,TN,Dining,POS Card,True,,TND,2980.140,False,False,
TXN_000495,2024-08-10,09:25:06,5.770,DEBIT,EPICERIE BEN SALEM ARIANA,Epicerie Ben Salem,Ariana,TN,Groceries,POS Card,True,,TND,2974.370,False,False,
TXN_000496,2024-08-10,17:02:59,156.870,DEBIT,MG LA MARSA,MG,La Marsa,TN,Groceries,POS Card,True,,TND,2817.500,False,False,
TXN_000497,2024-08-10,20:56:02,5.300,DEBIT,BOLT *TRIP 25596,Bolt,La Marsa,TN,Transportation,Online Card,False,DEV_A1,TND,2812.200,False,False,
TXN_000498,2024-08-10,22:12:42,10.700,DEBIT,BOLT *TRIP 71386,Bolt,Tunis,TN,Transportation,Online Card,False,DEV_A1,TND,2801.500,False,False,
TXN_000499,2024-08-11,12:08:43,8.770,DEBIT,EPICERIE BEN SALEM ARIANA,Epicerie Ben Salem,Ariana,TN,Groceries,POS Card,True,,TND,2792.730,False,False,
TXN_000500,2024-08-12,03:55:25,36.000,DEBIT,TT FIXE INTERNET 36149,Tunisie Telecom,Online,TN,Utilities,Direct Debit,,,TND,2756.730,True,False,
TXN_000501,2024-08-12,10:07:13,9.000,DEBIT,BOULANGERIE LE FOURNIL ARIANA,Boulangerie Le Fournil,Ariana,TN,Groceries,POS Card,True,,TND,2747.730,False,False,
TXN_000502,2024-08-13,08:06:31,21.210,DEBIT,PAUL LA MARSA,Paul,La Marsa,TN,Dining,POS Card,True,,TND,2726.520,False,False,
TXN_000503,2024-08-13,09:01:20,6.900,DEBIT,BOULANGERIE LE FOURNIL,Boulangerie Le Fournil,Ariana,TN,Groceries,POS Card,True,,TND,2719.620,False,False,
TXN_000504,2024-08-13,09:49:52,14.700,DEBIT,BOULANGERIE LE FOURNIL,Boulangerie Le Fournil,Ariana,TN,Groceries,POS Card,True,,TND,2704.920,False,False,
TXN_000505,2024-08-14,01:13:54,29.900,DEBIT,NETFLIX.COM AMSTERDAM,Netflix,Online,NL,Subscriptions,Online Card,False,DEV_B2,TND,2675.020,True,False,
TXN_000506,2024-08-14,12:28:15,40.000,DEBIT,TOTAL SERVICE STATION TUNIS #11795,TotalEnergies,Tunis,TN,Fuel,POS Card,True,,TND,2635.020,False,False,
TXN_000507,2024-08-14,13:12:24,36.500,DEBIT,MCDONALDS LA MARSA,McDonald's,La Marsa,TN,Dining,POS Card,True,,TND,2598.520,False,False,
TXN_000508,2024-08-14,21:54:42,17.680,DEBIT,BOLT RIDE TUNIS,Bolt,La Marsa,TN,Transportation,Online Card,False,DEV_A1,TND,2580.840,False,False,
TXN_000509,2024-08-15,02:11:25,36.500,DEBIT,GAT ASSURANCES PRELEVEMENT,GAT Assurances,Tunis,TN,Insurance,Direct Debit,,,TND,2544.340,True,False,
TXN_000510,2024-08-15,07:35:02,13.000,DEBIT,COFFEE BREAK ARIANA,Coffee Break,Ariana,TN,Dining,POS Card,True,,TND,2531.340,False,False,
TXN_000511,2024-08-16,07:13:50,11.000,DEBIT,BOULANGERIE LE FOURNIL,Boulangerie Le Fournil,Tunis,TN,Groceries,POS Card,True,,TND,2520.340,False,False,
TXN_000512,2024-08-17,01:02:17,30.300,DEBIT,OOREDOO TUNISIE FACTURE 93312,Ooredoo,Online,TN,Utilities,Direct Debit,,,TND,2490.040,True,False,
TXN_000513,2024-08-17,16:35:46,7.240,DEBIT,BOLT RIDE TUNIS,Bolt,La Marsa,TN,Transportation,Online Card,False,DEV_A1,TND,2482.800,False,False,
TXN_000514,2024-08-17,18:37:15,9.100,DEBIT,BOLT RIDE TUNIS,Bolt,Ariana,TN,Transportation,Online Card,False,DEV_A1,TND,2473.700,False,False,
TXN_000515,2024-08-17,21:19:50,142.370,DEBIT,RESTAURANT LE PORT,Restaurant Le Port,Carthage,TN,Dining,POS Card,True,,TND,2331.330,False,False,
TXN_000516,2024-08-18,21:03:25,1180.600,DEBIT,TURKISH AIRLINES ISTANBUL TR,Turkish Airlines,Online,TN,Travel,Online Card,False,DEV_A1,TND,1150.730,False,False,
TXN_000517,2024-08-18,21:29:06,640.400,DEBIT,BOOKING.COM AMSTERDAM NL,Booking.com,Online,TN,Travel,Online Card,False,DEV_B2,TND,510.330,False,False,
TXN_000518,2024-08-18,23:15:34,9.600,DEBIT,UBER TRIP HELP.UBER.COM,Uber,Ariana,TN,Transportation,Online Card,False,DEV_A1,TND,500.730,False,False,
TXN_000519,2024-08-19,15:26:38,14.000,DEBIT,Coffee Break Tunis,Coffee Break,Tunis,TN,Dining,POS Card,True,,TND,486.730,False,False,
TXN_000520,2024-08-19,16:50:53,3.740,DEBIT,COFFEE BREAK TUNIS,Coffee Break,Tunis,TN,Dining,POS Card,True,,TND,482.990,False,False,
TXN_000521,2024-08-20,11:47:04,3.780,DEBIT,PARKING TUNIS,Parking,Tunis,TN,Transportation,POS Card,True,,TND,479.210,False,False,
TXN_000522,2024-08-20,13:16:29,1.670,DEBIT,PARKING ARIANA,Parking,Ariana,TN,Transportation,POS Card,True,,TND,477.540,False,False,
TXN_000523,2024-08-20,14:15:25,13.690,DEBIT,MCDONALDS LA MARSA,McDonald's,La Marsa,TN,Dining,POS Card,True,,TND,463.850,False,False,
TXN_000524,2024-08-21,19:26:56,19.560,DEBIT,CINEMAS PATHE 20177,Pathe Tunis City,Tunis,TN,Entertainment,POS Card,True,,TND,444.290,False,False,
TXN_000525,2024-08-22,06:15:41,18.500,DEBIT,SPOTIFY AB STOCKHOLM,Spotify,Online,SE,Subscriptions,Online Card,False,DEV_A1,TND,425.790,True,False,
TXN_000526,2024-08-22,07:51:08,8.060,DEBIT,PAIEMENT PAUL 5922,Paul,La Marsa,TN,Dining,POS Card,True,,TND,417.730,False,False,
TXN_000527,2024-08-22,10:12:12,8.250,DEBIT,TPE CAFE EL MENZAH 92413,Cafe El Menzah,Tunis,TN,Dining,POS Card,True,,TND,409.480,False,False,
TXN_000528,2024-08-23,01:05:52,46.460,DEBIT,SONEDE FACTURE EAU,SONEDE,Online,TN,Utilities,Direct Debit,,,TND,363.020,True,False,
TXN_000529,2024-08-23,14:33:06,9.300,DEBIT,Coffee Break Tunis,Coffee Break,Tunis,TN,Dining,POS Card,True,,TND,353.720,False,False,
TXN_000530,2024-08-23,18:49:08,13.300,DEBIT,EPICERIE BEN SALEM ARIANA,Epicerie Ben Salem,Ariana,TN,Groceries,POS Card,True,,TND,340.420,False,False,
TXN_000531,2024-08-24,08:14:08,1.300,DEBIT,SMART PARKING LAC 61198,Parking,Ariana,TN,Transportation,POS Card,True,,TND,339.120,False,False,
TXN_000532,2024-08-24,08:57:30,10.440,DEBIT,UBER *TRIP 16522,Uber,Tunis,TN,Transportation,Online Card,False,DEV_A1,TND,328.680,False,False,
TXN_000533,2024-08-24,13:05:02,10.800,DEBIT,UBER TRIP HELP.UBER.COM,Uber,Ariana,TN,Transportation,Online Card,False,DEV_A1,TND,317.880,False,False,
TXN_000534,2024-08-24,17:46:09,6.000,DEBIT,Coffee Break Ariana,Coffee Break,Ariana,TN,Dining,POS Card,True,,TND,311.880,False,False,
TXN_000535,2024-08-25,21:09:22,7.000,DEBIT,UBER *TRIP 21182,Uber,Tunis,TN,Transportation,Online Card,False,DEV_A1,TND,304.880,False,False,
TXN_000536,2024-08-26,09:17:47,9.800,DEBIT,CAFE EL MENZAH,Cafe El Menzah,Tunis,TN,Dining,POS Card,True,,TND,295.080,False,False,
TXN_000537,2024-08-26,11:18:46,6.000,DEBIT,PAIEMENT PAUL 80799,Paul,Tunis,TN,Dining,POS Card,True,,TND,289.080,False,False,
TXN_000538,2024-08-26,17:13:52,6.200,DEBIT,Coffee Break Ariana,Coffee Break,Ariana,TN,Dining,POS Card,True,,TND,282.880,False,False,
TXN_000539,2024-08-27,06:21:39,3312.500,CREDIT,SALARY CREDIT,Nexora Solutions,Online,TN,Salary,Bank Transfer,,,TND,3595.380,True,False,
TXN_000540,2024-08-27,16:00:45,23.000,DEBIT,PAUL TUNIS,Paul,Tunis,TN,Dining,POS Card,True,,TND,3572.380,False,False,
TXN_000541,2024-08-28,01:31:02,1500.000,DEBIT,VIR PERMANENT EPARGNE,Savings Account,Online,TN,Transfer,Standing Order,,,TND,2072.380,True,False,
TXN_000542,2024-08-28,17:14:36,8.320,DEBIT,BOLT RIDE TUNIS,Bolt,Tunis,TN,Transportation,Online Card,False,DEV_A1,TND,2064.060,False,False,
TXN_000543,2024-08-29,20:35:13,210.000,CREDIT,REFUND BOOKING.COM AMSTERDAM NL,Booking.com,Online,TN,Travel,Online Card,False,DEV_A1,TND,2274.060,False,False,
TXN_000544,2024-08-30,04:22:46,4.800,DEBIT,FRAIS TENUE DE COMPTE,Bank Fees,Online,TN,Other,Direct Debit,,,TND,2269.260,True,False,
TXN_000545,2024-08-30,07:37:32,14.810,DEBIT,PAIEMENT PAUL 35303,Paul,Tunis,TN,Dining,POS Card,True,,TND,2254.450,False,False,
TXN_000546,2024-08-30,13:50:36,14.350,DEBIT,MCDONALDS LA MARSA,McDonald's,La Marsa,TN,Dining,POS Card,True,,TND,2240.100,False,False,
TXN_000547,2024-08-30,17:23:58,14.220,DEBIT,PAUL TUNIS,Paul,Tunis,TN,Dining,POS Card,True,,TND,2225.880,False,False,
TXN_000548,2024-08-30,18:37:55,15.750,DEBIT,EPICERIE BEN SALEM,Epicerie Ben Salem,Ariana,TN,Groceries,POS Card,True,,TND,2210.130,False,False,
TXN_000549,2024-08-31,10:29:48,116.380,DEBIT,STATION AGIL 97968,Agil,Tunis,TN,Fuel,POS Card,True,,TND,2093.750,False,False,
TXN_000550,2024-08-31,16:59:18,102.550,DEBIT,SHELL TUNIS,Shell,Tunis,TN,Fuel,POS Card,True,,TND,1991.200,False,False,
TXN_000551,2024-08-31,20:28:55,43.400,DEBIT,RESTAURANT LE PORT,Restaurant Le Port,Carthage,TN,Dining,POS Card,True,,TND,1947.800,False,False,
TXN_000552,2024-09-01,04:27:35,1750.000,CREDIT,VIREMENT EPARGNE VERS COMPTE COURANT,Savings Account,Online,TN,Transfer,Standing Order,,,TND,3697.800,False,False,
TXN_000553,2024-09-01,10:27:46,6.000,DEBIT,BOULANGERIE LE FOURNIL TUNIS,Boulangerie Le Fournil,Tunis,TN,Groceries,POS Card,True,,TND,3691.800,False,False,
TXN_000554,2024-09-01,16:53:12,54.100,DEBIT,FLOUCI TRANSFER 61634,Family Transfer,Online,TN,Transfer,Bank Transfer,,DEV_A1,TND,3637.700,False,False,
TXN_000555,2024-09-01,17:34:25,40.000,DEBIT,ATM WDL 65644 LA MARSA,ATM Withdrawal,La Marsa,TN,Cash Withdrawal,ATM,True,,TND,3597.700,False,False,
TXN_000556,2024-09-01,20:03:53,23.200,DEBIT,EPICERIE BEN SALEM ARIANA,Epicerie Ben Salem,Ariana,TN,Groceries,POS Card,True,,TND,3574.500,False,False,
TXN_000557,2024-09-01,22:29:56,5.200,DEBIT,BOLT RIDE TUNIS,Bolt,Tunis,TN,Transportation,Online Card,False,DEV_A1,TND,3569.300,False,False,
TXN_000558,2024-09-03,03:08:36,720.000,DEBIT,VIR PERMANENT STE IMMOBILIERE,STE Immobiliere,Ariana,TN,Rent,Standing Order,,,TND,2849.300,True,False,
TXN_000559,2024-09-03,03:49:20,412.600,DEBIT,STAR ASSURANCES AUTO,STAR Assurances,Tunis,TN,Insurance,Direct Debit,,,TND,2436.700,True,False,
TXN_000560,2024-09-03,10:29:37,3.000,DEBIT,SMART PARKING LAC 6975,Parking,Ariana,TN,Transportation,POS Card,True,,TND,2433.700,False,False,
TXN_000561,2024-09-03,15:04:22,5.950,DEBIT,CAFE EL MENZAH,Cafe El Menzah,Tunis,TN,Dining,POS Card,True,,TND,2427.750,False,False,
TXN_000562,2024-09-03,16:26:18,17.010,DEBIT,CAFE EL MENZAH,Cafe El Menzah,Tunis,TN,Dining,POS Card,True,,TND,2410.740,False,False,
TXN_000563,2024-09-03,16:54:52,16.900,DEBIT,TPE CAFE EL MENZAH 7862,Cafe El Menzah,Tunis,TN,Dining,POS Card,True,,TND,2393.840,False,False,
TXN_000564,2024-09-04,10:31:30,20.200,DEBIT,BOULANGERIE LE FOURNIL,Boulangerie Le Fournil,Tunis,TN,Groceries,POS Card,True,,TND,2373.640,False,False,
TXN_000565,2024-09-05,07:49:56,9.380,DEBIT,UBER *TRIP 19616,Uber,Ariana,TN,Transportation,Online Card,False,DEV_A1,TND,2364.260,False,False,
TXN_000566,2024-09-05,07:59:47,10.550,DEBIT,BOULANGERIE LE FOURNIL TUNIS,Boulangerie Le Fournil,Tunis,TN,Groceries,POS Card,True,,TND,2353.710,False,False,
TXN_000567,2024-09-05,08:29:38,52.000,DEBIT,BITAKSI ISTANBUL TR,Bitaksi,Istanbul,TR,Transportation,POS Card,True,,TND,2301.710,False,False,
TXN_000568,2024-09-05,12:25:59,96.500,DEBIT,KARAKOY LOKANTASI ISTANBUL TR,Karakoy Lokantasi,Istanbul,TR,Dining,POS Card,True,,TND,2205.210,False,False,
TXN_000569,2024-09-05,17:42:42,6.400,DEBIT,PAIEMENT PAUL 667,Paul,La Marsa,TN,Dining,POS Card,True,,TND,2198.810,False,False,
TXN_000570,2024-09-05,21:27:04,9.000,DEBIT,BOLT *TRIP 47568,Bolt,Ariana,TN,Transportation,Online Card,False,DEV_B2,TND,2189.810,False,False,
TXN_000571,2024-09-06,04:28:17,9.800,DEBIT,FRAIS RETRAIT ETRANGER,Bank Fees,Istanbul,TR,Other,ATM,True,,TND,2180.010,False,False,
TXN_000572,2024-09-06,04:29:54,63.000,DEBIT,OPENAI *CHATGPT SUBSCR,OpenAI,Online,US,Subscriptions,Online Card,False,DEV_A1,TND,2117.010,True,False,
TXN_000573,2024-09-06,11:10:30,30.000,DEBIT,RETRAIT DAB BIAT BEN AROUS,ATM Withdrawal,Ben Arous,TN,Cash Withdrawal,ATM,True,,TND,2087.010,False,False,
TXN_000574,2024-09-06,11:38:40,22.000,DEBIT,EPICERIE BEN SALEM ARIANA,Epicerie Ben Salem,Ariana,TN,Groceries,POS Card,True,,TND,2065.010,False,False,
TXN_000575,2024-09-06,13:36:04,31.200,DEBIT,MADO CAFE ISTANBUL TR,Mado Cafe,Istanbul,TR,Dining,POS Card,True,,TND,2033.810,False,False,
TXN_000576,2024-09-06,15:16:37,182.000,DEBIT,GRAND BAZAAR ISTANBUL TR,Grand Bazaar,Istanbul,TR,Shopping,POS Card,True,,TND,1851.810,False,False,
TXN_000577,2024-09-06,18:30:17,40.000,DEBIT,TUNISIANET ORDER 32151,Tunisianet,Online,TN,Electronics,Online Card,False,DEV_A1,TND,1811.810,False,False,
TXN_000578,2024-09-06,18:53:17,8.790,DEBIT,BOLT RIDE TUNIS,Bolt,La Marsa,TN,Transportation,Online Card,False,DEV_A1,TND,1803.020,False,False,
TXN_000579,2024-09-06,20:57:40,300.000,DEBIT,ATM WDL 481920 ISTANBUL TR,ATM Withdrawal,Istanbul,TR,Cash Withdrawal,ATM,True,,TND,1503.020,False,False,
TXN_000580,2024-09-06,21:47:29,6.250,DEBIT,BOLT RIDE TUNIS,Bolt,Ariana,TN,Transportation,Online Card,False,DEV_A1,TND,1496.770,False,False,
TXN_000581,2024-09-06,22:06:08,4.000,DEBIT,BOLT *TRIP 57543,Bolt,Ariana,TN,Transportation,Online Card,False,DEV_A1,TND,1492.770,False,False,
TXN_000582,2024-09-07,03:43:50,70.000,DEBIT,FITNESS ZONE MEMBERSHIP,Fitness Zone,La Marsa,TN,Subscriptions,Direct Debit,,,TND,1422.770,True,False,
TXN_000583,2024-09-07,20:52:27,24.800,DEBIT,BALIK EKMEK ISTANBUL TR,Balik Ekmek,Istanbul,TR,Dining,POS Card,True,,TND,1397.970,False,False,
TXN_000584,2024-09-07,21:58:44,78.000,DEBIT,TOPKAPI MUSEUM ISTANBUL TR,Topkapi Museum,Istanbul,TR,Entertainment,POS Card,True,,TND,1319.970,False,False,
TXN_000585,2024-09-08,18:14:54,100.800,DEBIT,SHELL STATION 285,Shell,La Marsa,TN,Fuel,POS Card,True,,TND,1219.170,False,False,
TXN_000586,2024-09-08,19:31:36,66.000,DEBIT,BOSPHORUS CRUISE ISTANBUL TR,Bosphorus Cruise,Istanbul,TR,Entertainment,POS Card,True,,TND,1153.170,False,False,
TXN_000587,2024-09-08,21:48:11,128.700,DEBIT,HAMDI RESTAURANT ISTANBUL TR,Hamdi Restaurant,Istanbul,TR,Dining,POS Card,True,,TND,1024.470,False,False,
TXN_000588,2024-09-09,05:58:03,4.200,DEBIT,ICLOUD+ 50GB,Apple,Online,IE,Subscriptions,Online Card,False,DEV_A1,TND,1020.270,True,False,
TXN_000589,2024-09-09,14:23:53,61.500,DEBIT,BITAKSI ISTANBUL TR,Bitaksi,Istanbul,TR,Transportation,POS Card,True,,TND,958.770,False,False,
TXN_000590,2024-09-11,08:24:42,6.850,DEBIT,BOLT RIDE TUNIS,Bolt,Tunis,TN,Transportation,Online Card,False,DEV_A1,TND,951.920,False,False,
TXN_000591,2024-09-11,09:30:15,12.200,DEBIT,COFFEE BREAK ARIANA,Coffee Break,Ariana,TN,Dining,POS Card,True,,TND,939.720,False,False,
TXN_000592,2024-09-11,15:23:30,78.040,DEBIT,FLOUCI TRANSFER 65257,Family Transfer,Online,TN,Transfer,Bank Transfer,,DEV_A1,TND,861.680,False,False,
TXN_000593,2024-09-11,20:45:18,130.100,DEBIT,TUNISIANET ORDER 32364,Tunisianet,Online,TN,Electronics,Online Card,False,DEV_A1,TND,731.580,False,False,
TXN_000594,2024-09-12,04:17:39,36.000,DEBIT,TT FIXE INTERNET 45132,Tunisie Telecom,Online,TN,Utilities,Direct Debit,,,TND,695.580,True,False,
TXN_000595,2024-09-12,04:58:12,112.310,DEBIT,STEG FACTURE ELEC GAZ,STEG,Online,TN,Utilities,Direct Debit,,,TND,583.270,True,False,
TXN_000596,2024-09-12,11:18:10,16.420,DEBIT,BOLT RIDE TUNIS,Bolt,La Marsa,TN,Transportation,Online Card,False,DEV_A1,TND,566.850,False,False,
TXN_000597,2024-09-12,15:28:34,6.320,DEBIT,CAFE EL MENZAH,Cafe El Menzah,Tunis,TN,Dining,POS Card,True,,TND,560.530,False,False,
TXN_000598,2024-09-12,17:10:48,11.500,DEBIT,PAIEMENT PAUL 5222,Paul,La Marsa,TN,Dining,POS Card,True,,TND,549.030,False,False,
TXN_000599,2024-09-13,09:49:14,67.000,DEBIT,CABINET DR TRABELSI,Cabinet Dr Trabelsi,Tunis,TN,Healthcare,POS Card,True,,TND,482.030,False,False,
TXN_000600,2024-09-13,15:55:54,16.000,DEBIT,EPICERIE BEN SALEM ARIANA,Epicerie Ben Salem,Ariana,TN,Groceries,POS Card,True,,TND,466.030,False,False,
TXN_000601,2024-09-13,19:46:34,24.600,DEBIT,CINEMAS PATHE 88236,Pathe Tunis City,Tunis,TN,Entertainment,POS Card,True,,TND,441.430,False,False,
TXN_000602,2024-09-14,02:34:03,29.900,DEBIT,NETFLIX.COM AMSTERDAM,Netflix,Online,NL,Subscriptions,Online Card,False,DEV_A1,TND,411.530,True,False,
TXN_000603,2024-09-15,02:48:52,36.500,DEBIT,GAT ASSURANCE SANTE,GAT Assurances,Tunis,TN,Insurance,Direct Debit,,,TND,375.030,True,False,
TXN_000604,2024-09-15,10:15:49,5.240,DEBIT,BOULANGERIE LE FOURNIL,Boulangerie Le Fournil,Tunis,TN,Groceries,POS Card,True,,TND,369.790,False,False,
TXN_000605,2024-09-15,19:27:54,10.960,DEBIT,UBER TRIP HELP.UBER.COM,Uber,Tunis,TN,Transportation,Online Card,False,DEV_B2,TND,358.830,False,False,
TXN_000606,2024-09-16,12:19:38,31.800,DEBIT,GLOVO*15639,Glovo,Online,TN,Dining,Online Card,False,DEV_B2,TND,327.030,False,False,
TXN_000607,2024-09-17,03:22:47,34.770,DEBIT,OOREDOO BILL PAYMENT,Ooredoo,Online,TN,Utilities,Direct Debit,,,TND,292.260,True,False,
TXN_000608,2024-09-17,08:38:51,4.300,DEBIT,Coffee Break Tunis,Coffee Break,Tunis,TN,Dining,POS Card,True,,TND,287.960,False,False,
TXN_000609,2024-09-17,17:10:43,15.040,DEBIT,BOLT RIDE TUNIS,Bolt,Tunis,TN,Transportation,Online Card,False,DEV_B2,TND,272.920,False,False,
TXN_000610,2024-09-18,19:45:31,129.000,CREDIT,REFUND JUMIA ORDER 48213,Jumia,Online,TN,Shopping,Online Card,False,DEV_A1,TND,401.920,False,False,
TXN_000611,2024-09-20,09:36:41,4.450,DEBIT,BOULANGERIE LE FOURNIL ARIANA,Boulangerie Le Fournil,Ariana,TN,Groceries,POS Card,True,,TND,397.470,False,False,
TXN_000612,2024-09-21,07:09:41,6.700,DEBIT,BOULANGERIE LE FOURNIL,Boulangerie Le Fournil,Tunis,TN,Groceries,POS Card,True,,TND,390.770,False,False,
TXN_000613,2024-09-22,01:09:57,18.500,DEBIT,SPOTIFY AB STOCKHOLM,Spotify,Online,SE,Subscriptions,Online Card,False,DEV_A1,TND,372.270,True,False,
TXN_000614,2024-09-22,08:33:02,1.700,DEBIT,PARKING TUNIS,Parking,Tunis,TN,Transportation,POS Card,True,,TND,370.570,False,False,
TXN_000615,2024-09-24,16:41:27,3.850,DEBIT,COFFEE BREAK TUNIS,Coffee Break,Tunis,TN,Dining,POS Card,True,,TND,366.720,False,False,
TXN_000616,2024-09-26,06:44:09,3200.000,CREDIT,VIR SALAIRE NEXORA SOLUTIONS,Nexora Solutions,Online,TN,Salary,Bank Transfer,,,TND,3566.720,True,False,
TXN_000617,2024-09-26,21:33:39,5.200,DEBIT,UBER *TRIP 54183,Uber,Ariana,TN,Transportation,Online Card,False,DEV_A1,TND,3561.520,False,False,
TXN_000618,2024-09-27,00:51:56,1400.000,DEBIT,VIR PERMANENT EPARGNE,Savings Account,Online,TN,Transfer,Standing Order,,,TND,2161.520,True,False,
TXN_000619,2024-09-27,21:17:13,21.100,DEBIT,CINEMAS PATHE 50560,Pathe Tunis City,Tunis,TN,Entertainment,POS Card,True,,TND,2140.420,False,False,
TXN_000620,2024-09-29,13:27:29,52.980,DEBIT,MG BEN AROUS,MG,Ben Arous,TN,Groceries,POS Card,True,,TND,2087.440,False,False,
TXN_000621,2024-09-30,04:12:55,4.500,DEBIT,COMMISSION TENUE COMPTE 5941,Bank Fees,Online,TN,Other,Direct Debit,,,TND,2082.940,True,False,
TXN_000622,2024-09-30,09:10:01,80.000,DEBIT,RETRAIT DAB BIAT BEN AROUS,ATM Withdrawal,Ben Arous,TN,Cash Withdrawal,ATM,True,,TND,2002.940,False,False,
TXN_000623,2024-09-30,17:15:36,7.850,CREDIT,CASHBACK CARTE DEBIT,Card Cashback,Online,TN,Other,Online Card,False,DEV_A1,TND,2010.790,False,False,
TXN_000624,2024-10-01,01:39:11,1300.000,CREDIT,VIREMENT EPARGNE VERS COMPTE COURANT,Savings Account,Online,TN,Transfer,Standing Order,,,TND,3310.790,False,False,
TXN_000625,2024-10-01,09:53:53,7.400,DEBIT,SMART PARKING LAC 70449,Parking,Tunis,TN,Transportation,POS Card,True,,TND,3303.390,False,False,
TXN_000626,2024-10-02,03:36:40,720.000,DEBIT,VIR PERMANENT STE IMMOBILIERE,STE Immobiliere,Ariana,TN,Rent,Standing Order,,,TND,2583.390,True,False,
TXN_000627,2024-10-02,18:54:14,12.000,DEBIT,BOLT *TRIP 76023,Bolt,La Marsa,TN,Transportation,Online Card,False,DEV_B2,TND,2571.390,False,False,
TXN_000628,2024-10-03,10:14:59,11.000,DEBIT,ORANGE TUNISIE RECHARGE 7521,Orange,Online,TN,Utilities,Online Card,False,DEV_A1,TND,2560.390,False,False,
TXN_000629,2024-10-03,10:41:20,5.150,DEBIT,UBER TRIP HELP.UBER.COM,Uber,Tunis,TN,Transportation,Online Card,False,DEV_A1,TND,2555.240,False,False,
TXN_000630,2024-10-03,15:53:01,262.500,DEBIT,DATACAMP.COM,DataCamp,Online,TN,Education,Online Card,False,DEV_A1,TND,2292.740,False,False,
TXN_000631,2024-10-04,14:15:38,12.000,DEBIT,COFFEE BREAK ARIANA,Coffee Break,Ariana,TN,Dining,POS Card,True,,TND,2280.740,False,False,
TXN_000632,2024-10-05,19:58:14,27.300,DEBIT,RESTAURANT LE PORT TUNIS,Restaurant Le Port,Tunis,TN,Dining,POS Card,True,,TND,2253.440,False,False,
TXN_000633,2024-10-05,23:20:53,17.900,DEBIT,BOLT *TRIP 97413,Bolt,Tunis,TN,Transportation,Online Card,False,DEV_B2,TND,2235.540,False,False,
TXN_000634,2024-10-06,05:04:36,63.000,DEBIT,OPENAI *CHATGPT SUBSCR,OpenAI,Online,US,Subscriptions,Online Card,False,DEV_A1,TND,2172.540,True,False,
TXN_000635,2024-10-06,07:48:15,8.000,DEBIT,BOLT RIDE TUNIS,Bolt,La Marsa,TN,Transportation,Online Card,False,DEV_A1,TND,2164.540,False,False,
TXN_000636,2024-10-06,09:07:45,10.500,DEBIT,BOULANGERIE LE FOURNIL TUNIS,Boulangerie Le Fournil,Tunis,TN,Groceries,POS Card,True,,TND,2154.040,False,False,
TXN_000637,2024-10-06,14:07:29,6.250,DEBIT,EPICERIE BEN SALEM,Epicerie Ben Salem,Ariana,TN,Groceries,POS Card,True,,TND,2147.790,False,False,
TXN_000638,2024-10-06,20:45:28,7.500,DEBIT,BOLT RIDE TUNIS,Bolt,Ariana,TN,Transportation,Online Card,False,DEV_A1,TND,2140.290,False,False,
TXN_000639,2024-10-07,13:54:20,28.650,DEBIT,PHARMACIE CENTRALE TUNIS,Pharmacie Centrale,Tunis,TN,Healthcare,POS Card,True,,TND,2111.640,False,False,
TXN_000640,2024-10-07,16:36:49,20.600,DEBIT,COFFEE BREAK TUNIS,Coffee Break,Tunis,TN,Dining,POS Card,True,,TND,2091.040,False,False,
TXN_000641,2024-10-08,17:40:59,5.000,DEBIT,CAFE EL MENZAH,Cafe El Menzah,Tunis,TN,Dining,POS Card,True,,TND,2086.040,False,False,
TXN_000642,2024-10-08,21:50:37,66.000,DEBIT,MCDO 34786,McDonald's,Tunis,TN,Dining,POS Card,True,,TND,2020.040,False,False,
TXN_000643,2024-10-08,22:14:53,19.990,DEBIT,MCDONALDS BEN AROUS,McDonald's,Ben Arous,TN,Dining,POS Card,True,,TND,2000.050,False,False,
TXN_000644,2024-10-09,02:01:12,36.000,DEBIT,TUNISIE TELECOM ADSL FACTURE,Tunisie Telecom,Online,TN,Utilities,Direct Debit,,,TND,1964.050,True,False,
TXN_000645,2024-10-09,03:01:43,4.200,DEBIT,ICLOUD+ 50GB,Apple,Online,IE,Subscriptions,Online Card,False,DEV_A1,TND,1959.850,True,False,
TXN_000646,2024-10-09,03:59:48,70.000,DEBIT,FITNESS ZONE MEMBERSHIP,Fitness Zone,La Marsa,TN,Subscriptions,Direct Debit,,,TND,1889.850,True,False,
TXN_000647,2024-10-09,09:18:16,21.000,DEBIT,PAIEMENT PAUL 13142,Paul,La Marsa,TN,Dining,POS Card,True,,TND,1868.850,False,False,
TXN_000648,2024-10-09,10:51:03,3.000,DEBIT,TPE CAFE EL MENZAH 74104,Cafe El Menzah,Tunis,TN,Dining,POS Card,True,,TND,1865.850,False,False,
TXN_000649,2024-10-09,14:31:08,100.000,DEBIT,RETRAIT DAB BIAT BEN AROUS,ATM Withdrawal,Ben Arous,TN,Cash Withdrawal,ATM,True,,TND,1765.850,False,False,
TXN_000650,2024-10-09,14:50:54,6.700,DEBIT,Coffee Break Tunis,Coffee Break,Tunis,TN,Dining,POS Card,True,,TND,1759.150,False,False,
TXN_000651,2024-10-10,08:26:18,8.000,DEBIT,BOULANGERIE LE FOURNIL ARIANA,Boulangerie Le Fournil,Ariana,TN,Groceries,POS Card,True,,TND,1751.150,False,False,
TXN_000652,2024-10-11,07:50:59,11.000,DEBIT,BOULANGERIE LE FOURNIL ARIANA,Boulangerie Le Fournil,Ariana,TN,Groceries,POS Card,True,,TND,1740.150,False,False,
TXN_000653,2024-10-11,10:20:26,7.000,DEBIT,PAIEMENT PAUL 79541,Paul,Tunis,TN,Dining,POS Card,True,,TND,1733.150,False,False,
TXN_000654,2024-10-11,11:46:08,61.090,DEBIT,CARREFOUR TUNIS #71130,Carrefour,Tunis,TN,Groceries,POS Card,True,,TND,1672.060,False,False,
TXN_000655,2024-10-11,12:06:38,140.000,DEBIT,RETRAIT GAB AMEN BANK TUNIS,ATM Withdrawal,Tunis,TN,Cash Withdrawal,ATM,True,,TND,1532.060,False,False,
TXN_000656,2024-10-11,12:28:58,91.050,DEBIT,SHELL TUNIS,Shell,Tunis,TN,Fuel,POS Card,True,,TND,1441.010,False,False,
TXN_000657,2024-10-11,13:48:38,7.000,DEBIT,EPICERIE BEN SALEM,Epicerie Ben Salem,Ariana,TN,Groceries,POS Card,True,,TND,1434.010,False,False,
TXN_000658,2024-10-11,13:49:30,3.050,DEBIT,SMART PARKING LAC 71662,Parking,Tunis,TN,Transportation,POS Card,True,,TND,1430.960,False,False,
TXN_000659,2024-10-12,06:52:59,13.470,DEBIT,UBER TRIP HELP.UBER.COM,Uber,Ariana,TN,Transportation,Online Card,False,DEV_A1,TND,1417.490,False,False,
TXN_000660,2024-10-12,09:34:28,11.950,DEBIT,PAIEMENT PAUL 91593,Paul,La Marsa,TN,Dining,POS Card,True,,TND,1405.540,False,False,
TXN_000661,2024-10-12,16:54:45,684.500,DEBIT,CLINIQUE PRIVEE LA MARSA URGENCES,Clinique Privee La Marsa,La Marsa,TN,Healthcare,POS Card,True,,TND,721.040,False,False,
TXN_000662,2024-10-12,19:57:33,43.750,DEBIT,MCDO 62390,McDonald's,Ariana,TN,Dining,POS Card,True,,TND,677.290,False,False,
TXN_000663,2024-10-12,20:42:30,21.400,DEBIT,GLOVO TUNIS,Glovo,Online,TN,Dining,Online Card,False,DEV_A1,TND,655.890,False,False,
TXN_000664,2024-10-13,11:27:13,22.000,DEBIT,BOULANGERIE LE FOURNIL,Boulangerie Le Fournil,Tunis,TN,Groceries,POS Card,True,,TND,633.890,False,False,
TXN_000665,2024-10-13,12:30:31,41.300,DEBIT,RESTAURANT LE PORT,Restaurant Le Port,Carthage,TN,Dining,POS Card,True,,TND,592.590,False,False,
TXN_000666,2024-10-14,04:49:43,29.900,DEBIT,NETFLIX.COM,Netflix,Online,NL,Subscriptions,Online Card,False,DEV_A1,TND,562.690,True,False,
TXN_000667,2024-10-14,10:28:28,30.500,DEBIT,D17 TRANSFER 24927,Friend Transfer,Online,TN,Transfer,Mobile Wallet,False,DEV_A1,TND,532.190,False,False,
TXN_000668,2024-10-14,16:20:32,13.510,DEBIT,COFFEE BREAK ARIANA,Coffee Break,Ariana,TN,Dining,POS Card,True,,TND,518.680,False,False,
TXN_000669,2024-10-15,00:49:06,36.500,DEBIT,GAT ASSURANCES PRELEVEMENT,GAT Assurances,Tunis,TN,Insurance,Direct Debit,,,TND,482.180,True,False,
TXN_000670,2024-10-15,14:25:14,54.050,DEBIT,STATION AGIL 86551,Agil,Ariana,TN,Fuel,POS Card,True,,TND,428.130,False,False,
TXN_000671,2024-10-15,18:59:49,4.350,DEBIT,SMART PARKING LAC 31364,Parking,Ariana,TN,Transportation,POS Card,True,,TND,423.780,False,False,
TXN_000672,2024-10-15,22:44:56,32.000,DEBIT,RESTAURANT LE PORT TUNIS,Restaurant Le Port,Tunis,TN,Dining,POS Card,True,,TND,391.780,False,False,
TXN_000673,2024-10-16,09:20:51,16.500,DEBIT,Coffee Break Tunis,Coffee Break,Tunis,TN,Dining,POS Card,True,,TND,375.280,False,False,
TXN_000674,2024-10-16,19:07:12,18.150,DEBIT,EPICERIE BEN SALEM ARIANA,Epicerie Ben Salem,Ariana,TN,Groceries,POS Card,True,,TND,357.130,False,False,
TXN_000675,2024-10-18,00:59:33,29.150,DEBIT,OOREDOO BILL PAYMENT,Ooredoo,Online,TN,Utilities,Direct Debit,,,TND,327.980,True,False,
TXN_000676,2024-10-18,09:17:11,12.900,DEBIT,CAFE EL MENZAH,Cafe El Menzah,Tunis,TN,Dining,POS Card,True,,TND,315.080,False,False,
TXN_000677,2024-10-19,11:58:51,7.000,DEBIT,BOULANGERIE LE FOURNIL TUNIS,Boulangerie Le Fournil,Tunis,TN,Groceries,POS Card,True,,TND,308.080,False,False,
TXN_000678,2024-10-19,14:35:29,3.610,DEBIT,PARKING TUNIS,Parking,Tunis,TN,Transportation,POS Card,True,,TND,304.470,False,False,
TXN_000679,2024-10-19,17:54:55,2.550,DEBIT,SMART PARKING LAC 77979,Parking,Ariana,TN,Transportation,POS Card,True,,TND,301.920,False,False,
TXN_000680,2024-10-19,20:34:08,5.600,DEBIT,EPICERIE BEN SALEM,Epicerie Ben Salem,Ariana,TN,Groceries,POS Card,True,,TND,296.320,False,False,
TXN_000681,2024-10-22,01:43:20,18.500,DEBIT,SPOTIFY PREMIUM,Spotify,Online,SE,Subscriptions,Online Card,False,DEV_A1,TND,277.820,True,False,
TXN_000682,2024-10-23,09:29:26,3.950,DEBIT,CAFE EL MENZAH,Cafe El Menzah,Tunis,TN,Dining,POS Card,True,,TND,273.870,False,False,
TXN_000683,2024-10-23,16:42:19,8.990,DEBIT,PAIEMENT PAUL 8081,Paul,La Marsa,TN,Dining,POS Card,True,,TND,264.880,False,False,
TXN_000684,2024-10-24,12:45:33,4.700,DEBIT,BOLT RIDE TUNIS,Bolt,Tunis,TN,Transportation,Online Card,False,DEV_A1,TND,260.180,False,False,
TXN_000685,2024-10-24,16:46:29,9.600,DEBIT,BOLT RIDE TUNIS,Bolt,Tunis,TN,Transportation,Online Card,False,DEV_A1,TND,250.580,False,False,
TXN_000686,2024-10-25,06:50:37,3200.000,CREDIT,MONTHLY SALARY,Nexora Solutions,Online,TN,Salary,Bank Transfer,,,TND,3450.580,True,False,
TXN_000687,2024-10-25,11:01:24,6.500,DEBIT,Coffee Break Ariana,Coffee Break,Ariana,TN,Dining,POS Card,True,,TND,3444.080,False,False,
TXN_000688,2024-10-25,19:19:04,40.000,DEBIT,ATM WDL 29718 BEN AROUS,ATM Withdrawal,Ben Arous,TN,Cash Withdrawal,ATM,True,,TND,3404.080,False,False,
TXN_000689,2024-10-26,01:05:46,250.000,DEBIT,ATM WDL 69128 ALGIERS DZ,ATM Withdrawal,Algiers,DZ,Cash Withdrawal,ATM,True,,TND,3154.080,False,True,atm_cash_out
TXN_000690,2024-10-26,01:13:33,200.000,DEBIT,ATM WDL 61935 ALGIERS DZ,ATM Withdrawal,Algiers,DZ,Cash Withdrawal,ATM,True,,TND,2954.080,False,True,atm_cash_out
TXN_000691,2024-10-26,01:21:21,150.000,DEBIT,ATM WDL 18857 ALGIERS DZ,ATM Withdrawal,Algiers,DZ,Cash Withdrawal,ATM,True,,TND,2804.080,False,True,atm_cash_out
TXN_000692,2024-10-26,03:57:06,1500.000,DEBIT,VIR PERMANENT EPARGNE,Savings Account,Online,TN,Transfer,Standing Order,,,TND,1304.080,True,False,
TXN_000693,2024-10-26,18:23:52,15.520,DEBIT,BOLT *TRIP 42753,Bolt,Tunis,TN,Transportation,Online Card,False,DEV_B2,TND,1288.560,False,False,
TXN_000694,2024-10-26,20:58:13,129.660,DEBIT,MONOPRIX ARIANA #58343,Monoprix,Ariana,TN,Groceries,POS Card,True,,TND,1158.900,False,False,
TXN_000695,2024-10-28,19:23:18,11.490,DEBIT,BOLT *TRIP 85089,Bolt,La Marsa,TN,Transportation,Online Card,False,DEV_A1,TND,1147.410,False,False,
TXN_000696,2024-10-29,09:16:06,15.000,DEBIT,CAFE EL MENZAH,Cafe El Menzah,Tunis,TN,Dining,POS Card,True,,TND,1132.410,False,False,
TXN_000697,2024-10-29,09:31:27,11.100,DEBIT,BOULANGERIE LE FOURNIL,Boulangerie Le Fournil,Tunis,TN,Groceries,POS Card,True,,TND,1121.310,False,False,
TXN_000698,2024-10-29,11:13:00,8.150,DEBIT,COFFEE BREAK TUNIS,Coffee Break,Tunis,TN,Dining,POS Card,True,,TND,1113.160,False,False,
TXN_000699,2024-10-30,03:01:33,4.800,DEBIT,COMMISSION TENUE COMPTE 62461,Bank Fees,Online,TN,Other,Direct Debit,,,TND,1108.360,True,False,
TXN_000700,2024-10-31,08:31:01,50.000,DEBIT,TOTALENERGIES LA MARSA,TotalEnergies,La Marsa,TN,Fuel,POS Card,True,,TND,1058.360,False,False,
TXN_000701,2024-10-31,20:12:28,5.000,DEBIT,EPICERIE BEN SALEM,Epicerie Ben Salem,Ariana,TN,Groceries,POS Card,True,,TND,1053.360,False,False,
TXN_000702,2024-11-01,03:54:22,750.000,CREDIT,VIREMENT EPARGNE VERS COMPTE COURANT,Savings Account,Online,TN,Transfer,Standing Order,,,TND,1803.360,False,False,
TXN_000703,2024-11-01,07:33:58,3.750,DEBIT,TPE CAFE EL MENZAH 29311,Cafe El Menzah,Tunis,TN,Dining,POS Card,True,,TND,1799.610,False,False,
TXN_000704,2024-11-01,19:18:37,5.000,DEBIT,BOLT *TRIP 76274,Bolt,Tunis,TN,Transportation,Online Card,False,DEV_A1,TND,1794.610,False,False,
TXN_000705,2024-11-01,21:19:16,14.300,DEBIT,UBER TRIP HELP.UBER.COM,Uber,Ariana,TN,Transportation,Online Card,False,DEV_A1,TND,1780.310,False,False,
TXN_000706,2024-11-02,09:02:09,10.000,DEBIT,BOLT RIDE TUNIS,Bolt,Ariana,TN,Transportation,Online Card,False,DEV_A1,TND,1770.310,False,False,
TXN_000707,2024-11-02,11:07:29,5.000,DEBIT,RECHARGE DATA ORANGE,Orange,Online,TN,Utilities,Online Card,False,DEV_A1,TND,1765.310,False,False,
TXN_000708,2024-11-02,16:48:35,9.500,DEBIT,BOLT RIDE TUNIS,Bolt,La Marsa,TN,Transportation,Online Card,False,DEV_A1,TND,1755.810,False,False,
TXN_000709,2024-11-02,17:23:27,45.000,DEBIT,GEANT ARIANA,Géant,Ariana,TN,Groceries,POS Card,True,,TND,1710.810,False,False,
TXN_000710,2024-11-02,23:29:02,17.000,DEBIT,BOLT *TRIP 98822,Bolt,La Marsa,TN,Transportation,Online Card,False,DEV_A1,TND,1693.810,False,False,
TXN_000711,2024-11-03,15:24:56,12.650,DEBIT,COFFEE BREAK TUNIS,Coffee Break,Tunis,TN,Dining,POS Card,True,,TND,1681.160,False,False,
TXN_000712,2024-11-04,04:46:35,720.000,DEBIT,STE IMMOBILIERE LOYER,STE Immobiliere,Ariana,TN,Rent,Standing Order,,,TND,961.160,True,False,
TXN_000713,2024-11-04,08:48:17,6.200,DEBIT,BOLT *TRIP 25856,Bolt,Ariana,TN,Transportation,Online Card,False,DEV_A1,TND,954.960,False,False,
TXN_000714,2024-11-04,11:22:56,73.750,DEBIT,AMZN MKTP FR*120,Amazon,Online,TN,Shopping,Online Card,False,DEV_B2,TND,881.210,False,False,
TXN_000715,2024-11-04,19:25:59,11.140,DEBIT,UBER *TRIP 21628,Uber,Tunis,TN,Transportation,Online Card,False,DEV_A1,TND,870.070,False,False,
TXN_000716,2024-11-05,16:15:11,11.750,DEBIT,CAFE EL MENZAH,Cafe El Menzah,Tunis,TN,Dining,POS Card,True,,TND,858.320,False,False,
TXN_000717,2024-11-06,01:33:44,63.000,DEBIT,OPENAI *CHATGPT SUBSCR,OpenAI,Online,US,Subscriptions,Online Card,False,DEV_A1,TND,795.320,True,False,
TXN_000718,2024-11-06,16:35:13,6.000,DEBIT,BOLT *TRIP 43893,Bolt,La Marsa,TN,Transportation,Online Card,False,DEV_B2,TND,789.320,False,False,
TXN_000719,2024-11-06,17:52:23,12.780,DEBIT,PHARMACIE CENTRALE ARIANA,Pharmacie Centrale,Ariana,TN,Healthcare,POS Card,True,,TND,776.540,False,False,
TXN_000720,2024-11-07,14:28:31,8.040,DEBIT,COFFEE BREAK ARIANA,Coffee Break,Ariana,TN,Dining,POS Card,True,,TND,768.500,False,False,
TXN_000721,2024-11-08,00:31:12,70.000,DEBIT,FITNESS ZONE LA MARSA ABONNEMENT,Fitness Zone,La Marsa,TN,Subscriptions,Direct Debit,,,TND,698.500,True,False,
TXN_000722,2024-11-08,08:08:48,10.700,DEBIT,PAIEMENT PAUL 36354,Paul,La Marsa,TN,Dining,POS Card,True,,TND,687.800,False,False,
TXN_000723,2024-11-08,10:52:48,10.000,DEBIT,COFFEE BREAK ARIANA,Coffee Break,Ariana,TN,Dining,POS Card,True,,TND,677.800,False,False,
TXN_000724,2024-11-08,14:25:22,13.000,DEBIT,BOLT RIDE TUNIS,Bolt,La Marsa,TN,Transportation,Online Card,False,DEV_A1,TND,664.800,False,False,
TXN_000725,2024-11-09,02:39:36,84.620,DEBIT,STEG PAIEMENT 91506,STEG,Online,TN,Utilities,Direct Debit,,,TND,580.180,True,False,
TXN_000726,2024-11-09,06:19:00,4.200,DEBIT,ICLOUD+ 50GB,Apple,Online,IE,Subscriptions,Online Card,False,DEV_B2,TND,575.980,True,False,
TXN_000727,2024-11-09,08:28:13,12.790,DEBIT,COFFEE BREAK TUNIS,Coffee Break,Tunis,TN,Dining,POS Card,True,,TND,563.190,False,False,
TXN_000728,2024-11-10,17:55:35,6.000,DEBIT,EPICERIE BEN SALEM,Epicerie Ben Salem,Ariana,TN,Groceries,POS Card,True,,TND,557.190,False,False,
TXN_000729,2024-11-10,18:46:19,9.000,DEBIT,BOLT *TRIP 29754,Bolt,Tunis,TN,Transportation,Online Card,False,DEV_A1,TND,548.190,False,False,
TXN_000730,2024-11-11,05:12:30,36.000,DEBIT,TUNISIE TELECOM ADSL FACTURE,Tunisie Telecom,Online,TN,Utilities,Direct Debit,,,TND,512.190,True,False,
TXN_000731,2024-11-12,09:21:00,1.000,DEBIT,SMART PARKING LAC 23151,Parking,Tunis,TN,Transportation,POS Card,True,,TND,511.190,False,False,
TXN_000732,2024-11-12,15:42:47,7.000,DEBIT,Coffee Break Tunis,Coffee Break,Tunis,TN,Dining,POS Card,True,,TND,504.190,False,False,
TXN_000733,2024-11-12,18:18:51,86.100,DEBIT,STEAMGAMES.COM 43844,Steam,Online,US,Entertainment,Online Card,False,DEV_A1,TND,418.090,False,False,
TXN_000734,2024-11-13,08:32:29,8.450,DEBIT,TPE CAFE EL MENZAH 8380,Cafe El Menzah,Tunis,TN,Dining,POS Card,True,,TND,409.640,False,False,
TXN_000735,2024-11-13,14:25:40,81.680,DEBIT,TOTAL SERVICE STATION LA MARSA #39695,TotalEnergies,La Marsa,TN,Fuel,POS Card,True,,TND,327.960,False,False,
TXN_000736,2024-11-14,05:00:53,29.900,DEBIT,NETFLIX.COM AMSTERDAM,Netflix,Online,NL,Subscriptions,Online Card,False,DEV_A1,TND,298.060,True,False,
TXN_000737,2024-11-15,02:31:50,36.500,DEBIT,GAT ASSURANCE SANTE,GAT Assurances,Tunis,TN,Insurance,Direct Debit,,,TND,261.560,True,False,
TXN_000738,2024-11-16,02:29:21,32.800,DEBIT,OOREDOO BILL PAYMENT,Ooredoo,Online,TN,Utilities,Direct Debit,,,TND,228.760,True,False,
TXN_000739,2024-11-16,10:46:59,600.000,CREDIT,REMBOURSEMENT LITIGE CARTE,Bank Dispute Reimbursement,Tunis,TN,Other,Bank Transfer,,,TND,828.760,,False,
TXN_000740,2024-11-16,17:36:54,14.000,DEBIT,BOLT RIDE TUNIS,Bolt,Tunis,TN,Transportation,Online Card,False,DEV_A1,TND,814.760,False,False,
TXN_000741,2024-11-16,18:31:14,3.000,DEBIT,BOLT *TRIP 60046,Bolt,Ariana,TN,Transportation,Online Card,False,DEV_A1,TND,811.760,False,False,
TXN_000742,2024-11-17,02:47:41,58.240,DEBIT,SONEDE 83845,SONEDE,Online,TN,Utilities,Direct Debit,,,TND,753.520,True,False,
TXN_000743,2024-11-17,13:53:38,82.690,DEBIT,GEANT TUNIS,Géant,Tunis,TN,Groceries,POS Card,True,,TND,670.830,False,False,
TXN_000744,2024-11-18,22:09:43,45.450,DEBIT,GLOVO TUNIS,Glovo,Online,TN,Dining,Online Card,False,DEV_A1,TND,625.380,False,False,
TXN_000745,2024-11-19,08:22:23,8.420,DEBIT,BOULANGERIE LE FOURNIL TUNIS,Boulangerie Le Fournil,Tunis,TN,Groceries,POS Card,True,,TND,616.960,False,False,
TXN_000746,2024-11-21,08:35:09,16.070,DEBIT,COFFEE BREAK TUNIS,Coffee Break,Tunis,TN,Dining,POS Card,True,,TND,600.890,False,False,
TXN_000747,2024-11-21,10:17:36,7.220,DEBIT,COFFEE BREAK TUNIS,Coffee Break,Tunis,TN,Dining,POS Card,True,,TND,593.670,False,False,
TXN_000748,2024-11-22,03:43:23,18.500,DEBIT,SPOTIFY AB STOCKHOLM,Spotify,Online,SE,Subscriptions,Online Card,False,DEV_A1,TND,575.170,True,False,
TXN_000749,2024-11-22,14:04:12,46.750,DEBIT,FLOUCI P2P 39372,Friend Transfer,Online,TN,Transfer,Mobile Wallet,False,DEV_A1,TND,528.420,False,False,
TXN_000750,2024-11-22,20:17:35,29.000,DEBIT,PATHE TUNIS CITY,Pathe Tunis City,Tunis,TN,Entertainment,POS Card,True,,TND,499.420,False,False,
TXN_000751,2024-11-23,09:03:35,3.450,DEBIT,BOLT *TRIP 71748,Bolt,La Marsa,TN,Transportation,Online Card,False,DEV_B2,TND,495.970,False,False,
TXN_000752,2024-11-23,10:38:32,3.000,DEBIT,Coffee Break Tunis,Coffee Break,Tunis,TN,Dining,POS Card,True,,TND,492.970,False,False,
TXN_000753,2024-11-24,14:06:02,47.840,DEBIT,JUMIA.COM.TN,Jumia,Online,TN,Shopping,Online Card,False,DEV_A1,TND,445.130,False,False,
TXN_000754,2024-11-25,11:25:48,18.000,DEBIT,CAFE EL MENZAH,Cafe El Menzah,Tunis,TN,Dining,POS Card,True,,TND,427.130,False,False,
TXN_000755,2024-11-25,16:55:03,19.530,DEBIT,COFFEE BREAK TUNIS,Coffee Break,Tunis,TN,Dining,POS Card,True,,TND,407.600,False,False,
TXN_000756,2024-11-26,08:58:26,19.000,DEBIT,PAUL LA MARSA,Paul,La Marsa,TN,Dining,POS Card,True,,TND,388.600,False,False,
TXN_000757,2024-11-26,13:22:12,18.800,DEBIT,PHCIE CENTRALE 56319,Pharmacie Centrale,Tunis,TN,Healthcare,POS Card,True,,TND,369.800,False,False,
TXN_000758,2024-11-26,20:31:22,87.700,DEBIT,INDITEX ZARA 18898,Zara,Tunis,TN,Shopping,POS Card,True,,TND,282.100,False,False,
TXN_000759,2024-11-27,07:33:42,3200.000,CREDIT,SALARY CREDIT,Nexora Solutions,Online,TN,Salary,Bank Transfer,,,TND,3482.100,True,False,
TXN_000760,2024-11-28,03:46:36,1500.000,DEBIT,VIREMENT COMPTE EPARGNE 82047,Savings Account,Online,TN,Transfer,Standing Order,,,TND,1982.100,True,False,
TXN_000761,2024-11-28,19:09:18,10.780,DEBIT,EPICERIE BEN SALEM ARIANA,Epicerie Ben Salem,Ariana,TN,Groceries,POS Card,True,,TND,1971.320,False,False,
TXN_000762,2024-11-29,09:22:08,8.360,DEBIT,BOULANGERIE LE FOURNIL,Boulangerie Le Fournil,Tunis,TN,Groceries,POS Card,True,,TND,1962.960,False,False,
TXN_000763,2024-11-29,11:25:49,1179.000,DEBIT,TUNISIANET ORDER 88213,Tunisianet,Online,TN,Electronics,Online Card,False,DEV_A1,TND,783.960,False,False,
TXN_000764,2024-11-29,17:48:58,3.700,DEBIT,COFFEE BREAK TUNIS,Coffee Break,Tunis,TN,Dining,POS Card,True,,TND,780.260,False,False,
TXN_000765,2024-11-30,04:36:13,4.500,DEBIT,COMMISSION TENUE COMPTE 30886,Bank Fees,Online,TN,Other,Direct Debit,,,TND,775.760,True,False,
TXN_000766,2024-11-30,06:59:56,19.820,DEBIT,UBER *TRIP 18875,Uber,Tunis,TN,Transportation,Online Card,False,DEV_A1,TND,755.940,False,False,
TXN_000767,2024-11-30,13:23:13,5.400,DEBIT,BOLT RIDE TUNIS,Bolt,Ariana,TN,Transportation,Online Card,False,DEV_A1,TND,750.540,False,False,
TXN_000768,2024-12-01,04:31:04,1550.000,CREDIT,VIREMENT EPARGNE VERS COMPTE COURANT,Savings Account,Online,TN,Transfer,Standing Order,,,TND,2300.540,False,False,
TXN_000769,2024-12-01,10:04:51,4.580,DEBIT,BOULANGERIE LE FOURNIL,Boulangerie Le Fournil,Ariana,TN,Groceries,POS Card,True,,TND,2295.960,False,False,
TXN_000770,2024-12-02,07:33:35,3.930,DEBIT,CAFE EL MENZAH,Cafe El Menzah,Tunis,TN,Dining,POS Card,True,,TND,2292.030,False,False,
TXN_000771,2024-12-02,10:57:56,2.700,DEBIT,BOULANGERIE LE FOURNIL,Boulangerie Le Fournil,Tunis,TN,Groceries,POS Card,True,,TND,2289.330,False,False,
TXN_000772,2024-12-03,13:12:45,25.650,DEBIT,EPICERIE BEN SALEM ARIANA,Epicerie Ben Salem,Ariana,TN,Groceries,POS Card,True,,TND,2263.680,False,False,
TXN_000773,2024-12-03,18:19:30,196.400,DEBIT,ZALANDO.DE BERLIN DE,Zalando,Online,DE,Shopping,Online Card,False,DEV_A1,TND,2067.280,False,False,
TXN_000774,2024-12-04,02:24:21,278.955,DEBIT,GADGET HUB ONLINE US,Gadget Hub Online,Online,US,Electronics,Online Card,False,DEV_4E3D,TND,1788.325,False,True,account_takeover
TXN_000775,2024-12-04,02:31:52,251.285,DEBIT,LUXEBOUTIQUE ONLINE GB,LuxeBoutique Online,Online,GB,Shopping,Online Card,False,DEV_4E3D,TND,1537.040,False,True,account_takeover
TXN_000776,2024-12-04,02:43:43,256.077,DEBIT,VIR WEB NOUVEAU BENEFICIAIRE,Unknown Beneficiary,Online,TN,Transfer,Bank Transfer,,DEV_4E3D,TND,1280.963,False,True,account_takeover
TXN_000777,2024-12-04,05:07:16,720.000,DEBIT,STE IMMOBILIERE LOYER,STE Immobiliere,Ariana,TN,Rent,Standing Order,,,TND,560.963,True,False,
TXN_000778,2024-12-04,10:02:11,3.800,DEBIT,SMART PARKING LAC 21864,Parking,Tunis,TN,Transportation,POS Card,True,,TND,557.163,False,False,
TXN_000779,2024-12-04,11:15:02,4.000,DEBIT,BOULANGERIE LE FOURNIL ARIANA,Boulangerie Le Fournil,Ariana,TN,Groceries,POS Card,True,,TND,553.163,False,False,
TXN_000780,2024-12-04,11:45:20,23.650,DEBIT,BOLT *TRIP 67337,Bolt,La Marsa,TN,Transportation,Online Card,False,DEV_A1,TND,529.513,False,False,
TXN_000781,2024-12-04,13:48:19,16.400,DEBIT,MCDONALDS ARIANA,McDonald's,Ariana,TN,Dining,POS Card,True,,TND,513.113,False,False,
TXN_000782,2024-12-05,10:27:32,5.700,DEBIT,CAFE EL MENZAH,Cafe El Menzah,Tunis,TN,Dining,POS Card,True,,TND,507.413,False,False,
TXN_000783,2024-12-05,21:23:43,10.000,DEBIT,UBER TRIP HELP.UBER.COM,Uber,Tunis,TN,Transportation,Online Card,False,DEV_A1,TND,497.413,False,False,
TXN_000784,2024-12-06,03:59:59,63.000,DEBIT,OPENAI *CHATGPT SUBSCR,OpenAI,Online,US,Subscriptions,Online Card,False,DEV_B2,TND,434.413,True,False,
TXN_000785,2024-12-06,07:16:21,11.360,DEBIT,BOLT *TRIP 91324,Bolt,La Marsa,TN,Transportation,Online Card,False,DEV_A1,TND,423.053,False,False,
TXN_000786,2024-12-06,16:47:32,240.000,CREDIT,REMBOURSEMENT GAT SANTE,GAT Assurances,Online,TN,Healthcare,Online Card,False,DEV_B2,TND,663.053,False,False,
TXN_000787,2024-12-07,16:53:22,52.000,DEBIT,PHCIE CENTRALE 40179,Pharmacie Centrale,Tunis,TN,Healthcare,POS Card,True,,TND,611.053,False,False,
TXN_000788,2024-12-07,18:12:50,140.000,DEBIT,ATM WDL 25055 LA MARSA,ATM Withdrawal,La Marsa,TN,Cash Withdrawal,ATM,True,,TND,471.053,False,False,
TXN_000789,2024-12-07,21:50:51,34.600,DEBIT,RESTAURANT LE PORT CARTHAGE,Restaurant Le Port,Carthage,TN,Dining,POS Card,True,,TND,436.453,False,False,
TXN_000790,2024-12-08,04:01:36,36.000,DEBIT,TT FIXE INTERNET 73179,Tunisie Telecom,Online,TN,Utilities,Direct Debit,,,TND,400.453,True,False,
TXN_000791,2024-12-08,05:11:48,70.000,DEBIT,FITNESS ZONE MEMBERSHIP,Fitness Zone,La Marsa,TN,Subscriptions,Direct Debit,,,TND,330.453,True,False,
TXN_000792,2024-12-08,07:56:50,7.300,DEBIT,BOLT *TRIP 93233,Bolt,Ariana,TN,Transportation,Online Card,False,DEV_B2,TND,323.153,False,False,
TXN_000793,2024-12-08,08:01:50,2.900,DEBIT,BOULANGERIE LE FOURNIL,Boulangerie Le Fournil,Ariana,TN,Groceries,POS Card,True,,TND,320.253,False,False,
TXN_000794,2024-12-08,16:42:40,5.700,DEBIT,BOLT *TRIP 36381,Bolt,Tunis,TN,Transportation,Online Card,False,DEV_A1,TND,314.553,False,False,
TXN_000795,2024-12-09,01:30:41,4.200,DEBIT,APPLE.COM/BILL,Apple,Online,IE,Subscriptions,Online Card,False,DEV_A1,TND,310.353,True,False,
TXN_000796,2024-12-09,11:14:24,24.900,DEBIT,PAIEMENT PAUL 36941,Paul,Tunis,TN,Dining,POS Card,True,,TND,285.453,False,False,
TXN_000797,2024-12-09,16:02:12,4.100,DEBIT,COFFEE BREAK ARIANA,Coffee Break,Ariana,TN,Dining,POS Card,True,,TND,281.353,False,False,
TXN_000798,2024-12-14,06:13:36,29.900,DEBIT,NETFLIX.COM,Netflix,Online,NL,Subscriptions,Online Card,False,DEV_B2,TND,251.453,True,False,
TXN_000799,2024-12-14,10:41:01,786.317,CREDIT,REMBOURSEMENT LITIGE CARTE,Bank Dispute Reimbursement,Tunis,TN,Other,Bank Transfer,,,TND,1037.770,,False,
TXN_000800,2024-12-14,17:57:40,480.000,DEBIT,BIJOUTERIE EL MEDINA TUNIS,Bijouterie El Medina,Tunis,TN,Shopping,POS Card,True,,TND,557.770,False,False,
TXN_000801,2024-12-14,21:58:42,4.000,DEBIT,BOLT RIDE TUNIS,Bolt,Tunis,TN,Transportation,Online Card,False,DEV_A1,TND,553.770,False,False,
TXN_000802,2024-12-14,22:43:26,55.250,DEBIT,MCDO 99375,McDonald's,Tunis,TN,Dining,POS Card,True,,TND,498.520,False,False,
TXN_000803,2024-12-15,00:43:02,36.500,DEBIT,GAT ASSURANCE SANTE,GAT Assurances,Tunis,TN,Insurance,Direct Debit,,,TND,462.020,True,False,
TXN_000804,2024-12-15,10:48:12,22.770,DEBIT,EPICERIE BEN SALEM,Epicerie Ben Salem,Ariana,TN,Groceries,POS Card,True,,TND,439.250,False,False,
TXN_000805,2024-12-15,13:24:32,7.430,DEBIT,BOLT *TRIP 74237,Bolt,Tunis,TN,Transportation,Online Card,False,DEV_A1,TND,431.820,False,False,
TXN_000806,2024-12-15,13:46:05,87.830,DEBIT,RESTAURANT LE PORT,Restaurant Le Port,Tunis,TN,Dining,POS Card,True,,TND,343.990,False,False,
TXN_000807,2024-12-16,08:52:08,2.000,DEBIT,SMART PARKING LAC 42023,Parking,Tunis,TN,Transportation,POS Card,True,,TND,341.990,False,False,
TXN_000808,2024-12-16,09:42:45,14.050,DEBIT,Coffee Break Tunis,Coffee Break,Tunis,TN,Dining,POS Card,True,,TND,327.940,False,False,
TXN_000809,2024-12-17,10:03:48,5.000,DEBIT,BOLT RIDE TUNIS,Bolt,La Marsa,TN,Transportation,Online Card,False,DEV_A1,TND,322.940,False,False,
TXN_000810,2024-12-17,14:01:55,10.000,DEBIT,Coffee Break Tunis,Coffee Break,Tunis,TN,Dining,POS Card,True,,TND,312.940,False,False,
TXN_000811,2024-12-17,14:35:20,11.000,DEBIT,TPE CAFE EL MENZAH 99868,Cafe El Menzah,Tunis,TN,Dining,POS Card,True,,TND,301.940,False,False,
TXN_000812,2024-12-20,01:53:16,26.000,DEBIT,OOREDOO TUNISIE FACTURE 2735,Ooredoo,Online,TN,Utilities,Direct Debit,,,TND,275.940,True,False,
TXN_000813,2024-12-20,07:37:17,3312.500,CREDIT,SALARY CREDIT,Nexora Solutions,Online,TN,Salary,Bank Transfer,,,TND,3588.440,True,False,
TXN_000814,2024-12-20,08:01:50,1350.000,CREDIT,PRIME DE FIN D ANNEE NEXORA,Nexora Solutions,Online,TN,Salary,Bank Transfer,,,TND,4938.440,False,False,
TXN_000815,2024-12-20,15:40:58,1.250,DEBIT,SMART PARKING LAC 58957,Parking,Ariana,TN,Transportation,POS Card,True,,TND,4937.190,False,False,
TXN_000816,2024-12-20,21:40:35,14.350,DEBIT,UBER TRIP HELP.UBER.COM,Uber,Tunis,TN,Transportation,Online Card,False,DEV_A1,TND,4922.840,False,False,
TXN_000817,2024-12-21,01:36:08,1500.000,DEBIT,VIR PERMANENT EPARGNE,Savings Account,Online,TN,Transfer,Standing Order,,,TND,3422.840,True,False,
TXN_000818,2024-12-21,09:02:09,6.000,DEBIT,BOULANGERIE LE FOURNIL ARIANA,Boulangerie Le Fournil,Ariana,TN,Groceries,POS Card,True,,TND,3416.840,False,False,
TXN_000819,2024-12-21,21:53:58,39.290,DEBIT,RESTAURANT LE PORT,Restaurant Le Port,Carthage,TN,Dining,POS Card,True,,TND,3377.550,False,False,
TXN_000820,2024-12-22,03:48:52,18.500,DEBIT,SPOTIFY PREMIUM,Spotify,Online,SE,Subscriptions,Online Card,False,DEV_A1,TND,3359.050,True,False,
TXN_000821,2024-12-22,09:30:05,2.000,DEBIT,SMART PARKING LAC 2929,Parking,Tunis,TN,Transportation,POS Card,True,,TND,3357.050,False,False,
TXN_000822,2024-12-23,08:47:26,2.500,DEBIT,PARKING ARIANA,Parking,Ariana,TN,Transportation,POS Card,True,,TND,3354.550,False,False,
TXN_000823,2024-12-23,16:19:10,2.250,DEBIT,SMART PARKING LAC 19541,Parking,Ariana,TN,Transportation,POS Card,True,,TND,3352.300,False,False,
TXN_000824,2024-12-25,08:15:55,13.750,DEBIT,BOLT RIDE TUNIS,Bolt,Tunis,TN,Transportation,Online Card,False,DEV_A1,TND,3338.550,False,False,
TXN_000825,2024-12-25,17:11:37,12.760,DEBIT,TPE CAFE EL MENZAH 16536,Cafe El Menzah,Tunis,TN,Dining,POS Card,True,,TND,3325.790,False,False,
TXN_000826,2024-12-26,07:42:26,11.700,DEBIT,TPE CAFE EL MENZAH 74328,Cafe El Menzah,Tunis,TN,Dining,POS Card,True,,TND,3314.090,False,False,
TXN_000827,2024-12-26,15:23:39,81.400,DEBIT,Carrefour Ben Arous,Carrefour,Ben Arous,TN,Groceries,POS Card,True,,TND,3232.690,False,False,
TXN_000828,2024-12-26,15:50:11,18.650,DEBIT,PAUL TUNIS,Paul,Tunis,TN,Dining,POS Card,True,,TND,3214.040,False,False,
TXN_000829,2024-12-27,18:35:26,5.000,DEBIT,SMART PARKING LAC 39332,Parking,Tunis,TN,Transportation,POS Card,True,,TND,3209.040,False,False,
TXN_000830,2024-12-27,21:50:24,52.850,DEBIT,STEAMGAMES.COM 20557,Steam,Online,US,Entertainment,Online Card,False,DEV_A1,TND,3156.190,False,False,
TXN_000831,2024-12-28,08:27:37,6.000,DEBIT,BOLT *TRIP 98673,Bolt,La Marsa,TN,Transportation,Online Card,False,DEV_A1,TND,3150.190,False,False,
TXN_000832,2024-12-28,13:51:24,11.940,DEBIT,EPICERIE BEN SALEM ARIANA,Epicerie Ben Salem,Ariana,TN,Groceries,POS Card,True,,TND,3138.250,False,False,
TXN_000833,2024-12-28,18:01:58,13.300,DEBIT,EPICERIE BEN SALEM ARIANA,Epicerie Ben Salem,Ariana,TN,Groceries,POS Card,True,,TND,3124.950,False,False,
TXN_000834,2024-12-28,18:20:15,164.030,DEBIT,GEANT BEN AROUS,Géant,Ben Arous,TN,Groceries,POS Card,True,,TND,2960.920,False,False,
TXN_000835,2024-12-29,10:04:59,49.700,DEBIT,CARREFOUR TUNIS #99867,Carrefour,Tunis,TN,Groceries,POS Card,True,,TND,2911.220,False,False,
TXN_000836,2024-12-29,11:16:55,13.200,DEBIT,BOULANGERIE LE FOURNIL ARIANA,Boulangerie Le Fournil,Ariana,TN,Groceries,POS Card,True,,TND,2898.020,False,False,
TXN_000837,2024-12-29,14:52:34,4.000,DEBIT,COFFEE BREAK TUNIS,Coffee Break,Tunis,TN,Dining,POS Card,True,,TND,2894.020,False,False,
TXN_000838,2024-12-29,22:46:56,14.900,DEBIT,STEAMGAMES.COM 29983,Steam,Online,US,Entertainment,Online Card,False,DEV_A1,TND,2879.120,False,False,
TXN_000839,2024-12-29,23:18:23,7.200,DEBIT,BOLT RIDE TUNIS,Bolt,Ariana,TN,Transportation,Online Card,False,DEV_A1,TND,2871.920,False,False,
TXN_000840,2024-12-30,03:12:50,4.500,DEBIT,COMMISSION TENUE COMPTE 45240,Bank Fees,Online,TN,Other,Direct Debit,,,TND,2867.420,True,False,
TXN_000841,2024-12-30,10:18:06,4.000,DEBIT,SMART PARKING LAC 79423,Parking,Ariana,TN,Transportation,POS Card,True,,TND,2863.420,False,False,
TXN_000842,2024-12-30,17:56:03,12.400,DEBIT,PAUL TUNIS,Paul,Tunis,TN,Dining,POS Card,True,,TND,2851.020,False,False,
TXN_000843,2024-12-31,20:09:31,15.900,DEBIT,BOLT *TRIP 2629,Bolt,Tunis,TN,Transportation,Online Card,False,DEV_A1,TND,2835.120,False,False,
TXN_000844,2024-12-31,20:11:40,38.000,DEBIT,CINEMAS PATHE 61206,Pathe Tunis City,Tunis,TN,Entertainment,POS Card,True,,TND,2797.120,False,False,
TXN_000845,2024-12-31,21:01:36,74.000,DEBIT,RESTAURANT LE PORT,Restaurant Le Port,Tunis,TN,Dining,POS Card,True,,TND,2723.120,False,False,
TXN_000846,2024-12-31,21:08:02,14.950,DEBIT,BOLT *TRIP 61952,Bolt,Ariana,TN,Transportation,Online Card,False,DEV_A1,TND,2708.170,False,False,
TXN_000847,2024-12-31,21:14:35,4.060,DEBIT,SMART PARKING LAC 79684,Parking,Tunis,TN,Transportation,POS Card,True,,TND,2704.110,False,False,
TXN_000848,2024-12-31,21:51:18,22.500,DEBIT,PAUL TUNIS,Paul,Tunis,TN,Dining,POS Card,True,,TND,2681.610,False,False,
TXN_000849,2024-12-31,22:04:18,4.000,DEBIT,PARKING ARIANA,Parking,Ariana,TN,Transportation,POS Card,True,,TND,2677.610,False,False,
TXN_000850,2024-12-31,22:36:46,16.450,DEBIT,COFFEE BREAK ARIANA,Coffee Break,Ariana,TN,Dining,POS Card,True,,TND,2661.160,False,False,
TXN_000851,2024-12-31,22:37:44,8.500,DEBIT,CAFE EL MENZAH,Cafe El Menzah,Tunis,TN,Dining,POS Card,True,,TND,2652.660,False,False,
TXN_000852,2024-12-31,22:44:58,14.300,DEBIT,BOLT *TRIP 46478,Bolt,Tunis,TN,Transportation,Online Card,False,DEV_A1,TND,2638.360,False,False,
TXN_000853,2024-12-31,22:50:44,9.800,DEBIT,COFFEE BREAK TUNIS,Coffee Break,Tunis,TN,Dining,POS Card,True,,TND,2628.560,False,False,
TXN_000854,2024-12-31,22:51:42,12.400,DEBIT,BOLT RIDE TUNIS,Bolt,Tunis,TN,Transportation,Online Card,False,DEV_A1,TND,2616.160,False,False,
TXN_000855,2024-12-31,23:36:54,19.800,DEBIT,BOLT *TRIP 21624,Bolt,Tunis,TN,Transportation,Online Card,False,DEV_A1,TND,2596.360,False,False,
TXN_000856,2025-01-01,03:22:38,500.000,CREDIT,VIREMENT EPARGNE VERS COMPTE COURANT,Savings Account,Online,TN,Transfer,Standing Order,,,TND,3096.360,False,False,
TXN_000857,2025-01-01,15:05:13,12.920,DEBIT,EPICERIE BEN SALEM,Epicerie Ben Salem,Ariana,TN,Groceries,POS Card,True,,TND,3083.440,False,False,
TXN_000858,2025-01-01,21:35:51,37.300,DEBIT,STEAM PURCHASE,Steam,Online,US,Entertainment,Online Card,False,DEV_A1,TND,3046.140,False,False,
TXN_000859,2025-01-01,22:08:09,3.000,DEBIT,BOLT RIDE TUNIS,Bolt,Tunis,TN,Transportation,Online Card,False,DEV_A1,TND,3043.140,False,False,
TXN_000860,2025-01-01,23:28:46,7.260,DEBIT,BOLT RIDE TUNIS,Bolt,La Marsa,TN,Transportation,Online Card,False,DEV_A1,TND,3035.880,False,False,
TXN_000861,2025-01-02,13:55:26,38.000,DEBIT,RESTAURANT LE PORT TUNIS,Restaurant Le Port,Tunis,TN,Dining,POS Card,True,,TND,2997.880,False,False,
TXN_000862,2025-01-03,07:57:09,8.000,DEBIT,BOULANGERIE LE FOURNIL,Boulangerie Le Fournil,Ariana,TN,Groceries,POS Card,True,,TND,2989.880,False,False,
TXN_000863,2025-01-04,03:22:48,760.000,DEBIT,VIR PERMANENT STE IMMOBILIERE,STE Immobiliere,Ariana,TN,Rent,Standing Order,,,TND,2229.880,True,False,
TXN_000864,2025-01-04,19:47:01,14.450,DEBIT,PATHE TUNIS CITY,Pathe Tunis City,Tunis,TN,Entertainment,POS Card,True,,TND,2215.430,False,False,
TXN_000865,2025-01-05,21:00:07,13.000,DEBIT,UBER *TRIP 70001,Uber,Tunis,TN,Transportation,Online Card,False,DEV_A1,TND,2202.430,False,False,
TXN_000866,2025-01-06,00:34:04,75.000,DEBIT,FITNESS ZONE MEMBERSHIP,Fitness Zone,La Marsa,TN,Subscriptions,Direct Debit,,,TND,2127.430,True,False,
TXN_000867,2025-01-06,03:16:12,63.000,DEBIT,OPENAI *CHATGPT SUBSCR,OpenAI,Online,US,Subscriptions,Online Card,False,DEV_A1,TND,2064.430,True,False,
TXN_000868,2025-01-06,14:55:12,8.000,DEBIT,COFFEE BREAK ARIANA,Coffee Break,Ariana,TN,Dining,POS Card,True,,TND,2056.430,False,False,
TXN_000869,2025-01-06,15:09:58,7.150,DEBIT,PARKING ARIANA,Parking,Ariana,TN,Transportation,POS Card,True,,TND,2049.280,False,False,
TXN_000870,2025-01-06,17:40:06,12.000,DEBIT,BOLT *TRIP 10425,Bolt,Ariana,TN,Transportation,Online Card,False,DEV_A1,TND,2037.280,False,False,
TXN_000871,2025-01-07,14:25:02,23.300,DEBIT,PAIEMENT PAUL 14031,Paul,Tunis,TN,Dining,POS Card,True,,TND,2013.980,False,False,
TXN_000872,2025-01-08,10:43:00,7.850,DEBIT,COFFEE BREAK TUNIS,Coffee Break,Tunis,TN,Dining,POS Card,True,,TND,2006.130,False,False,
TXN_000873,2025-01-08,20:00:00,26.900,DEBIT,GLOVO TUNIS,Glovo,Online,TN,Dining,Online Card,False,DEV_A1,TND,1979.230,False,False,
TXN_000874,2025-01-09,02:36:27,4.200,DEBIT,APPLE.COM/BILL,Apple,Online,IE,Subscriptions,Online Card,False,DEV_A1,TND,1975.030,True,False,
TXN_000875,2025-01-09,03:16:07,36.000,DEBIT,TUNISIE TELECOM ADSL FACTURE,Tunisie Telecom,Online,TN,Utilities,Direct Debit,,,TND,1939.030,True,False,
TXN_000876,2025-01-09,04:25:45,344.432,DEBIT,GLOBAL ELECTRO STORE HK,Global Electro Store,Online,HK,Electronics,Online Card,False,DEV_9D1E,TND,1594.598,False,True,night_high_value_online
TXN_000877,2025-01-09,14:24:16,86.650,DEBIT,PHARMACIE CENTRALE TUNIS,Pharmacie Centrale,Tunis,TN,Healthcare,POS Card,True,,TND,1507.948,False,False,
TXN_000878,2025-01-09,20:48:26,12.510,DEBIT,STEAM PURCHASE,Steam,Online,US,Entertainment,Online Card,False,DEV_A1,TND,1495.438,False,False,
TXN_000879,2025-01-10,09:20:29,15.900,DEBIT,BOULANGERIE LE FOURNIL,Boulangerie Le Fournil,Tunis,TN,Groceries,POS Card,True,,TND,1479.538,False,False,
TXN_000880,2025-01-11,01:18:41,100.910,DEBIT,STEG FACTURE ELEC GAZ,STEG,Online,TN,Utilities,Direct Debit,,,TND,1378.628,True,False,
TXN_000881,2025-01-12,12:43:56,27.300,DEBIT,PHCIE CENTRALE 18344,Pharmacie Centrale,Tunis,TN,Healthcare,POS Card,True,,TND,1351.328,False,False,
TXN_000882,2025-01-13,16:46:57,6.100,DEBIT,CAFE EL MENZAH,Cafe El Menzah,Tunis,TN,Dining,POS Card,True,,TND,1345.228,False,False,
TXN_000883,2025-01-13,17:00:50,3.000,DEBIT,TPE CAFE EL MENZAH 94352,Cafe El Menzah,Tunis,TN,Dining,POS Card,True,,TND,1342.228,False,False,
TXN_000884,2025-01-14,01:21:39,29.900,DEBIT,NETFLIX.COM AMSTERDAM,Netflix,Online,NL,Subscriptions,Online Card,False,DEV_A1,TND,1312.328,True,False,
TXN_000885,2025-01-15,03:01:48,39.500,DEBIT,GAT ASSURANCE SANTE,GAT Assurances,Tunis,TN,Insurance,Direct Debit,,,TND,1272.828,True,False,
TXN_000886,2025-01-15,10:16:52,9.310,DEBIT,TPE CAFE EL MENZAH 38200,Cafe El Menzah,Tunis,TN,Dining,POS Card,True,,TND,1263.518,False,False,
TXN_000887,2025-01-15,11:04:03,44.000,DEBIT,TOTALENERGIES BEN AROUS,TotalEnergies,Ben Arous,TN,Fuel,POS Card,True,,TND,1219.518,False,False,
TXN_000888,2025-01-15,12:05:16,14.650,DEBIT,EPICERIE BEN SALEM ARIANA,Epicerie Ben Salem,Ariana,TN,Groceries,POS Card,True,,TND,1204.868,False,False,
TXN_000889,2025-01-15,14:45:02,6.000,DEBIT,TPE CAFE EL MENZAH 87657,Cafe El Menzah,Tunis,TN,Dining,POS Card,True,,TND,1198.868,False,False,
TXN_000890,2025-01-16,15:40:17,3.200,DEBIT,COFFEE BREAK ARIANA,Coffee Break,Ariana,TN,Dining,POS Card,True,,TND,1195.668,False,False,
TXN_000891,2025-01-17,08:07:40,9.530,DEBIT,BOLT RIDE TUNIS,Bolt,Tunis,TN,Transportation,Online Card,False,DEV_A1,TND,1186.138,False,False,
TXN_000892,2025-01-17,10:25:09,7.100,DEBIT,Coffee Break Tunis,Coffee Break,Tunis,TN,Dining,POS Card,True,,TND,1179.038,False,False,
TXN_000893,2025-01-17,18:45:01,2.130,DEBIT,SMART PARKING LAC 66264,Parking,Ariana,TN,Transportation,POS Card,True,,TND,1176.908,False,False,
TXN_000894,2025-01-18,04:45:45,36.410,DEBIT,OOREDOO TUNISIE FACTURE 85971,Ooredoo,Online,TN,Utilities,Direct Debit,,,TND,1140.498,True,False,
TXN_000895,2025-01-18,07:12:53,15.950,DEBIT,BOLT *TRIP 6969,Bolt,La Marsa,TN,Transportation,Online Card,False,DEV_A1,TND,1124.548,False,False,
TXN_000896,2025-01-18,09:21:57,8.700,DEBIT,BOULANGERIE LE FOURNIL ARIANA,Boulangerie Le Fournil,Ariana,TN,Groceries,POS Card,True,,TND,1115.848,False,False,
TXN_000897,2025-01-18,10:13:40,17.050,DEBIT,BOULANGERIE LE FOURNIL ARIANA,Boulangerie Le Fournil,Ariana,TN,Groceries,POS Card,True,,TND,1098.798,False,False,
TXN_000898,2025-01-18,13:38:47,94.160,DEBIT,GEANT BEN AROUS,Géant,Ben Arous,TN,Groceries,POS Card,True,,TND,1004.638,False,False,
TXN_000899,2025-01-20,15:35:17,8.240,DEBIT,PHARMACIE CENTRALE ARIANA,Pharmacie Centrale,Ariana,TN,Healthcare,POS Card,True,,TND,996.398,False,False,
TXN_000900,2025-01-21,08:51:30,7.620,DEBIT,BOULANGERIE LE FOURNIL,Boulangerie Le Fournil,Ariana,TN,Groceries,POS Card,True,,TND,988.778,False,False,
TXN_000901,2025-01-21,17:05:36,30.000,DEBIT,MONOPRIX TUNIS #17200,Monoprix,Tunis,TN,Groceries,POS Card,True,,TND,958.778,False,False,
TXN_000902,2025-01-22,02:49:28,18.500,DEBIT,SPOTIFY PREMIUM,Spotify,Online,SE,Subscriptions,Online Card,False,DEV_A1,TND,940.278,True,False,
TXN_000903,2025-01-23,14:19:55,55.000,DEBIT,RESTAURANT LE PORT TUNIS,Restaurant Le Port,Tunis,TN,Dining,POS Card,True,,TND,885.278,False,False,
TXN_000904,2025-01-23,21:03:48,59.700,DEBIT,RESTAURANT LE PORT CARTHAGE,Restaurant Le Port,Carthage,TN,Dining,POS Card,True,,TND,825.578,False,False,
TXN_000905,2025-01-24,07:53:54,12.400,DEBIT,PAUL TUNIS,Paul,Tunis,TN,Dining,POS Card,True,,TND,813.178,False,False,
TXN_000906,2025-01-24,12:03:04,91.660,DEBIT,AGIL TUNIS,Agil,Tunis,TN,Fuel,POS Card,True,,TND,721.518,False,False,
TXN_000907,2025-01-24,17:52:03,89.900,CREDIT,REMBOURSEMENT ZARA TUNIS CITY,Zara,Online,TN,Shopping,Online Card,False,DEV_A1,TND,811.418,False,False,
TXN_000908,2025-01-24,22:28:55,14.700,DEBIT,MCDONALDS LA MARSA,McDonald's,La Marsa,TN,Dining,POS Card,True,,TND,796.718,False,False,
TXN_000909,2025-01-25,12:01:30,95.200,DEBIT,RESTAURANT LE PORT TUNIS,Restaurant Le Port,Tunis,TN,Dining,POS Card,True,,TND,701.518,False,False,
TXN_000910,2025-01-25,13:47:34,17.800,DEBIT,GLOVO*47062,Glovo,Online,TN,Dining,Online Card,False,DEV_A1,TND,683.718,False,False,
TXN_000911,2025-01-25,13:51:19,45.150,DEBIT,GLOVO TUNIS,Glovo,Online,TN,Dining,Online Card,False,DEV_A1,TND,638.568,False,False,
TXN_000912,2025-01-25,15:43:39,15.200,DEBIT,EPICERIE BEN SALEM,Epicerie Ben Salem,Ariana,TN,Groceries,POS Card,True,,TND,623.368,False,False,
TXN_000913,2025-01-25,19:56:51,11.180,DEBIT,BOLT RIDE TUNIS,Bolt,Tunis,TN,Transportation,Online Card,False,DEV_A1,TND,612.188,False,False,
TXN_000914,2025-01-25,21:38:03,51.000,DEBIT,RESTAURANT LE PORT,Restaurant Le Port,Carthage,TN,Dining,POS Card,True,,TND,561.188,False,False,
TXN_000915,2025-01-25,22:09:13,5.400,DEBIT,BOLT RIDE TUNIS,Bolt,La Marsa,TN,Transportation,Online Card,False,DEV_A1,TND,555.788,False,False,
TXN_000916,2025-01-26,10:58:22,344.432,CREDIT,REMBOURSEMENT LITIGE CARTE,Bank Dispute Reimbursement,Tunis,TN,Other,Bank Transfer,,,TND,900.220,,False,
TXN_000917,2025-01-27,18:29:54,642.300,DEBIT,GARAGE AUTO MODERNE ARIANA REPARATION,Garage Auto Moderne,Ariana,TN,Transportation,POS Card,True,,TND,257.920,False,False,
TXN_000918,2025-01-28,07:07:34,3260.000,CREDIT,VIR SALAIRE NEXORA SOLUTIONS,Nexora Solutions,Online,TN,Salary,Bank Transfer,,,TND,3517.920,True,False,
TXN_000919,2025-01-28,09:11:37,10.800,DEBIT,TPE CAFE EL MENZAH 30718,Cafe El Menzah,Tunis,TN,Dining,POS Card,True,,TND,3507.120,False,False,
TXN_000920,2025-01-28,10:55:02,16.100,DEBIT,PAIEMENT PAUL 53328,Paul,Tunis,TN,Dining,POS Card,True,,TND,3491.020,False,False,
TXN_000921,2025-01-29,01:58:48,1100.000,DEBIT,VIR PERMANENT EPARGNE,Savings Account,Online,TN,Transfer,Standing Order,,,TND,2391.020,True,False,
TXN_000922,2025-01-29,08:29:06,17.300,DEBIT,PAUL LA MARSA,Paul,La Marsa,TN,Dining,POS Card,True,,TND,2373.720,False,False,
TXN_000923,2025-01-29,14:21:01,7.080,DEBIT,Coffee Break Ariana,Coffee Break,Ariana,TN,Dining,POS Card,True,,TND,2366.640,False,False,
TXN_000924,2025-01-29,15:25:38,8.000,DEBIT,CAFE EL MENZAH,Cafe El Menzah,Tunis,TN,Dining,POS Card,True,,TND,2358.640,False,False,
TXN_000925,2025-01-29,19:27:28,7.510,DEBIT,UBER *TRIP 70318,Uber,Ariana,TN,Transportation,Online Card,False,DEV_A1,TND,2351.130,False,False,
TXN_000926,2025-01-30,04:52:43,4.500,DEBIT,FRAIS TENUE DE COMPTE,Bank Fees,Online,TN,Other,Direct Debit,,,TND,2346.630,True,False,
TXN_000927,2025-01-30,10:05:53,11.000,DEBIT,Coffee Break Tunis,Coffee Break,Tunis,TN,Dining,POS Card,True,,TND,2335.630,False,False,
TXN_000928,2025-01-30,22:45:52,25.000,DEBIT,PATHE TUNIS CITY,Pathe Tunis City,Tunis,TN,Entertainment,POS Card,True,,TND,2310.630,False,False,
TXN_000929,2025-01-31,06:30:42,13.300,DEBIT,UBER TRIP HELP.UBER.COM,Uber,Ariana,TN,Transportation,Online Card,False,DEV_A1,TND,2297.330,False,False,
TXN_000930,2025-01-31,11:11:10,2.500,DEBIT,TPE CAFE EL MENZAH 39146,Cafe El Menzah,Tunis,TN,Dining,POS Card,True,,TND,2294.830,False,False,
TXN_000931,2025-01-31,12:45:38,9.100,DEBIT,UBER TRIP HELP.UBER.COM,Uber,Tunis,TN,Transportation,Online Card,False,DEV_A1,TND,2285.730,False,False,
TXN_000932,2025-01-31,17:33:30,96.150,DEBIT,CABINET DR TRABELSI,Cabinet Dr Trabelsi,Ariana,TN,Healthcare,POS Card,True,,TND,2189.580,False,False,
TXN_000933,2025-02-01,00:51:39,700.000,CREDIT,VIREMENT EPARGNE VERS COMPTE COURANT,Savings Account,Online,TN,Transfer,Standing Order,,,TND,2889.580,False,False,
TXN_000934,2025-02-01,01:56:21,760.000,DEBIT,STE IMMOBILIERE LOYER,STE Immobiliere,Ariana,TN,Rent,Standing Order,,,TND,2129.580,True,False,
TXN_000935,2025-02-01,06:48:15,9.290,DEBIT,BOLT RIDE TUNIS,Bolt,Ariana,TN,Transportation,Online Card,False,DEV_A1,TND,2120.290,False,False,
TXN_000936,2025-02-01,17:05:01,17.930,DEBIT,EPICERIE BEN SALEM ARIANA,Epicerie Ben Salem,Ariana,TN,Groceries,POS Card,True,,TND,2102.360,False,False,
TXN_000937,2025-02-04,10:20:57,5.000,DEBIT,Coffee Break Tunis,Coffee Break,Tunis,TN,Dining,POS Card,True,,TND,2097.360,False,False,
TXN_000938,2025-02-04,14:59:28,7.760,DEBIT,UBER TRIP HELP.UBER.COM,Uber,Tunis,TN,Transportation,Online Card,False,DEV_A1,TND,2089.600,False,False,
TXN_000939,2025-02-04,15:50:55,15.850,DEBIT,COFFEE BREAK TUNIS,Coffee Break,Tunis,TN,Dining,POS Card,True,,TND,2073.750,False,False,
TXN_000940,2025-02-06,01:04:42,63.000,DEBIT,OPENAI *CHATGPT SUBSCR,OpenAI,Online,US,Subscriptions,Online Card,False,DEV_A1,TND,2010.750,True,False,
TXN_000941,2025-02-06,17:36:15,7.000,DEBIT,UBER TRIP HELP.UBER.COM,Uber,Ariana,TN,Transportation,Online Card,False,DEV_A1,TND,2003.750,False,False,
TXN_000942,2025-02-07,08:26:19,9.300,DEBIT,BOULANGERIE LE FOURNIL TUNIS,Boulangerie Le Fournil,Tunis,TN,Groceries,POS Card,True,,TND,1994.450,False,False,
TXN_000943,2025-02-07,16:42:23,11.690,DEBIT,COFFEE BREAK TUNIS,Coffee Break,Tunis,TN,Dining,POS Card,True,,TND,1982.760,False,False,
TXN_000944,2025-02-08,02:48:40,75.000,DEBIT,FITNESS ZONE ARIANA ABONNEMENT,Fitness Zone,Ariana,TN,Subscriptions,Direct Debit,,,TND,1907.760,True,False,
TXN_000945,2025-02-08,07:45:32,6.000,DEBIT,BOLT RIDE TUNIS,Bolt,Tunis,TN,Transportation,Online Card,False,DEV_A1,TND,1901.760,False,False,
TXN_000946,2025-02-08,15:52:01,8.270,DEBIT,EPICERIE BEN SALEM ARIANA,Epicerie Ben Salem,Ariana,TN,Groceries,POS Card,True,,TND,1893.490,False,False,
TXN_000947,2025-02-08,20:47:00,318.200,DEBIT,SUSHI WOK LAC #7710,Sushi Wok,Tunis,TN,Dining,POS Card,True,,TND,1575.290,False,False,
TXN_000948,2025-02-09,01:48:04,4.200,DEBIT,APPLE.COM/BILL,Apple,Online,IE,Subscriptions,Online Card,False,DEV_B2,TND,1571.090,True,False,
TXN_000949,2025-02-09,15:02:49,5.350,DEBIT,BOLT *TRIP 41349,Bolt,Tunis,TN,Transportation,Online Card,False,DEV_A1,TND,1565.740,False,False,
TXN_000950,2025-02-10,01:23:51,36.000,DEBIT,TT FIXE INTERNET 88720,Tunisie Telecom,Online,TN,Utilities,Direct Debit,,,TND,1529.740,True,False,
TXN_000951,2025-02-10,09:46:04,18.900,DEBIT,CAFE EL MENZAH,Cafe El Menzah,Tunis,TN,Dining,POS Card,True,,TND,1510.840,False,False,
TXN_000952,2025-02-10,14:03:07,6.850,DEBIT,TPE CAFE EL MENZAH 9932,Cafe El Menzah,Tunis,TN,Dining,POS Card,True,,TND,1503.990,False,False,
TXN_000953,2025-02-10,21:39:39,7.650,DEBIT,BOLT *TRIP 8422,Bolt,Tunis,TN,Transportation,Online Card,False,DEV_A1,TND,1496.340,False,False,
TXN_000954,2025-02-11,11:36:55,21.810,DEBIT,AMAZON.FR,Amazon,Online,TN,Shopping,Online Card,False,DEV_B2,TND,1474.530,False,False,
TXN_000955,2025-02-11,19:54:53,10.750,DEBIT,BOLT RIDE TUNIS,Bolt,Ariana,TN,Transportation,Online Card,False,DEV_A1,TND,1463.780,False,False,
TXN_000956,2025-02-12,03:35:21,3.596,DEBIT,GIFTCHECK *52933 US,GiftCheck,Online,US,Other,Online Card,False,DEV_A4DF,TND,1460.184,False,True,card_testing
TXN_000957,2025-02-12,03:36:08,1.664,DEBIT,GIFTCHECK *62811 US,GiftCheck,Online,US,Other,Online Card,False,DEV_A4DF,TND,1458.520,False,True,card_testing
TXN_000958,2025-02-12,03:36:56,4.145,DEBIT,DONATENOW *81890 US,DonateNow,Online,US,Other,Online Card,False,DEV_A4DF,TND,1454.375,False,True,card_testing
TXN_000959,2025-02-12,03:38:03,4.487,DEBIT,GIFTCHECK *98566 US,GiftCheck,Online,US,Other,Online Card,False,DEV_A4DF,TND,1449.888,False,True,card_testing
TXN_000960,2025-02-12,03:39:07,2.839,DEBIT,GIFTCHECK *19540 US,GiftCheck,Online,US,Other,Online Card,False,DEV_A4DF,TND,1447.049,False,True,card_testing
TXN_000961,2025-02-12,03:42:53,189.000,DEBIT,GIFTCARDS ONLINE US,GiftCards Online,Online,US,Shopping,Online Card,False,DEV_A4DF,TND,1258.049,False,True,card_testing
TXN_000962,2025-02-12,22:00:23,6.000,DEBIT,BOLT RIDE TUNIS,Bolt,Tunis,TN,Transportation,Online Card,False,DEV_B2,TND,1252.049,False,False,
TXN_000963,2025-02-13,08:23:27,9.140,DEBIT,CAFE EL MENZAH,Cafe El Menzah,Tunis,TN,Dining,POS Card,True,,TND,1242.909,False,False,
TXN_000964,2025-02-13,09:01:40,5.000,DEBIT,COFFEE BREAK ARIANA,Coffee Break,Ariana,TN,Dining,POS Card,True,,TND,1237.909,False,False,
TXN_000965,2025-02-13,15:23:56,2.950,DEBIT,TPE CAFE EL MENZAH 2204,Cafe El Menzah,Tunis,TN,Dining,POS Card,True,,TND,1234.959,False,False,
TXN_000966,2025-02-14,00:43:14,29.900,DEBIT,NETFLIX.COM,Netflix,Online,NL,Subscriptions,Online Card,False,DEV_A1,TND,1205.059,True,False,
TXN_000967,2025-02-14,15:50:03,1.150,DEBIT,PARKING ARIANA,Parking,Ariana,TN,Transportation,POS Card,True,,TND,1203.909,False,False,
TXN_000968,2025-02-14,16:43:10,115.150,DEBIT,TOTALENERGIES LA MARSA,TotalEnergies,La Marsa,TN,Fuel,POS Card,True,,TND,1088.759,False,False,
TXN_000969,2025-02-14,19:42:24,6.000,DEBIT,BOLT RIDE TUNIS,Bolt,Tunis,TN,Transportation,Online Card,False,DEV_B2,TND,1082.759,False,False,
TXN_000970,2025-02-15,01:29:31,39.500,DEBIT,GAT ASSURANCES PRELEVEMENT,GAT Assurances,Tunis,TN,Insurance,Direct Debit,,,TND,1043.259,True,False,
TXN_000971,2025-02-15,19:08:38,49.900,DEBIT,TOTALENERGIES ARIANA,TotalEnergies,Ariana,TN,Fuel,POS Card,True,,TND,993.359,False,False,
TXN_000972,2025-02-16,15:24:19,74.000,DEBIT,TUNISIANET.COM.TN,Tunisianet,Online,TN,Electronics,Online Card,False,DEV_B2,TND,919.359,False,False,
TXN_000973,2025-02-17,15:04:02,23.450,DEBIT,EPICERIE BEN SALEM,Epicerie Ben Salem,Ariana,TN,Groceries,POS Card,True,,TND,895.909,False,False,
TXN_000974,2025-02-17,16:51:27,24.210,DEBIT,PAIEMENT PAUL 58490,Paul,La Marsa,TN,Dining,POS Card,True,,TND,871.699,False,False,
TXN_000975,2025-02-17,17:59:41,14.060,DEBIT,BOLT RIDE TUNIS,Bolt,La Marsa,TN,Transportation,Online Card,False,DEV_A1,TND,857.639,False,False,
TXN_000976,2025-02-18,09:18:26,3.600,DEBIT,Coffee Break Ariana,Coffee Break,Ariana,TN,Dining,POS Card,True,,TND,854.039,False,False,
TXN_000977,2025-02-18,14:19:20,18.920,DEBIT,BOLT RIDE TUNIS,Bolt,La Marsa,TN,Transportation,Online Card,False,DEV_A1,TND,835.119,False,False,
TXN_000978,2025-02-19,13:30:43,2.100,DEBIT,PARKING TUNIS,Parking,Tunis,TN,Transportation,POS Card,True,,TND,833.019,False,False,
TXN_000979,2025-02-20,01:35:55,28.450,DEBIT,OOREDOO TUNISIE FACTURE 86643,Ooredoo,Online,TN,Utilities,Direct Debit,,,TND,804.569,True,False,
TXN_000980,2025-02-20,09:51:43,318.600,DEBIT,PHCIE CENTRALE 79467,Pharmacie Centrale,Tunis,TN,Healthcare,POS Card,True,,TND,485.969,False,False,
TXN_000981,2025-02-20,17:04:10,5.270,DEBIT,BOLT *TRIP 17611,Bolt,La Marsa,TN,Transportation,Online Card,False,DEV_A1,TND,480.699,False,False,
TXN_000982,2025-02-21,20:43:40,36.200,DEBIT,RESTAURANT LE PORT TUNIS,Restaurant Le Port,Tunis,TN,Dining,POS Card,True,,TND,444.499,False,False,
TXN_000983,2025-02-22,04:56:35,18.500,DEBIT,SPOTIFY PREMIUM,Spotify,Online,SE,Subscriptions,Online Card,False,DEV_A1,TND,425.999,True,False,
TXN_000984,2025-02-22,13:47:08,160.000,DEBIT,TATTOO STUDIO LA MARSA,Tattoo Studio,La Marsa,TN,Other,POS Card,True,,TND,265.999,False,False,
TXN_000985,2025-02-22,18:38:23,40.300,DEBIT,AMAZON.FR,Amazon,Online,TN,Shopping,Online Card,False,DEV_B2,TND,225.699,False,False,
TXN_000986,2025-02-23,04:32:53,61.030,DEBIT,SONEDE FACTURE EAU,SONEDE,Online,TN,Utilities,Direct Debit,,,TND,164.669,True,False,
TXN_000987,2025-02-26,10:45:11,8.500,DEBIT,PAUL LA MARSA,Paul,La Marsa,TN,Dining,POS Card,True,,TND,156.169,False,False,
TXN_000988,2025-02-26,11:58:29,205.731,CREDIT,REMBOURSEMENT LITIGE CARTE,Bank Dispute Reimbursement,Tunis,TN,Other,Bank Transfer,,,TND,361.900,,False,
TXN_000989,2025-02-26,15:57:37,74.150,DEBIT,LC WAIKIKI ARIANA,LC Waikiki,Ariana,TN,Shopping,POS Card,True,,TND,287.750,False,False,
TXN_000990,2025-02-26,16:15:13,2.900,DEBIT,PARKING TUNIS,Parking,Tunis,TN,Transportation,POS Card,True,,TND,284.850,False,False,
TXN_000991,2025-02-27,06:25:40,3155.000,CREDIT,MONTHLY SALARY,Nexora Solutions,Online,TN,Salary,Bank Transfer,,,TND,3439.850,True,False,
TXN_000992,2025-02-27,16:51:15,50.000,DEBIT,SHELL STATION 62171,Shell,Ariana,TN,Fuel,POS Card,True,,TND,3389.850,False,False,
TXN_000993,2025-02-28,03:30:29,1300.000,DEBIT,VIR PERMANENT EPARGNE,Savings Account,Online,TN,Transfer,Standing Order,,,TND,2089.850,True,False,
TXN_000994,2025-02-28,04:26:13,4.800,DEBIT,FRAIS TENUE DE COMPTE,Bank Fees,Online,TN,Other,Direct Debit,,,TND,2085.050,True,False,
TXN_000995,2025-02-28,14:14:27,39.440,DEBIT,RESTAURANT LE PORT CARTHAGE,Restaurant Le Port,Carthage,TN,Dining,POS Card,True,,TND,2045.610,False,False,
TXN_000996,2025-03-01,03:19:45,1400.000,CREDIT,VIREMENT EPARGNE VERS COMPTE COURANT,Savings Account,Online,TN,Transfer,Standing Order,,,TND,3445.610,False,False,
TXN_000997,2025-03-01,10:11:33,7.810,DEBIT,RECHARGE DATA ORANGE,Orange,Online,TN,Utilities,Online Card,False,DEV_A1,TND,3437.800,False,False,
TXN_000998,2025-03-01,14:57:42,263.250,DEBIT,GEANT BEN AROUS,Géant,Ben Arous,TN,Groceries,POS Card,True,,TND,3174.550,False,False,
TXN_000999,2025-03-02,08:02:54,12.000,DEBIT,BOULANGERIE LE FOURNIL TUNIS,Boulangerie Le Fournil,Tunis,TN,Groceries,POS Card,True,,TND,3162.550,False,False,
TXN_001000,2025-03-02,17:39:37,10.250,DEBIT,BOLT RIDE TUNIS,Bolt,Tunis,TN,Transportation,Online Card,False,DEV_A1,TND,3152.300,False,False,
TXN_001001,2025-03-03,12:00:28,8.990,DEBIT,SMART PARKING LAC 65366,Parking,Tunis,TN,Transportation,POS Card,True,,TND,3143.310,False,False,
TXN_001002,2025-03-03,14:47:24,7.280,DEBIT,TPE CAFE EL MENZAH 3976,Cafe El Menzah,Tunis,TN,Dining,POS Card,True,,TND,3136.030,False,False,
TXN_001003,2025-03-04,01:16:21,760.000,DEBIT,VIR PERMANENT STE IMMOBILIERE,STE Immobiliere,Ariana,TN,Rent,Standing Order,,,TND,2376.030,True,False,
TXN_001004,2025-03-04,15:58:10,8.600,DEBIT,COFFEE BREAK TUNIS,Coffee Break,Tunis,TN,Dining,POS Card,True,,TND,2367.430,False,False,
TXN_001005,2025-03-04,20:07:54,98.000,DEBIT,RESTAURANT LE PORT,Restaurant Le Port,Carthage,TN,Dining,POS Card,True,,TND,2269.430,False,False,
TXN_001006,2025-03-05,02:35:16,438.900,DEBIT,STAR PRIME AUTO 64240,STAR Assurances,Tunis,TN,Insurance,Direct Debit,,,TND,1830.530,True,False,
TXN_001007,2025-03-05,07:51:45,9.540,DEBIT,BOLT RIDE TUNIS,Bolt,Ariana,TN,Transportation,Online Card,False,DEV_A1,TND,1820.990,False,False,
TXN_001008,2025-03-05,11:54:25,8.000,DEBIT,BOLT *TRIP 9830,Bolt,Ariana,TN,Transportation,Online Card,False,DEV_A1,TND,1812.990,False,False,
TXN_001009,2025-03-06,05:15:26,63.000,DEBIT,OPENAI *CHATGPT SUBSCR,OpenAI,Online,US,Subscriptions,Online Card,False,DEV_B2,TND,1749.990,True,False,
TXN_001010,2025-03-06,12:53:43,41.000,DEBIT,PHCIE CENTRALE 83637,Pharmacie Centrale,Tunis,TN,Healthcare,POS Card,True,,TND,1708.990,False,False,
TXN_001011,2025-03-07,13:43:55,5.500,DEBIT,PARKING ARIANA,Parking,Ariana,TN,Transportation,POS Card,True,,TND,1703.490,False,False,
TXN_001012,2025-03-07,15:34:37,6.000,DEBIT,PAIEMENT PAUL 65547,Paul,Tunis,TN,Dining,POS Card,True,,TND,1697.490,False,False,
TXN_001013,2025-03-08,03:12:52,14.900,DEBIT,VPNPREMIUM SUBSCR 8005550142 IE,VPNPremium,Online,IE,Subscriptions,Online Card,False,,TND,1682.590,True,True,recurring_unauthorized_subscription
TXN_001014,2025-03-08,07:21:05,14.900,DEBIT,BOULANGERIE LE FOURNIL,Boulangerie Le Fournil,Ariana,TN,Groceries,POS Card,True,,TND,1667.690,False,False,
TXN_001015,2025-03-08,09:01:06,10.790,DEBIT,BOLT RIDE TUNIS,Bolt,Ariana,TN,Transportation,Online Card,False,DEV_B2,TND,1656.900,False,False,
TXN_001016,2025-03-08,20:39:05,16.000,DEBIT,PATHE TUNIS CITY,Pathe Tunis City,Tunis,TN,Entertainment,POS Card,True,,TND,1640.900,False,False,
TXN_001017,2025-03-09,02:31:14,4.200,DEBIT,APPLE.COM/BILL,Apple,Online,IE,Subscriptions,Online Card,False,DEV_A1,TND,1636.700,True,False,
TXN_001018,2025-03-09,04:56:07,75.000,DEBIT,FITNESS ZONE ARIANA ABONNEMENT,Fitness Zone,Ariana,TN,Subscriptions,Direct Debit,,,TND,1561.700,True,False,
TXN_001019,2025-03-09,12:31:38,50.000,DEBIT,CABINET DR TRABELSI,Cabinet Dr Trabelsi,Tunis,TN,Healthcare,POS Card,True,,TND,1511.700,False,False,
TXN_001020,2025-03-09,19:06:14,6.550,DEBIT,BOLT RIDE TUNIS,Bolt,La Marsa,TN,Transportation,Online Card,False,DEV_A1,TND,1505.150,False,False,
TXN_001021,2025-03-09,19:15:14,10.300,DEBIT,UBER TRIP HELP.UBER.COM,Uber,Ariana,TN,Transportation,Online Card,False,DEV_B2,TND,1494.850,False,False,
TXN_001022,2025-03-09,19:32:37,52.900,DEBIT,GLOVO*77767,Glovo,Online,TN,Dining,Online Card,False,DEV_A1,TND,1441.950,False,False,
TXN_001023,2025-03-10,04:11:10,39.000,DEBIT,TT FIXE INTERNET 19743,Tunisie Telecom,Online,TN,Utilities,Direct Debit,,,TND,1402.950,True,False,
TXN_001024,2025-03-10,14:44:46,11.000,DEBIT,EPICERIE BEN SALEM,Epicerie Ben Salem,Ariana,TN,Groceries,POS Card,True,,TND,1391.950,False,False,
TXN_001025,2025-03-12,03:15:52,101.990,DEBIT,STEG FACTURE ELEC GAZ,STEG,Online,TN,Utilities,Direct Debit,,,TND,1289.960,True,False,
TXN_001026,2025-03-13,13:27:33,7.700,DEBIT,EPICERIE BEN SALEM,Epicerie Ben Salem,Ariana,TN,Groceries,POS Card,True,,TND,1282.260,False,False,
TXN_001027,2025-03-14,01:22:58,29.900,DEBIT,NETFLIX.COM AMSTERDAM,Netflix,Online,NL,Subscriptions,Online Card,False,DEV_A1,TND,1252.360,True,False,
TXN_001028,2025-03-14,07:25:47,14.800,DEBIT,BOULANGERIE LE FOURNIL,Boulangerie Le Fournil,Tunis,TN,Groceries,POS Card,True,,TND,1237.560,False,False,
TXN_001029,2025-03-14,20:23:44,8.200,DEBIT,EPICERIE BEN SALEM,Epicerie Ben Salem,Ariana,TN,Groceries,POS Card,True,,TND,1229.360,False,False,
TXN_001030,2025-03-15,02:40:04,39.500,DEBIT,GAT ASSURANCE SANTE,GAT Assurances,Tunis,TN,Insurance,Direct Debit,,,TND,1189.860,True,False,
TXN_001031,2025-03-15,07:06:44,8.000,DEBIT,BOULANGERIE LE FOURNIL,Boulangerie Le Fournil,Tunis,TN,Groceries,POS Card,True,,TND,1181.860,False,False,
TXN_001032,2025-03-15,21:13:56,86.000,DEBIT,STEAMGAMES.COM 95563,Steam,Online,US,Entertainment,Online Card,False,DEV_A1,TND,1095.860,False,False,
TXN_001033,2025-03-16,05:04:50,30.700,DEBIT,OOREDOO TUNISIE FACTURE 93445,Ooredoo,Online,TN,Utilities,Direct Debit,,,TND,1065.160,True,False,
TXN_001034,2025-03-16,09:20:49,3.950,DEBIT,COFFEE BREAK ARIANA,Coffee Break,Ariana,TN,Dining,POS Card,True,,TND,1061.210,False,False,
TXN_001035,2025-03-16,10:46:36,6.170,DEBIT,BOULANGERIE LE FOURNIL TUNIS,Boulangerie Le Fournil,Tunis,TN,Groceries,POS Card,True,,TND,1055.040,False,False,
TXN_001036,2025-03-16,12:59:09,80.000,DEBIT,RETRAIT DAB BIAT ARIANA,ATM Withdrawal,Ariana,TN,Cash Withdrawal,ATM,True,,TND,975.040,False,False,
TXN_001037,2025-03-17,10:24:10,4.220,DEBIT,CAFE EL MENZAH,Cafe El Menzah,Tunis,TN,Dining,POS Card,True,,TND,970.820,False,False,
TXN_001038,2025-03-17,12:03:59,27.390,DEBIT,GLOVO TUNIS,Glovo,Online,TN,Dining,Online Card,False,DEV_A1,TND,943.430,False,False,
TXN_001039,2025-03-17,13:44:42,3.410,DEBIT,SMART PARKING LAC 24109,Parking,Tunis,TN,Transportation,POS Card,True,,TND,940.020,False,False,
TXN_001040,2025-03-17,16:01:55,41.000,DEBIT,PHCIE CENTRALE 98103,Pharmacie Centrale,Ariana,TN,Healthcare,POS Card,True,,TND,899.020,False,False,
TXN_001041,2025-03-18,09:37:49,7.000,DEBIT,BOULANGERIE LE FOURNIL,Boulangerie Le Fournil,Ariana,TN,Groceries,POS Card,True,,TND,892.020,False,False,
TXN_001042,2025-03-18,18:25:45,69.570,DEBIT,FLOUCI TRANSFER 68235,Family Transfer,Online,TN,Transfer,Bank Transfer,,DEV_A1,TND,822.450,False,False,
TXN_001043,2025-03-18,21:18:17,7.400,DEBIT,BOLT *TRIP 58598,Bolt,Tunis,TN,Transportation,Online Card,False,DEV_A1,TND,815.050,False,False,
TXN_001044,2025-03-18,22:48:04,3.000,DEBIT,BOLT RIDE TUNIS,Bolt,Ariana,TN,Transportation,Online Card,False,DEV_A1,TND,812.050,False,False,
TXN_001045,2025-03-19,10:44:22,117.900,DEBIT,WISE *TRANSFER LONDON GB,Wise,Online,BE,Transfer,Online Card,False,DEV_A1,TND,694.150,False,False,
TXN_001046,2025-03-19,10:47:56,3.000,DEBIT,PARKING TUNIS,Parking,Tunis,TN,Transportation,POS Card,True,,TND,691.150,False,False,
TXN_001047,2025-03-20,10:58:22,6.000,DEBIT,CAFE EL MENZAH,Cafe El Menzah,Tunis,TN,Dining,POS Card,True,,TND,685.150,False,False,
TXN_001048,2025-03-20,22:54:42,16.100,DEBIT,BOLT RIDE TUNIS,Bolt,Tunis,TN,Transportation,Online Card,False,DEV_B2,TND,669.050,False,False,
TXN_001049,2025-03-21,07:45:11,12.500,DEBIT,Coffee Break Ariana,Coffee Break,Ariana,TN,Dining,POS Card,True,,TND,656.550,False,False,
TXN_001050,2025-03-22,05:45:58,18.500,DEBIT,SPOTIFY AB STOCKHOLM,Spotify,Online,SE,Subscriptions,Online Card,False,DEV_A1,TND,638.050,True,False,
TXN_001051,2025-03-24,18:00:41,312.800,DEBIT,PEARSON VUE EXAM,Pearson VUE,Online,TN,Education,Online Card,False,DEV_A1,TND,325.250,False,False,
TXN_001052,2025-03-25,07:44:01,8.610,DEBIT,BOULANGERIE LE FOURNIL,Boulangerie Le Fournil,Tunis,TN,Groceries,POS Card,True,,TND,316.640,False,False,
TXN_001053,2025-03-25,08:15:06,8.000,DEBIT,COFFEE BREAK ARIANA,Coffee Break,Ariana,TN,Dining,POS Card,True,,TND,308.640,False,False,
TXN_001054,2025-03-25,09:24:19,8.600,DEBIT,BOULANGERIE LE FOURNIL,Boulangerie Le Fournil,Tunis,TN,Groceries,POS Card,True,,TND,300.040,False,False,
TXN_001055,2025-03-26,11:30:40,10.000,DEBIT,EPICERIE BEN SALEM,Epicerie Ben Salem,Ariana,TN,Groceries,POS Card,True,,TND,290.040,False,False,
TXN_001056,2025-03-26,22:32:26,20.510,DEBIT,CINEMAS PATHE 62860,Pathe Tunis City,Tunis,TN,Entertainment,POS Card,True,,TND,269.530,False,False,
TXN_001057,2025-03-28,06:54:48,3200.000,CREDIT,SALARY CREDIT,Nexora Solutions,Online,TN,Salary,Bank Transfer,,,TND,3469.530,True,False,
TXN_001058,2025-03-28,08:08:52,4.470,DEBIT,BOULANGERIE LE FOURNIL ARIANA,Boulangerie Le Fournil,Ariana,TN,Groceries,POS Card,True,,TND,3465.060,False,False,
TXN_001059,2025-03-28,09:57:40,7.100,DEBIT,BOULANGERIE LE FOURNIL,Boulangerie Le Fournil,Ariana,TN,Groceries,POS Card,True,,TND,3457.960,False,False,
TXN_001060,2025-03-29,05:08:20,1500.000,DEBIT,VIREMENT COMPTE EPARGNE 79167,Savings Account,Online,TN,Transfer,Standing Order,,,TND,1957.960,True,False,
TXN_001061,2025-03-29,13:50:35,19.700,DEBIT,MCDONALDS TUNIS,McDonald's,Tunis,TN,Dining,POS Card,True,,TND,1938.260,False,False,
TXN_001062,2025-03-29,15:41:26,193.763,DEBIT,GOLD SOUK TRADING DUBAI AE,Gold Souk Trading,Dubai,AE,Shopping,POS Card,True,,TND,1744.497,False,True,impossible_travel
TXN_001063,2025-03-29,15:56:36,158.200,DEBIT,MALL GADGETS DUBAI DUBAI AE,Mall Gadgets Dubai,Dubai,AE,Electronics,POS Card,True,,TND,1586.297,False,True,impossible_travel
TXN_001064,2025-03-30,03:05:48,4.500,DEBIT,FRAIS TENUE DE COMPTE,Bank Fees,Online,TN,Other,Direct Debit,,,TND,1581.797,True,False,
TXN_001065,2025-03-30,17:40:17,20.720,DEBIT,EPICERIE BEN SALEM,Epicerie Ben Salem,Ariana,TN,Groceries,POS Card,True,,TND,1561.077,False,False,
TXN_001066,2025-03-30,17:43:42,116.000,DEBIT,LC WAIKIKI TUNIS,LC Waikiki,Tunis,TN,Shopping,POS Card,True,,TND,1445.077,False,False,
TXN_001067,2025-03-31,11:28:41,6.400,CREDIT,CASHBACK CARTE DEBIT,Card Cashback,Online,TN,Other,Online Card,False,DEV_A1,TND,1451.477,False,False,
TXN_001068,2025-03-31,16:43:45,4.620,DEBIT,SMART PARKING LAC 95267,Parking,Tunis,TN,Transportation,POS Card,True,,TND,1446.857,False,False,
TXN_001069,2025-04-01,00:38:27,650.000,CREDIT,VIREMENT EPARGNE VERS COMPTE COURANT,Savings Account,Online,TN,Transfer,Standing Order,,,TND,2096.857,False,False,
TXN_001070,2025-04-01,11:23:42,4.250,DEBIT,BOULANGERIE LE FOURNIL,Boulangerie Le Fournil,Tunis,TN,Groceries,POS Card,True,,TND,2092.607,False,False,
TXN_001071,2025-04-01,18:41:48,3.000,DEBIT,SMART PARKING LAC 43913,Parking,Ariana,TN,Transportation,POS Card,True,,TND,2089.607,False,False,
TXN_001072,2025-04-02,09:00:26,6.640,DEBIT,COFFEE BREAK ARIANA,Coffee Break,Ariana,TN,Dining,POS Card,True,,TND,2082.967,False,False,
TXN_001073,2025-04-02,11:57:32,88.950,DEBIT,LC WAIKIKI TUNIS,LC Waikiki,Tunis,TN,Shopping,POS Card,True,,TND,1994.017,False,False,
TXN_001074,2025-04-02,12:45:20,8.600,DEBIT,BOLT RIDE TUNIS,Bolt,Ariana,TN,Transportation,Online Card,False,DEV_B2,TND,1985.417,False,False,
TXN_001075,2025-04-03,07:26:26,3.130,DEBIT,BOULANGERIE LE FOURNIL TUNIS,Boulangerie Le Fournil,Tunis,TN,Groceries,POS Card,True,,TND,1982.287,False,False,
TXN_001076,2025-04-03,11:25:09,12.200,DEBIT,Coffee Break Tunis,Coffee Break,Tunis,TN,Dining,POS Card,True,,TND,1970.087,False,False,
TXN_001077,2025-04-03,14:12:38,25.000,DEBIT,PAUL TUNIS,Paul,Tunis,TN,Dining,POS Card,True,,TND,1945.087,False,False,
TXN_001078,2025-04-03,15:12:41,11.000,DEBIT,Coffee Break Tunis,Coffee Break,Tunis,TN,Dining,POS Card,True,,TND,1934.087,False,False,
TXN_001079,2025-04-04,03:43:09,760.000,DEBIT,STE IMMOBILIERE LOYER,STE Immobiliere,Ariana,TN,Rent,Standing Order,,,TND,1174.087,True,False,
TXN_001080,2025-04-04,08:21:48,21.300,DEBIT,BOULANGERIE LE FOURNIL ARIANA,Boulangerie Le Fournil,Ariana,TN,Groceries,POS Card,True,,TND,1152.787,False,False,
TXN_001081,2025-04-04,20:33:01,18.600,DEBIT,EPICERIE BEN SALEM ARIANA,Epicerie Ben Salem,Ariana,TN,Groceries,POS Card,True,,TND,1134.187,False,False,
TXN_001082,2025-04-04,21:53:44,33.000,DEBIT,RESTAURANT LE PORT CARTHAGE,Restaurant Le Port,Carthage,TN,Dining,POS Card,True,,TND,1101.187,False,False,
TXN_001083,2025-04-04,22:22:19,19.290,DEBIT,MCDO 53839,McDonald's,Tunis,TN,Dining,POS Card,True,,TND,1081.897,False,False,
TXN_001084,2025-04-05,08:39:24,4.300,DEBIT,PARKING TUNIS,Parking,Tunis,TN,Transportation,POS Card,True,,TND,1077.597,False,False,
TXN_001085,2025-04-05,11:27:48,162.900,DEBIT,FLOUCI TRANSFER 85990,Family Transfer,Online,TN,Transfer,Bank Transfer,,DEV_A1,TND,914.697,False,False,
TXN_001086,2025-04-05,11:54:37,7.500,DEBIT,BOLT *TRIP 37618,Bolt,Tunis,TN,Transportation,Online Card,False,DEV_A1,TND,907.197,False,False,
TXN_001087,2025-04-05,13:09:10,70.000,DEBIT,ATM WDL 53232 TUNIS,ATM Withdrawal,Tunis,TN,Cash Withdrawal,ATM,True,,TND,837.197,False,False,
TXN_001088,2025-04-06,02:18:29,63.000,DEBIT,OPENAI *CHATGPT SUBSCR,OpenAI,Online,US,Subscriptions,Online Card,False,DEV_A1,TND,774.197,True,False,
TXN_001089,2025-04-06,21:17:00,16.900,DEBIT,BOLT RIDE TUNIS,Bolt,La Marsa,TN,Transportation,Online Card,False,DEV_A1,TND,757.297,False,False,
TXN_001090,2025-04-07,03:33:26,14.900,DEBIT,VPNPREMIUM SUBSCR 8005550142 IE,VPNPremium,Online,IE,Subscriptions,Online Card,False,,TND,742.397,True,True,recurring_unauthorized_subscription
TXN_001091,2025-04-07,10:14:00,10.900,DEBIT,TPE CAFE EL MENZAH 73489,Cafe El Menzah,Tunis,TN,Dining,POS Card,True,,TND,731.497,False,False,
TXN_001092,2025-04-08,05:12:27,75.000,DEBIT,FITNESS ZONE ARIANA ABONNEMENT,Fitness Zone,Ariana,TN,Subscriptions,Direct Debit,,,TND,656.497,True,False,
TXN_001093,2025-04-09,02:59:35,4.200,DEBIT,ICLOUD+ 50GB,Apple,Online,IE,Subscriptions,Online Card,False,DEV_A1,TND,652.297,True,False,
TXN_001094,2025-04-09,07:49:19,27.500,DEBIT,TPE CAFE EL MENZAH 96486,Cafe El Menzah,Tunis,TN,Dining,POS Card,True,,TND,624.797,False,False,
TXN_001095,2025-04-09,16:56:52,101.000,DEBIT,TOTAL SERVICE STATION ARIANA #59685,TotalEnergies,Ariana,TN,Fuel,POS Card,True,,TND,523.797,False,False,
TXN_001096,2025-04-10,08:49:32,21.760,DEBIT,COFFEE BREAK ARIANA,Coffee Break,Ariana,TN,Dining,POS Card,True,,TND,502.037,False,False,
TXN_001097,2025-04-10,10:10:09,5.070,DEBIT,BOULANGERIE LE FOURNIL ARIANA,Boulangerie Le Fournil,Ariana,TN,Groceries,POS Card,True,,TND,496.967,False,False,
TXN_001098,2025-04-10,14:06:07,11.100,DEBIT,COFFEE BREAK TUNIS,Coffee Break,Tunis,TN,Dining,POS Card,True,,TND,485.867,False,False,
TXN_001099,2025-04-11,02:03:45,39.000,DEBIT,TT FIXE INTERNET 5700,Tunisie Telecom,Online,TN,Utilities,Direct Debit,,,TND,446.867,True,False,
TXN_001100,2025-04-11,12:54:59,90.000,DEBIT,ATM WDL 1358 LA MARSA,ATM Withdrawal,La Marsa,TN,Cash Withdrawal,ATM,True,,TND,356.867,False,False,
TXN_001101,2025-04-12,10:18:22,351.963,CREDIT,REMBOURSEMENT LITIGE CARTE,Bank Dispute Reimbursement,Tunis,TN,Other,Bank Transfer,,,TND,708.830,,False,
TXN_001102,2025-04-12,16:36:43,43.880,DEBIT,CARREFOUR LA MARSA #47998,Carrefour,La Marsa,TN,Groceries,POS Card,True,,TND,664.950,False,False,
TXN_001103,2025-04-13,21:16:57,5.350,DEBIT,BOLT *TRIP 79576,Bolt,La Marsa,TN,Transportation,Online Card,False,DEV_B2,TND,659.600,False,False,
TXN_001104,2025-04-14,02:15:46,29.900,DEBIT,NETFLIX.COM,Netflix,Online,NL,Subscriptions,Online Card,False,DEV_A1,TND,629.700,True,False,
TXN_001105,2025-04-14,16:14:28,19.000,DEBIT,PAUL LA MARSA,Paul,La Marsa,TN,Dining,POS Card,True,,TND,610.700,False,False,
TXN_001106,2025-04-14,16:52:30,2.600,DEBIT,PARKING TUNIS,Parking,Tunis,TN,Transportation,POS Card,True,,TND,608.100,False,False,
TXN_001107,2025-04-15,02:08:17,39.500,DEBIT,GAT ASSURANCES PRELEVEMENT,GAT Assurances,Tunis,TN,Insurance,Direct Debit,,,TND,568.600,True,False,
TXN_001108,2025-04-15,10:16:34,10.000,DEBIT,SMART PARKING LAC 55135,Parking,Tunis,TN,Transportation,POS Card,True,,TND,558.600,False,False,
TXN_001109,2025-04-15,22:52:04,17.100,DEBIT,BOLT *TRIP 32443,Bolt,Ariana,TN,Transportation,Online Card,False,DEV_A1,TND,541.500,False,False,
TXN_001110,2025-04-15,23:28:39,9.200,DEBIT,UBER *TRIP 6904,Uber,Tunis,TN,Transportation,Online Card,False,DEV_A1,TND,532.300,False,False,
TXN_001111,2025-04-16,11:42:54,2.300,DEBIT,SMART PARKING LAC 78198,Parking,Tunis,TN,Transportation,POS Card,True,,TND,530.000,False,False,
TXN_001112,2025-04-16,22:15:21,54.100,DEBIT,RESTAURANT LE PORT,Restaurant Le Port,Tunis,TN,Dining,POS Card,True,,TND,475.900,False,False,
TXN_001113,2025-04-17,01:51:28,29.500,DEBIT,OOREDOO TUNISIE FACTURE 8339,Ooredoo,Online,TN,Utilities,Direct Debit,,,TND,446.400,True,False,
TXN_001114,2025-04-17,14:32:33,6.750,DEBIT,TPE CAFE EL MENZAH 51306,Cafe El Menzah,Tunis,TN,Dining,POS Card,True,,TND,439.650,False,False,
TXN_001115,2025-04-18,18:47:54,39.000,DEBIT,CINEMAS PATHE 27000,Pathe Tunis City,Tunis,TN,Entertainment,POS Card,True,,TND,400.650,False,False,
TXN_001116,2025-04-20,09:40:30,5.450,DEBIT,BOULANGERIE LE FOURNIL,Boulangerie Le Fournil,Tunis,TN,Groceries,POS Card,True,,TND,395.200,False,False,
TXN_001117,2025-04-21,08:14:41,5.000,DEBIT,BOLT *TRIP 25883,Bolt,Ariana,TN,Transportation,Online Card,False,DEV_A1,TND,390.200,False,False,
TXN_001118,2025-04-21,09:40:16,6.950,DEBIT,TPE CAFE EL MENZAH 18547,Cafe El Menzah,Tunis,TN,Dining,POS Card,True,,TND,383.250,False,False,
TXN_001119,2025-04-21,11:13:22,5.050,DEBIT,CAFE EL MENZAH,Cafe El Menzah,Tunis,TN,Dining,POS Card,True,,TND,378.200,False,False,
TXN_001120,2025-04-21,20:45:13,16.700,DEBIT,EPICERIE BEN SALEM ARIANA,Epicerie Ben Salem,Ariana,TN,Groceries,POS Card,True,,TND,361.500,False,False,
TXN_001121,2025-04-22,04:24:52,20.900,DEBIT,SPOTIFY AB STOCKHOLM,Spotify,Online,SE,Subscriptions,Online Card,False,DEV_A1,TND,340.600,True,False,
TXN_001122,2025-04-22,10:18:32,2.500,DEBIT,PARKING ARIANA,Parking,Ariana,TN,Transportation,POS Card,True,,TND,338.100,False,False,
TXN_001123,2025-04-22,13:28:07,25.000,DEBIT,RESTAURANT LE PORT TUNIS,Restaurant Le Port,Tunis,TN,Dining,POS Card,True,,TND,313.100,False,False,
TXN_001124,2025-04-23,16:52:36,7.750,DEBIT,TPE CAFE EL MENZAH 58330,Cafe El Menzah,Tunis,TN,Dining,POS Card,True,,TND,305.350,False,False,
TXN_001125,2025-04-24,13:47:15,26.000,DEBIT,EPICERIE BEN SALEM ARIANA,Epicerie Ben Salem,Ariana,TN,Groceries,POS Card,True,,TND,279.350,False,False,
TXN_001126,2025-04-24,14:17:47,46.640,DEBIT,LCW 23327,LC Waikiki,Ariana,TN,Shopping,POS Card,True,,TND,232.710,False,False,
TXN_001127,2025-04-24,17:29:23,5.190,DEBIT,BOLT *TRIP 98713,Bolt,La Marsa,TN,Transportation,Online Card,False,DEV_A1,TND,227.520,False,False,
TXN_001128,2025-04-25,07:14:18,3592.500,CREDIT,SALARY CREDIT,Nexora Solutions,Online,TN,Salary,Bank Transfer,,,TND,3820.020,True,False,
TXN_001129,2025-04-25,07:30:30,7.040,DEBIT,PAUL LA MARSA,Paul,La Marsa,TN,Dining,POS Card,True,,TND,3812.980,False,False,
TXN_001130,2025-04-25,17:24:32,2.790,DEBIT,SMART PARKING LAC 29166,Parking,Tunis,TN,Transportation,POS Card,True,,TND,3810.190,False,False,
TXN_001131,2025-04-26,04:27:59,1500.000,DEBIT,VIREMENT COMPTE EPARGNE 71577,Savings Account,Online,TN,Transfer,Standing Order,,,TND,2310.190,True,False,
TXN_001132,2025-04-26,17:24:09,55.100,DEBIT,MG BEN AROUS,MG,Ben Arous,TN,Groceries,POS Card,True,,TND,2255.090,False,False,
TXN_001133,2025-04-28,07:53:03,420.000,CREDIT,SALARY ARREARS ADJUSTMENT,Nexora Solutions,Online,TN,Salary,Bank Transfer,,,TND,2675.090,False,False,
TXN_001134,2025-04-28,09:00:23,7.750,DEBIT,BOLT RIDE TUNIS,Bolt,Tunis,TN,Transportation,Online Card,False,DEV_A1,TND,2667.340,False,False,
TXN_001135,2025-04-28,10:15:41,8.750,DEBIT,EPICERIE BEN SALEM,Epicerie Ben Salem,Ariana,TN,Groceries,POS Card,True,,TND,2658.590,False,False,
TXN_001136,2025-04-28,14:48:02,8.300,DEBIT,EPICERIE BEN SALEM ARIANA,Epicerie Ben Salem,Ariana,TN,Groceries,POS Card,True,,TND,2650.290,False,False,
TXN_001137,2025-04-30,03:37:50,4.500,DEBIT,FRAIS TENUE DE COMPTE,Bank Fees,Online,TN,Other,Direct Debit,,,TND,2645.790,True,False,
TXN_001138,2025-05-01,04:51:38,1000.000,CREDIT,VIREMENT EPARGNE VERS COMPTE COURANT,Savings Account,Online,TN,Transfer,Standing Order,,,TND,3645.790,False,False,
TXN_001139,2025-05-01,18:39:58,128.770,DEBIT,SHELL STATION 39936,Shell,Tunis,TN,Fuel,POS Card,True,,TND,3517.020,False,False,
TXN_001140,2025-05-01,21:51:31,8.010,DEBIT,BOLT RIDE TUNIS,Bolt,La Marsa,TN,Transportation,Online Card,False,DEV_A1,TND,3509.010,False,False,
TXN_001141,2025-05-02,09:58:04,99.200,DEBIT,CABINET DR TRABELSI,Cabinet Dr Trabelsi,Ariana,TN,Healthcare,POS Card,True,,TND,3409.810,False,False,
TXN_001142,2025-05-02,10:54:38,10.290,DEBIT,EPICERIE BEN SALEM,Epicerie Ben Salem,Ariana,TN,Groceries,POS Card,True,,TND,3399.520,False,False,
TXN_001143,2025-05-02,11:12:38,10.850,DEBIT,CAFE EL MENZAH,Cafe El Menzah,Tunis,TN,Dining,POS Card,True,,TND,3388.670,False,False,
TXN_001144,2025-05-02,16:43:02,29.750,DEBIT,PAUL LA MARSA,Paul,La Marsa,TN,Dining,POS Card,True,,TND,3358.920,False,False,
TXN_001145,2025-05-03,09:11:40,14.000,DEBIT,EPICERIE BEN SALEM ARIANA,Epicerie Ben Salem,Ariana,TN,Groceries,POS Card,True,,TND,3344.920,False,False,
TXN_001146,2025-05-03,15:13:08,10.000,DEBIT,EPICERIE BEN SALEM,Epicerie Ben Salem,Ariana,TN,Groceries,POS Card,True,,TND,3334.920,False,False,
TXN_001147,2025-05-04,00:50:07,760.000,DEBIT,VIR PERMANENT STE IMMOBILIERE,STE Immobiliere,Ariana,TN,Rent,Standing Order,,,TND,2574.920,True,False,
TXN_001148,2025-05-04,22:43:44,23.300,DEBIT,GLOVO*51056,Glovo,Online,TN,Dining,Online Card,False,DEV_A1,TND,2551.620,False,False,
TXN_001149,2025-05-04,22:46:29,5.800,DEBIT,BOLT RIDE TUNIS,Bolt,Tunis,TN,Transportation,Online Card,False,DEV_A1,TND,2545.820,False,False,
TXN_001150,2025-05-06,01:16:04,75.000,DEBIT,FITNESS ZONE ARIANA ABONNEMENT,Fitness Zone,Ariana,TN,Subscriptions,Direct Debit,,,TND,2470.820,True,False,
TXN_001151,2025-05-06,01:59:38,63.000,DEBIT,OPENAI *CHATGPT SUBSCR,OpenAI,Online,US,Subscriptions,Online Card,False,DEV_A1,TND,2407.820,True,False,
TXN_001152,2025-05-06,10:34:45,6.000,DEBIT,PARKING ARIANA,Parking,Ariana,TN,Transportation,POS Card,True,,TND,2401.820,False,False,
TXN_001153,2025-05-06,18:08:26,640.300,DEBIT,ALIEXPRESS *48820193,AliExpress,Online,TN,Shopping,Online Card,False,DEV_B2,TND,1761.520,False,False,
TXN_001154,2025-05-07,03:30:38,14.900,DEBIT,VPNPREMIUM SUBSCR 8005550142 IE,VPNPremium,Online,IE,Subscriptions,Online Card,False,,TND,1746.620,True,True,recurring_unauthorized_subscription
TXN_001155,2025-05-07,09:08:55,3.550,DEBIT,SMART PARKING LAC 32264,Parking,Ariana,TN,Transportation,POS Card,True,,TND,1743.070,False,False,
TXN_001156,2025-05-07,18:29:53,12.000,DEBIT,EPICERIE BEN SALEM,Epicerie Ben Salem,Ariana,TN,Groceries,POS Card,True,,TND,1731.070,False,False,
TXN_001157,2025-05-08,14:19:17,16.550,DEBIT,PAUL TUNIS,Paul,Tunis,TN,Dining,POS Card,True,,TND,1714.520,False,False,
TXN_001158,2025-05-09,00:52:45,4.200,DEBIT,APPLE.COM/BILL,Apple,Online,IE,Subscriptions,Online Card,False,DEV_A1,TND,1710.320,True,False,
TXN_001159,2025-05-09,10:19:03,140.000,DEBIT,RETRAIT GAB AMEN BANK LA MARSA,ATM Withdrawal,La Marsa,TN,Cash Withdrawal,ATM,True,,TND,1570.320,False,False,
TXN_001160,2025-05-09,10:24:32,25.150,DEBIT,PHARMACIE CENTRALE ARIANA,Pharmacie Centrale,Ariana,TN,Healthcare,POS Card,True,,TND,1545.170,False,False,
TXN_001161,2025-05-09,10:29:07,19.400,DEBIT,PAIEMENT PAUL 98584,Paul,La Marsa,TN,Dining,POS Card,True,,TND,1525.770,False,False,
TXN_001162,2025-05-09,23:23:23,10.140,DEBIT,BOLT *TRIP 54545,Bolt,Tunis,TN,Transportation,Online Card,False,DEV_A1,TND,1515.630,False,False,
TXN_001163,2025-05-10,15:53:21,111.000,DEBIT,JUMIA.COM.TN,Jumia,Online,TN,Shopping,Online Card,False,DEV_B2,TND,1404.630,False,False,
TXN_001164,2025-05-10,19:29:13,14.850,DEBIT,UBER TRIP HELP.UBER.COM,Uber,Ariana,TN,Transportation,Online Card,False,DEV_A1,TND,1389.780,False,False,
TXN_001165,2025-05-11,01:20:06,39.000,DEBIT,TUNISIE TELECOM ADSL FACTURE,Tunisie Telecom,Online,TN,Utilities,Direct Debit,,,TND,1350.780,True,False,
TXN_001166,2025-05-11,04:29:58,106.700,DEBIT,STEG FACTURE ELEC GAZ,STEG,Online,TN,Utilities,Direct Debit,,,TND,1244.080,True,False,
TXN_001167,2025-05-12,17:25:58,97.200,DEBIT,SHELL STATION 88697,Shell,Tunis,TN,Fuel,POS Card,True,,TND,1146.880,False,False,
TXN_001168,2025-05-13,17:58:03,3.750,DEBIT,SMART PARKING LAC 74163,Parking,Tunis,TN,Transportation,POS Card,True,,TND,1143.130,False,False,
TXN_001169,2025-05-14,01:16:11,29.900,DEBIT,NETFLIX.COM,Netflix,Online,NL,Subscriptions,Online Card,False,DEV_B2,TND,1113.230,True,False,
TXN_001170,2025-05-15,03:51:19,39.500,DEBIT,GAT ASSURANCES PRELEVEMENT,GAT Assurances,Tunis,TN,Insurance,Direct Debit,,,TND,1073.730,True,False,
TXN_001171,2025-05-15,20:56:05,11.950,DEBIT,EPICERIE BEN SALEM ARIANA,Epicerie Ben Salem,Ariana,TN,Groceries,POS Card,True,,TND,1061.780,False,False,
TXN_001172,2025-05-17,11:40:10,1.830,DEBIT,SMART PARKING LAC 1474,Parking,Ariana,TN,Transportation,POS Card,True,,TND,1059.950,False,False,
TXN_001173,2025-05-17,12:29:50,90.000,DEBIT,RETRAIT DAB BIAT ARIANA,ATM Withdrawal,Ariana,TN,Cash Withdrawal,ATM,True,,TND,969.950,False,False,
TXN_001174,2025-05-18,04:11:23,59.710,DEBIT,SONEDE 9032,SONEDE,Online,TN,Utilities,Direct Debit,,,TND,910.240,True,False,
TXN_001175,2025-05-18,21:12:16,37.950,DEBIT,MCDONALDS TUNIS,McDonald's,Tunis,TN,Dining,POS Card,True,,TND,872.290,False,False,
TXN_001176,2025-05-19,01:36:19,33.000,DEBIT,OOREDOO BILL PAYMENT,Ooredoo,Online,TN,Utilities,Direct Debit,,,TND,839.290,True,False,
TXN_001177,2025-05-19,18:06:14,14.200,DEBIT,EPICERIE BEN SALEM,Epicerie Ben Salem,Ariana,TN,Groceries,POS Card,True,,TND,825.090,False,False,
TXN_001178,2025-05-19,18:53:18,5.400,DEBIT,SMART PARKING LAC 6393,Parking,Tunis,TN,Transportation,POS Card,True,,TND,819.690,False,False,
TXN_001179,2025-05-20,10:09:57,13.600,DEBIT,PAUL TUNIS,Paul,Tunis,TN,Dining,POS Card,True,,TND,806.090,False,False,
TXN_001180,2025-05-20,11:03:24,49.120,DEBIT,PHCIE CENTRALE 65225,Pharmacie Centrale,Ariana,TN,Healthcare,POS Card,True,,TND,756.970,False,False,
TXN_001181,2025-05-20,15:47:05,2.280,DEBIT,PARKING ARIANA,Parking,Ariana,TN,Transportation,POS Card,True,,TND,754.690,False,False,
TXN_001182,2025-05-21,08:05:12,21.550,DEBIT,PAIEMENT PAUL 68845,Paul,La Marsa,TN,Dining,POS Card,True,,TND,733.140,False,False,
TXN_001183,2025-05-21,10:57:54,12.270,DEBIT,Coffee Break Ariana,Coffee Break,Ariana,TN,Dining,POS Card,True,,TND,720.870,False,False,
TXN_001184,2025-05-21,15:58:10,3.600,DEBIT,SMART PARKING LAC 9465,Parking,Ariana,TN,Transportation,POS Card,True,,TND,717.270,False,False,
TXN_001185,2025-05-21,20:57:53,29.750,DEBIT,EPICERIE BEN SALEM ARIANA,Epicerie Ben Salem,Ariana,TN,Groceries,POS Card,True,,TND,687.520,False,False,
TXN_001186,2025-05-22,04:23:47,20.900,DEBIT,SPOTIFY AB STOCKHOLM,Spotify,Online,SE,Subscriptions,Online Card,False,DEV_A1,TND,666.620,True,False,
TXN_001187,2025-05-22,06:37:49,14.970,DEBIT,UBER TRIP HELP.UBER.COM,Uber,Tunis,TN,Transportation,Online Card,False,DEV_B2,TND,651.650,False,False,
TXN_001188,2025-05-22,09:52:19,2.750,DEBIT,BOULANGERIE LE FOURNIL,Boulangerie Le Fournil,Ariana,TN,Groceries,POS Card,True,,TND,648.900,False,False,
TXN_001189,2025-05-22,15:41:26,15.000,DEBIT,CAFE EL MENZAH,Cafe El Menzah,Tunis,TN,Dining,POS Card,True,,TND,633.900,False,False,
TXN_001190,2025-05-23,12:23:54,41.300,DEBIT,PHCIE CENTRALE 28083,Pharmacie Centrale,Tunis,TN,Healthcare,POS Card,True,,TND,592.600,False,False,
TXN_001191,2025-05-23,12:39:40,81.300,DEBIT,LC WAIKIKI ARIANA,LC Waikiki,Ariana,TN,Shopping,POS Card,True,,TND,511.300,False,False,
TXN_001192,2025-05-23,15:46:36,6.700,DEBIT,TPE CAFE EL MENZAH 21064,Cafe El Menzah,Tunis,TN,Dining,POS Card,True,,TND,504.600,False,False,
TXN_001193,2025-05-24,09:09:35,13.000,DEBIT,BOLT *TRIP 9241,Bolt,La Marsa,TN,Transportation,Online Card,False,DEV_A1,TND,491.600,False,False,
TXN_001194,2025-05-24,16:52:15,63.000,DEBIT,PHCIE CENTRALE 52858,Pharmacie Centrale,Tunis,TN,Healthcare,POS Card,True,,TND,428.600,False,False,
TXN_001195,2025-05-24,17:21:05,112.600,DEBIT,TOTAL SERVICE STATION ARIANA #62643,TotalEnergies,Ariana,TN,Fuel,POS Card,True,,TND,316.000,False,False,
TXN_001196,2025-05-24,18:24:56,11.100,DEBIT,BOLT RIDE TUNIS,Bolt,Tunis,TN,Transportation,Online Card,False,DEV_B2,TND,304.900,False,False,
TXN_001197,2025-05-25,14:32:55,17.000,DEBIT,BOLT *TRIP 15940,Bolt,Ariana,TN,Transportation,Online Card,False,DEV_B2,TND,287.900,False,False,
TXN_001198,2025-05-25,21:32:21,54.000,DEBIT,STEAMGAMES.COM 11963,Steam,Online,US,Entertainment,Online Card,False,DEV_A1,TND,233.900,False,False,
TXN_001199,2025-05-26,06:34:14,3480.000,CREDIT,MONTHLY SALARY,Nexora Solutions,Online,TN,Salary,Bank Transfer,,,TND,3713.900,True,False,
TXN_001200,2025-05-26,11:04:05,2.600,DEBIT,PARKING TUNIS,Parking,Tunis,TN,Transportation,POS Card,True,,TND,3711.300,False,False,
TXN_001201,2025-05-26,12:18:27,27.400,DEBIT,RESTAURANT LE PORT,Restaurant Le Port,Tunis,TN,Dining,POS Card,True,,TND,3683.900,False,False,
TXN_001202,2025-05-26,17:53:30,21.000,DEBIT,Coffee Break Tunis,Coffee Break,Tunis,TN,Dining,POS Card,True,,TND,3662.900,False,False,
TXN_001203,2025-05-27,02:03:35,1500.000,DEBIT,VIREMENT COMPTE EPARGNE 15330,Savings Account,Online,TN,Transfer,Standing Order,,,TND,2162.900,True,False,
TXN_001204,2025-05-27,04:21:47,409.433,DEBIT,GADGET HUB ONLINE US,Gadget Hub Online,Online,US,Electronics,Online Card,False,DEV_CA16,TND,1753.467,False,True,account_takeover
TXN_001205,2025-05-27,04:31:02,272.930,DEBIT,LUXEBOUTIQUE ONLINE GB,LuxeBoutique Online,Online,GB,Shopping,Online Card,False,DEV_CA16,TND,1480.537,False,True,account_takeover
TXN_001206,2025-05-27,04:49:10,259.927,DEBIT,VIR WEB NOUVEAU BENEFICIAIRE,Unknown Beneficiary,Online,TN,Transfer,Bank Transfer,,DEV_CA16,TND,1220.610,False,True,account_takeover
TXN_001207,2025-05-28,15:02:41,7.590,DEBIT,Coffee Break Ariana,Coffee Break,Ariana,TN,Dining,POS Card,True,,TND,1213.020,False,False,
TXN_001208,2025-05-30,04:55:30,4.500,DEBIT,FRAIS TENUE DE COMPTE,Bank Fees,Online,TN,Other,Direct Debit,,,TND,1208.520,True,False,
TXN_001209,2025-05-30,08:45:00,4.100,DEBIT,BOLT *TRIP 99791,Bolt,Ariana,TN,Transportation,Online Card,False,DEV_A1,TND,1204.420,False,False,
TXN_001210,2025-05-30,18:52:30,4.700,DEBIT,SMART PARKING LAC 37402,Parking,Tunis,TN,Transportation,POS Card,True,,TND,1199.720,False,False,
TXN_001211,2025-05-31,19:23:51,9.450,DEBIT,BOLT RIDE TUNIS,Bolt,Tunis,TN,Transportation,Online Card,False,DEV_A1,TND,1190.270,False,False,
TXN_001212,2025-06-01,01:55:53,850.000,CREDIT,VIREMENT EPARGNE VERS COMPTE COURANT,Savings Account,Online,TN,Transfer,Standing Order,,,TND,2040.270,False,False,
TXN_001213,2025-06-01,10:28:09,3.500,DEBIT,SMART PARKING LAC 97691,Parking,Ariana,TN,Transportation,POS Card,True,,TND,2036.770,False,False,
TXN_001214,2025-06-01,20:34:04,19.800,DEBIT,EPICERIE BEN SALEM ARIANA,Epicerie Ben Salem,Ariana,TN,Groceries,POS Card,True,,TND,2016.970,False,False,
TXN_001215,2025-06-02,01:16:09,760.000,DEBIT,VIR PERMANENT STE IMMOBILIERE,STE Immobiliere,Ariana,TN,Rent,Standing Order,,,TND,1256.970,True,False,
TXN_001216,2025-06-02,09:56:58,62.230,DEBIT,SHELL ARIANA,Shell,Ariana,TN,Fuel,POS Card,True,,TND,1194.740,False,False,
TXN_001217,2025-06-02,14:06:44,109.900,DEBIT,RESTAURANT LE PORT CARTHAGE,Restaurant Le Port,Carthage,TN,Dining,POS Card,True,,TND,1084.840,False,False,
TXN_001218,2025-06-02,17:11:31,5.000,DEBIT,SMART PARKING LAC 24281,Parking,Ariana,TN,Transportation,POS Card,True,,TND,1079.840,False,False,
TXN_001219,2025-06-03,08:53:48,7.000,DEBIT,BOLT RIDE TUNIS,Bolt,Tunis,TN,Transportation,Online Card,False,DEV_A1,TND,1072.840,False,False,
TXN_001220,2025-06-03,10:33:39,12.360,DEBIT,EPICERIE BEN SALEM ARIANA,Epicerie Ben Salem,Ariana,TN,Groceries,POS Card,True,,TND,1060.480,False,False,
TXN_001221,2025-06-04,13:39:28,2.870,DEBIT,PARKING TUNIS,Parking,Tunis,TN,Transportation,POS Card,True,,TND,1057.610,False,False,
TXN_001222,2025-06-05,11:32:58,110.830,DEBIT,MAGASIN GENERAL LA MARSA 25093,MG,La Marsa,TN,Groceries,POS Card,True,,TND,946.780,False,False,
TXN_001223,2025-06-05,14:50:02,22.900,DEBIT,EPICERIE BEN SALEM,Epicerie Ben Salem,Ariana,TN,Groceries,POS Card,True,,TND,923.880,False,False,
TXN_001224,2025-06-05,16:18:24,4.500,DEBIT,TPE CAFE EL MENZAH 23517,Cafe El Menzah,Tunis,TN,Dining,POS Card,True,,TND,919.380,False,False,
TXN_001225,2025-06-06,00:59:33,75.000,DEBIT,FITNESS ZONE ARIANA ABONNEMENT,Fitness Zone,Ariana,TN,Subscriptions,Direct Debit,,,TND,844.380,True,False,
TXN_001226,2025-06-06,03:33:33,14.900,DEBIT,VPNPREMIUM SUBSCR 8005550142 IE,VPNPremium,Online,IE,Subscriptions,Online Card,False,,TND,829.480,True,True,recurring_unauthorized_subscription
TXN_001227,2025-06-06,04:49:57,63.000,DEBIT,OPENAI *CHATGPT SUBSCR,OpenAI,Online,US,Subscriptions,Online Card,False,DEV_A1,TND,766.480,True,False,
TXN_001228,2025-06-06,10:25:23,12.870,DEBIT,BOLT *TRIP 88502,Bolt,Ariana,TN,Transportation,Online Card,False,DEV_B2,TND,753.610,False,False,
TXN_001229,2025-06-06,11:08:17,4.000,DEBIT,CAFE EL MENZAH,Cafe El Menzah,Tunis,TN,Dining,POS Card,True,,TND,749.610,False,False,
TXN_001230,2025-06-06,20:34:16,102.030,DEBIT,RESTAURANT LE PORT,Restaurant Le Port,Tunis,TN,Dining,POS Card,True,,TND,647.580,False,False,
TXN_001231,2025-06-08,16:15:18,23.200,DEBIT,PAUL TUNIS,Paul,Tunis,TN,Dining,POS Card,True,,TND,624.380,False,False,
TXN_001232,2025-06-09,05:02:05,4.200,DEBIT,APPLE.COM/BILL,Apple,Online,IE,Subscriptions,Online Card,False,DEV_A1,TND,620.180,True,False,
TXN_001233,2025-06-09,16:46:58,4.700,DEBIT,BOLT RIDE TUNIS,Bolt,La Marsa,TN,Transportation,Online Card,False,DEV_A1,TND,615.480,False,False,
TXN_001234,2025-06-10,09:40:55,6.000,DEBIT,PAUL TUNIS,Paul,Tunis,TN,Dining,POS Card,True,,TND,609.480,False,False,
TXN_001235,2025-06-10,15:18:48,27.050,DEBIT,PAUL LA MARSA,Paul,La Marsa,TN,Dining,POS Card,True,,TND,582.430,False,False,
TXN_001236,2025-06-10,19:15:40,30.000,DEBIT,LCW 61039,LC Waikiki,Ariana,TN,Shopping,POS Card,True,,TND,552.430,False,False,
TXN_001237,2025-06-11,13:13:39,65.590,DEBIT,RESTAURANT LE PORT TUNIS,Restaurant Le Port,Tunis,TN,Dining,POS Card,True,,TND,486.840,False,False,
TXN_001238,2025-06-11,20:06:36,66.000,DEBIT,VIREMENT EMIS MAMAN,Family Transfer,Online,TN,Transfer,Bank Transfer,,DEV_A1,TND,420.840,False,False,
TXN_001239,2025-06-12,03:21:25,39.000,DEBIT,TT FIXE INTERNET 83356,Tunisie Telecom,Online,TN,Utilities,Direct Debit,,,TND,381.840,True,False,
TXN_001240,2025-06-12,09:01:41,28.630,DEBIT,PHCIE CENTRALE 66411,Pharmacie Centrale,Ariana,TN,Healthcare,POS Card,True,,TND,353.210,False,False,
TXN_001241,2025-06-12,10:05:05,942.290,CREDIT,REMBOURSEMENT LITIGE CARTE,Bank Dispute Reimbursement,Tunis,TN,Other,Bank Transfer,,,TND,1295.500,,False,
TXN_001242,2025-06-13,14:30:09,70.000,DEBIT,RETRAIT GAB AMEN BANK TUNIS,ATM Withdrawal,Tunis,TN,Cash Withdrawal,ATM,True,,TND,1225.500,False,False,
TXN_001243,2025-06-13,15:35:00,27.000,DEBIT,EPICERIE BEN SALEM,Epicerie Ben Salem,Ariana,TN,Groceries,POS Card,True,,TND,1198.500,False,False,
TXN_001244,2025-06-14,01:29:57,29.900,DEBIT,NETFLIX.COM AMSTERDAM,Netflix,Online,NL,Subscriptions,Online Card,False,DEV_A1,TND,1168.600,True,False,
TXN_001245,2025-06-14,14:29:23,30.600,DEBIT,RESTAURANT LE PORT TUNIS,Restaurant Le Port,Tunis,TN,Dining,POS Card,True,,TND,1138.000,False,False,
TXN_001246,2025-06-15,05:09:29,39.500,DEBIT,GAT ASSURANCES PRELEVEMENT,GAT Assurances,Tunis,TN,Insurance,Direct Debit,,,TND,1098.500,True,False,
TXN_001247,2025-06-15,08:08:59,12.000,DEBIT,UBER TRIP HELP.UBER.COM,Uber,Tunis,TN,Transportation,Online Card,False,DEV_A1,TND,1086.500,False,False,
TXN_001248,2025-06-15,13:39:23,7.000,DEBIT,BOLT RIDE TUNIS,Bolt,La Marsa,TN,Transportation,Online Card,False,DEV_A1,TND,1079.500,False,False,
TXN_001249,2025-06-16,12:00:20,1.750,DEBIT,PARKING TUNIS,Parking,Tunis,TN,Transportation,POS Card,True,,TND,1077.750,False,False,
TXN_001250,2025-06-17,08:06:25,6.000,DEBIT,PAUL LA MARSA,Paul,La Marsa,TN,Dining,POS Card,True,,TND,1071.750,False,False,
TXN_001251,2025-06-17,17:59:17,130.000,DEBIT,RETRAIT DAB BIAT ARIANA,ATM Withdrawal,Ariana,TN,Cash Withdrawal,ATM,True,,TND,941.750,False,False,
TXN_001252,2025-06-17,20:49:45,5.000,DEBIT,BOLT *TRIP 85845,Bolt,Tunis,TN,Transportation,Online Card,False,DEV_B2,TND,936.750,False,False,
TXN_001253,2025-06-18,12:13:58,40.000,DEBIT,RETRAIT DAB BIAT TUNIS,ATM Withdrawal,Tunis,TN,Cash Withdrawal,ATM,True,,TND,896.750,False,False,
TXN_001254,2025-06-18,20:43:40,8.900,DEBIT,UBER TRIP HELP.UBER.COM,Uber,Tunis,TN,Transportation,Online Card,False,DEV_A1,TND,887.850,False,False,
TXN_001255,2025-06-19,08:56:21,11.000,DEBIT,UBER *TRIP 29928,Uber,Tunis,TN,Transportation,Online Card,False,DEV_A1,TND,876.850,False,False,
TXN_001256,2025-06-19,09:05:33,5.050,DEBIT,TPE CAFE EL MENZAH 26851,Cafe El Menzah,Tunis,TN,Dining,POS Card,True,,TND,871.800,False,False,
TXN_001257,2025-06-19,09:25:17,5.600,DEBIT,UBER TRIP HELP.UBER.COM,Uber,Tunis,TN,Transportation,Online Card,False,DEV_B2,TND,866.200,False,False,
TXN_001258,2025-06-19,18:34:19,21.300,DEBIT,CINEMAS PATHE 98076,Pathe Tunis City,Tunis,TN,Entertainment,POS Card,True,,TND,844.900,False,False,
TXN_001259,2025-06-20,05:15:30,38.650,DEBIT,OOREDOO BILL PAYMENT,Ooredoo,Online,TN,Utilities,Direct Debit,,,TND,806.250,True,False,
TXN_001260,2025-06-20,09:30:51,6.300,DEBIT,BOULANGERIE LE FOURNIL ARIANA,Boulangerie Le Fournil,Ariana,TN,Groceries,POS Card,True,,TND,799.950,False,False,
TXN_001261,2025-06-20,15:17:14,30.400,DEBIT,FLOUCI P2P 5155,Friend Transfer,Online,TN,Transfer,Mobile Wallet,False,DEV_A1,TND,769.550,False,False,
TXN_001262,2025-06-20,15:41:28,290.000,DEBIT,TUNISAIR LES BERGES DU LAC,Tunisair,Tunis,TN,Travel,POS Card,True,,TND,479.550,False,False,
TXN_001263,2025-06-21,07:33:52,12.600,DEBIT,BOLT RIDE TUNIS,Bolt,Ariana,TN,Transportation,Online Card,False,DEV_A1,TND,466.950,False,False,
TXN_001264,2025-06-21,14:40:34,94.620,DEBIT,MAGASIN GENERAL TUNIS 61997,MG,Tunis,TN,Groceries,POS Card,True,,TND,372.330,False,False,
TXN_001265,2025-06-22,00:36:12,20.900,DEBIT,SPOTIFY AB STOCKHOLM,Spotify,Online,SE,Subscriptions,Online Card,False,DEV_A1,TND,351.430,True,False,
TXN_001266,2025-06-22,07:07:01,3.750,DEBIT,BOULANGERIE LE FOURNIL TUNIS,Boulangerie Le Fournil,Tunis,TN,Groceries,POS Card,True,,TND,347.680,False,False,
TXN_001267,2025-06-22,11:23:14,59.600,CREDIT,REMBOURSEMENT LITIGE CARTE,Bank Dispute Reimbursement,Tunis,TN,Other,Bank Transfer,,,TND,407.280,,False,
TXN_001268,2025-06-23,07:23:19,4.250,DEBIT,BOULANGERIE LE FOURNIL TUNIS,Boulangerie Le Fournil,Tunis,TN,Groceries,POS Card,True,,TND,403.030,False,False,
TXN_001269,2025-06-23,07:37:29,14.000,DEBIT,Coffee Break Tunis,Coffee Break,Tunis,TN,Dining,POS Card,True,,TND,389.030,False,False,
TXN_001270,2025-06-23,09:37:20,10.760,DEBIT,COFFEE BREAK ARIANA,Coffee Break,Ariana,TN,Dining,POS Card,True,,TND,378.270,False,False,
TXN_001271,2025-06-23,21:38:18,26.280,DEBIT,RESTAURANT LE PORT TUNIS,Restaurant Le Port,Tunis,TN,Dining,POS Card,True,,TND,351.990,False,False,
TXN_001272,2025-06-24,10:18:28,23.860,DEBIT,PAIEMENT PAUL 67031,Paul,La Marsa,TN,Dining,POS Card,True,,TND,328.130,False,False,
TXN_001273,2025-06-26,13:47:29,50.300,DEBIT,GLOVO TUNIS,Glovo,Online,TN,Dining,Online Card,False,DEV_A1,TND,277.830,False,False,
TXN_001274,2025-06-27,06:19:46,3480.000,CREDIT,MONTHLY SALARY,Nexora Solutions,Online,TN,Salary,Bank Transfer,,,TND,3757.830,True,False,
TXN_001275,2025-06-27,17:38:18,170.000,DEBIT,RETRAIT DAB BIAT BEN AROUS,ATM Withdrawal,Ben Arous,TN,Cash Withdrawal,ATM,True,,TND,3587.830,False,False,
TXN_001276,2025-06-28,02:27:12,1500.000,DEBIT,VIREMENT COMPTE EPARGNE 69900,Savings Account,Online,TN,Transfer,Standing Order,,,TND,2087.830,True,False,
TXN_001277,2025-06-28,09:19:20,7.000,DEBIT,BOULANGERIE LE FOURNIL,Boulangerie Le Fournil,Ariana,TN,Groceries,POS Card,True,,TND,2080.830,False,False,
TXN_001278,2025-06-28,12:43:23,230.560,DEBIT,FLOUCI TRANSFER 85638,Family Transfer,Online,TN,Transfer,Bank Transfer,,DEV_A1,TND,1850.270,False,False,
TXN_001279,2025-06-28,21:59:13,3.150,DEBIT,BOLT RIDE TUNIS,Bolt,Ariana,TN,Transportation,Online Card,False,DEV_A1,TND,1847.120,False,False,
TXN_001280,2025-06-29,03:22:03,250.000,DEBIT,ATM WDL 57433 ALGIERS DZ,ATM Withdrawal,Algiers,DZ,Cash Withdrawal,ATM,True,,TND,1597.120,False,True,atm_cash_out
TXN_001281,2025-06-29,03:32:52,150.000,DEBIT,ATM WDL 76550 ALGIERS DZ,ATM Withdrawal,Algiers,DZ,Cash Withdrawal,ATM,True,,TND,1447.120,False,True,atm_cash_out
TXN_001282,2025-06-29,03:41:46,200.000,DEBIT,ATM WDL 30210 ALGIERS DZ,ATM Withdrawal,Algiers,DZ,Cash Withdrawal,ATM,True,,TND,1247.120,False,True,atm_cash_out
TXN_001283,2025-06-29,08:10:53,7.680,DEBIT,BOULANGERIE LE FOURNIL,Boulangerie Le Fournil,Tunis,TN,Groceries,POS Card,True,,TND,1239.440,False,False,
TXN_001284,2025-06-30,04:37:15,4.800,DEBIT,COMMISSION TENUE COMPTE 36966,Bank Fees,Online,TN,Other,Direct Debit,,,TND,1234.640,True,False,
TXN_001285,2025-06-30,08:50:22,2.180,DEBIT,PARKING ARIANA,Parking,Ariana,TN,Transportation,POS Card,True,,TND,1232.460,False,False,
TXN_001286,2025-06-30,22:12:18,34.000,DEBIT,GLOVO TUNIS,Glovo,Online,TN,Dining,Online Card,False,DEV_A1,TND,1198.460,False,False,
TXN_001287,2025-07-01,01:40:56,1800.000,CREDIT,VIREMENT EPARGNE VERS COMPTE COURANT,Savings Account,Online,TN,Transfer,Standing Order,,,TND,2998.460,False,False,
TXN_001288,2025-07-01,08:16:05,4.000,DEBIT,BOLT *TRIP 82496,Bolt,Ariana,TN,Transportation,Online Card,False,DEV_B2,TND,2994.460,False,False,
TXN_001289,2025-07-01,09:57:20,9.400,DEBIT,BOULANGERIE LE FOURNIL,Boulangerie Le Fournil,Tunis,TN,Groceries,POS Card,True,,TND,2985.060,False,False,
TXN_001290,2025-07-01,15:53:24,9.850,DEBIT,CAFE EL MENZAH,Cafe El Menzah,Tunis,TN,Dining,POS Card,True,,TND,2975.210,False,False,
TXN_001291,2025-07-02,14:03:08,9.000,DEBIT,Coffee Break Ariana,Coffee Break,Ariana,TN,Dining,POS Card,True,,TND,2966.210,False,False,
TXN_001292,2025-07-02,17:38:44,12.000,DEBIT,CAFE EL MENZAH,Cafe El Menzah,Tunis,TN,Dining,POS Card,True,,TND,2954.210,False,False,
TXN_001293,2025-07-02,19:44:59,9.000,DEBIT,EPICERIE BEN SALEM ARIANA,Epicerie Ben Salem,Ariana,TN,Groceries,POS Card,True,,TND,2945.210,False,False,
TXN_001294,2025-07-02,20:19:53,7.620,DEBIT,BOLT *TRIP 63195,Bolt,La Marsa,TN,Transportation,Online Card,False,DEV_A1,TND,2937.590,False,False,
TXN_001295,2025-07-03,16:21:09,12.000,DEBIT,PAUL TUNIS,Paul,Tunis,TN,Dining,POS Card,True,,TND,2925.590,False,False,
TXN_001296,2025-07-04,01:49:45,760.000,DEBIT,VIR PERMANENT STE IMMOBILIERE,STE Immobiliere,Ariana,TN,Rent,Standing Order,,,TND,2165.590,True,False,
TXN_001297,2025-07-04,09:54:42,4.800,DEBIT,BOULANGERIE LE FOURNIL TUNIS,Boulangerie Le Fournil,Tunis,TN,Groceries,POS Card,True,,TND,2160.790,False,False,
TXN_001298,2025-07-04,17:16:59,80.000,DEBIT,RETRAIT DAB BIAT ARIANA,ATM Withdrawal,Ariana,TN,Cash Withdrawal,ATM,True,,TND,2080.790,False,False,
TXN_001299,2025-07-05,10:10:56,70.300,DEBIT,MAGASIN GENERAL BEN AROUS 19271,MG,Ben Arous,TN,Groceries,POS Card,True,,TND,2010.490,False,False,
TXN_001300,2025-07-06,00:57:01,63.000,DEBIT,OPENAI *CHATGPT SUBSCR,OpenAI,Online,US,Subscriptions,Online Card,False,DEV_A1,TND,1947.490,True,False,
TXN_001301,2025-07-06,05:16:29,75.000,DEBIT,FITNESS ZONE MEMBERSHIP,Fitness Zone,La Marsa,TN,Subscriptions,Direct Debit,,,TND,1872.490,True,False,
TXN_001302,2025-07-07,10:16:53,7.400,DEBIT,COFFEE BREAK ARIANA,Coffee Break,Ariana,TN,Dining,POS Card,True,,TND,1865.090,False,False,
TXN_001303,2025-07-08,05:07:46,39.000,DEBIT,TT FIXE INTERNET 51629,Tunisie Telecom,Online,TN,Utilities,Direct Debit,,,TND,1826.090,True,False,
TXN_001304,2025-07-08,09:39:07,9.230,DEBIT,COFFEE BREAK TUNIS,Coffee Break,Tunis,TN,Dining,POS Card,True,,TND,1816.860,False,False,
TXN_001305,2025-07-08,11:11:02,8.150,DEBIT,BOULANGERIE LE FOURNIL TUNIS,Boulangerie Le Fournil,Tunis,TN,Groceries,POS Card,True,,TND,1808.710,False,False,
TXN_001306,2025-07-08,21:04:45,32.000,DEBIT,RESTAURANT LE PORT TUNIS,Restaurant Le Port,Tunis,TN,Dining,POS Card,True,,TND,1776.710,False,False,
TXN_001307,2025-07-09,04:25:24,4.200,DEBIT,APPLE.COM/BILL,Apple,Online,IE,Subscriptions,Online Card,False,DEV_A1,TND,1772.510,True,False,
TXN_001308,2025-07-09,14:45:20,165.000,DEBIT,DR TRABELSI CONSULT 43400,Cabinet Dr Trabelsi,Ariana,TN,Healthcare,POS Card,True,,TND,1607.510,False,False,
TXN_001309,2025-07-09,16:54:52,15.000,DEBIT,BOLT *TRIP 77436,Bolt,Tunis,TN,Transportation,Online Card,False,DEV_A1,TND,1592.510,False,False,
TXN_001310,2025-07-10,11:16:43,13.000,DEBIT,EPICERIE BEN SALEM ARIANA,Epicerie Ben Salem,Ariana,TN,Groceries,POS Card,True,,TND,1579.510,False,False,
TXN_001311,2025-07-10,19:59:06,10.050,DEBIT,BOLT RIDE TUNIS,Bolt,Tunis,TN,Transportation,Online Card,False,DEV_A1,TND,1569.460,False,False,
TXN_001312,2025-07-11,09:11:06,5.450,DEBIT,TPE CAFE EL MENZAH 28491,Cafe El Menzah,Tunis,TN,Dining,POS Card,True,,TND,1564.010,False,False,
TXN_001313,2025-07-12,13:47:13,110.000,DEBIT,RETRAIT GAB AMEN BANK LA MARSA,ATM Withdrawal,La Marsa,TN,Cash Withdrawal,ATM,True,,TND,1454.010,False,False,
TXN_001314,2025-07-12,14:46:53,36.670,DEBIT,PAIEMENT PAUL 39595,Paul,Tunis,TN,Dining,POS Card,True,,TND,1417.340,False,False,
TXN_001315,2025-07-12,14:54:02,186.350,DEBIT,TOTALENERGIES TUNIS,TotalEnergies,Tunis,TN,Fuel,POS Card,True,,TND,1230.990,False,False,
TXN_001316,2025-07-12,15:26:54,27.300,DEBIT,EPICERIE BEN SALEM,Epicerie Ben Salem,Ariana,TN,Groceries,POS Card,True,,TND,1203.690,False,False,
TXN_001317,2025-07-12,15:49:29,4.000,DEBIT,EPICERIE BEN SALEM ARIANA,Epicerie Ben Salem,Ariana,TN,Groceries,POS Card,True,,TND,1199.690,False,False,
TXN_001318,2025-07-13,10:11:31,35.000,DEBIT,CARREFOUR HYPER LA MARSA,Carrefour,La Marsa,TN,Groceries,POS Card,True,,TND,1164.690,False,False,
TXN_001319,2025-07-13,11:56:14,600.000,CREDIT,REMBOURSEMENT LITIGE CARTE,Bank Dispute Reimbursement,Tunis,TN,Other,Bank Transfer,,,TND,1764.690,,False,
TXN_001320,2025-07-13,19:13:05,15.000,DEBIT,BOLT RIDE TUNIS,Bolt,Ariana,TN,Transportation,Online Card,False,DEV_A1,TND,1749.690,False,False,
TXN_001321,2025-07-14,06:04:29,34.900,DEBIT,NETFLIX.COM,Netflix,Online,NL,Subscriptions,Online Card,False,DEV_A1,TND,1714.790,True,False,
TXN_001322,2025-07-14,08:15:12,19.000,DEBIT,PAUL LA MARSA,Paul,La Marsa,TN,Dining,POS Card,True,,TND,1695.790,False,False,
TXN_001323,2025-07-14,16:37:45,10.150,DEBIT,BOLT *TRIP 33314,Bolt,Ariana,TN,Transportation,Online Card,False,DEV_A1,TND,1685.640,False,False,
TXN_001324,2025-07-14,21:12:39,27.360,DEBIT,GLOVO TUNIS,Glovo,Online,TN,Dining,Online Card,False,DEV_B2,TND,1658.280,False,False,
TXN_001325,2025-07-15,03:21:03,39.500,DEBIT,GAT ASSURANCES PRELEVEMENT,GAT Assurances,Tunis,TN,Insurance,Direct Debit,,,TND,1618.780,True,False,
TXN_001326,2025-07-15,03:52:18,153.920,DEBIT,STEG FACTURE ELEC GAZ,STEG,Online,TN,Utilities,Direct Debit,,,TND,1464.860,True,False,
TXN_001327,2025-07-15,17:56:35,110.000,DEBIT,FLOUCI TRANSFER 9007,Family Transfer,Online,TN,Transfer,Bank Transfer,,DEV_A1,TND,1354.860,False,False,
TXN_001328,2025-07-15,20:57:06,23.050,DEBIT,EPICERIE BEN SALEM ARIANA,Epicerie Ben Salem,Ariana,TN,Groceries,POS Card,True,,TND,1331.810,False,False,
TXN_001329,2025-07-15,21:03:53,1060.000,DEBIT,AIRBNB * HM438262 DUBLIN IE,Airbnb,Online,TN,Travel,Online Card,False,DEV_B2,TND,271.810,False,False,
TXN_001330,2025-07-16,14:25:12,6.880,DEBIT,EPICERIE BEN SALEM ARIANA,Epicerie Ben Salem,Ariana,TN,Groceries,POS Card,True,,TND,264.930,False,False,
TXN_001331,2025-07-18,07:43:01,780.000,CREDIT,BONUS PERFORMANCE NEXORA,Nexora Solutions,Online,TN,Salary,Bank Transfer,,,TND,1044.930,False,False,
TXN_001332,2025-07-19,01:50:29,34.000,DEBIT,OOREDOO BILL PAYMENT,Ooredoo,Online,TN,Utilities,Direct Debit,,,TND,1010.930,True,False,
TXN_001333,2025-07-19,09:49:13,4.440,DEBIT,CAFE EL MENZAH,Cafe El Menzah,Tunis,TN,Dining,POS Card,True,,TND,1006.490,False,False,
TXN_001334,2025-07-19,11:58:23,38.990,DEBIT,PHCIE CENTRALE 76712,Pharmacie Centrale,Tunis,TN,Healthcare,POS Card,True,,TND,967.500,False,False,
TXN_001335,2025-07-20,08:47:54,16.360,DEBIT,BOLT RIDE TUNIS,Bolt,La Marsa,TN,Transportation,Online Card,False,DEV_A1,TND,951.140,False,False,
TXN_001336,2025-07-20,16:41:01,86.780,DEBIT,MONOPRIX LA MARSA,Monoprix,La Marsa,TN,Groceries,POS Card,True,,TND,864.360,False,False,
TXN_001337,2025-07-21,11:54:18,1.850,DEBIT,PARKING TUNIS,Parking,Tunis,TN,Transportation,POS Card,True,,TND,862.510,False,False,
TXN_001338,2025-07-22,02:40:48,20.900,DEBIT,SPOTIFY PREMIUM,Spotify,Online,SE,Subscriptions,Online Card,False,DEV_B2,TND,841.610,True,False,
TXN_001339,2025-07-22,07:14:05,18.200,DEBIT,BOLT *TRIP 73898,Bolt,Tunis,TN,Transportation,Online Card,False,DEV_A1,TND,823.410,False,False,
TXN_001340,2025-07-23,08:35:46,6.250,DEBIT,CAFE EL MENZAH,Cafe El Menzah,Tunis,TN,Dining,POS Card,True,,TND,817.160,False,False,
TXN_001341,2025-07-23,09:25:28,8.570,DEBIT,BOLT RIDE TUNIS,Bolt,Tunis,TN,Transportation,Online Card,False,DEV_A1,TND,808.590,False,False,
TXN_001342,2025-07-24,16:40:56,17.780,DEBIT,BOLT RIDE TUNIS,Bolt,Tunis,TN,Transportation,Online Card,False,DEV_A1,TND,790.810,False,False,
TXN_001343,2025-07-25,07:38:38,3480.000,CREDIT,SALARY CREDIT,Nexora Solutions,Online,TN,Salary,Bank Transfer,,,TND,4270.810,True,False,
TXN_001344,2025-07-25,09:40:19,5.100,DEBIT,BOULANGERIE LE FOURNIL,Boulangerie Le Fournil,Tunis,TN,Groceries,POS Card,True,,TND,4265.710,False,False,
TXN_001345,2025-07-26,02:17:00,1500.000,DEBIT,VIR PERMANENT EPARGNE,Savings Account,Online,TN,Transfer,Standing Order,,,TND,2765.710,True,False,
TXN_001346,2025-07-26,11:13:14,61.700,DEBIT,GÉANT TUNIS #41897,Géant,Tunis,TN,Groceries,POS Card,True,,TND,2704.010,False,False,
TXN_001347,2025-07-27,07:20:04,5.900,DEBIT,BOULANGERIE LE FOURNIL,Boulangerie Le Fournil,Ariana,TN,Groceries,POS Card,True,,TND,2698.110,False,False,
TXN_001348,2025-07-27,07:38:18,8.700,DEBIT,BOULANGERIE LE FOURNIL,Boulangerie Le Fournil,Ariana,TN,Groceries,POS Card,True,,TND,2689.410,False,False,
TXN_001349,2025-07-27,10:53:32,13.000,DEBIT,BOLT *TRIP 99316,Bolt,Ariana,TN,Transportation,Online Card,False,DEV_A1,TND,2676.410,False,False,
TXN_001350,2025-07-27,12:44:59,55.950,DEBIT,MCDO 16268,McDonald's,Ben Arous,TN,Dining,POS Card,True,,TND,2620.460,False,False,
TXN_001351,2025-07-28,09:46:20,3.600,DEBIT,BOULANGERIE LE FOURNIL,Boulangerie Le Fournil,Tunis,TN,Groceries,POS Card,True,,TND,2616.860,False,False,
TXN_001352,2025-07-28,10:07:58,12.860,DEBIT,Coffee Break Ariana,Coffee Break,Ariana,TN,Dining,POS Card,True,,TND,2604.000,False,False,
TXN_001353,2025-07-28,12:54:10,87.700,DEBIT,RESTAURANT LE PORT,Restaurant Le Port,Tunis,TN,Dining,POS Card,True,,TND,2516.300,False,False,
TXN_001354,2025-07-28,18:08:30,32.300,DEBIT,STEAMGAMES.COM 64855,Steam,Online,US,Entertainment,Online Card,False,DEV_A1,TND,2484.000,False,False,
TXN_001355,2025-07-29,09:39:26,22.000,DEBIT,PAIEMENT PAUL 27470,Paul,La Marsa,TN,Dining,POS Card,True,,TND,2462.000,False,False,
TXN_001356,2025-07-29,16:57:42,6.000,DEBIT,PARKING TUNIS,Parking,Tunis,TN,Transportation,POS Card,True,,TND,2456.000,False,False,
TXN_001357,2025-07-30,03:54:53,4.800,DEBIT,COMMISSION TENUE COMPTE 84840,Bank Fees,Online,TN,Other,Direct Debit,,,TND,2451.200,True,False,
TXN_001358,2025-07-30,08:46:54,3.900,DEBIT,BOLT RIDE TUNIS,Bolt,La Marsa,TN,Transportation,Online Card,False,DEV_A1,TND,2447.300,False,False,
TXN_001359,2025-07-30,09:58:35,119.000,DEBIT,FLOUCI TRANSFER 67557,Family Transfer,Online,TN,Transfer,Bank Transfer,,DEV_A1,TND,2328.300,False,False,
TXN_001360,2025-07-30,17:35:41,1.950,DEBIT,PARKING ARIANA,Parking,Ariana,TN,Transportation,POS Card,True,,TND,2326.350,False,False,
TXN_001361,2025-08-01,00:49:56,760.000,DEBIT,VIR PERMANENT STE IMMOBILIERE,STE Immobiliere,Ariana,TN,Rent,Standing Order,,,TND,1566.350,True,False,
TXN_001362,2025-08-01,01:53:30,2100.000,CREDIT,VIREMENT EPARGNE VERS COMPTE COURANT,Savings Account,Online,TN,Transfer,Standing Order,,,TND,3666.350,False,False,
TXN_001363,2025-08-01,07:42:17,5.000,DEBIT,UBER *TRIP 43236,Uber,Ariana,TN,Transportation,Online Card,False,DEV_A1,TND,3661.350,False,False,
TXN_001364,2025-08-01,12:55:57,9.940,DEBIT,EPICERIE BEN SALEM,Epicerie Ben Salem,Ariana,TN,Groceries,POS Card,True,,TND,3651.410,False,False,
TXN_001365,2025-08-03,08:45:37,25.700,DEBIT,UBER TRIP HELP.UBER.COM,Uber,Tunis,TN,Transportation,Online Card,False,DEV_A1,TND,3625.710,False,False,
TXN_001366,2025-08-03,15:08:13,5.000,DEBIT,COFFEE BREAK TUNIS,Coffee Break,Tunis,TN,Dining,POS Card,True,,TND,3620.710,False,False,
TXN_001367,2025-08-03,15:21:55,250.000,DEBIT,RETRAIT DAB BIAT BEN AROUS,ATM Withdrawal,Ben Arous,TN,Cash Withdrawal,ATM,True,,TND,3370.710,False,False,
TXN_001368,2025-08-04,09:19:58,3.130,DEBIT,BOULANGERIE LE FOURNIL ARIANA,Boulangerie Le Fournil,Ariana,TN,Groceries,POS Card,True,,TND,3367.580,False,False,
TXN_001369,2025-08-04,17:35:44,9.660,DEBIT,COFFEE BREAK TUNIS,Coffee Break,Tunis,TN,Dining,POS Card,True,,TND,3357.920,False,False,
TXN_001370,2025-08-04,18:57:13,8.000,DEBIT,SMART PARKING LAC 69665,Parking,Tunis,TN,Transportation,POS Card,True,,TND,3349.920,False,False,
TXN_001371,2025-08-05,11:00:56,5.000,DEBIT,Coffee Break Ariana,Coffee Break,Ariana,TN,Dining,POS Card,True,,TND,3344.920,False,False,
TXN_001372,2025-08-06,01:48:59,63.000,DEBIT,OPENAI *CHATGPT SUBSCR,OpenAI,Online,US,Subscriptions,Online Card,False,DEV_A1,TND,3281.920,True,False,
TXN_001373,2025-08-06,13:26:41,17.510,DEBIT,EPICERIE BEN SALEM,Epicerie Ben Salem,Ariana,TN,Groceries,POS Card,True,,TND,3264.410,False,False,
TXN_001374,2025-08-06,14:28:45,9.000,DEBIT,COFFEE BREAK ARIANA,Coffee Break,Ariana,TN,Dining,POS Card,True,,TND,3255.410,False,False,
TXN_001375,2025-08-06,20:19:21,90.000,DEBIT,RETRAIT DAB BIAT TUNIS,ATM Withdrawal,Tunis,TN,Cash Withdrawal,ATM,True,,TND,3165.410,False,False,
TXN_001376,2025-08-06,22:05:57,18.500,DEBIT,BOLT RIDE TUNIS,Bolt,Tunis,TN,Transportation,Online Card,False,DEV_A1,TND,3146.910,False,False,
TXN_001377,2025-08-07,08:49:59,8.860,DEBIT,BOLT RIDE TUNIS,Bolt,Tunis,TN,Transportation,Online Card,False,DEV_A1,TND,3138.050,False,False,
TXN_001378,2025-08-07,09:24:10,8.850,DEBIT,BOULANGERIE LE FOURNIL ARIANA,Boulangerie Le Fournil,Ariana,TN,Groceries,POS Card,True,,TND,3129.200,False,False,
TXN_001379,2025-08-07,12:02:39,8.450,DEBIT,SMART PARKING LAC 93413,Parking,Ariana,TN,Transportation,POS Card,True,,TND,3120.750,False,False,
TXN_001380,2025-08-07,15:39:42,9.600,DEBIT,COFFEE BREAK TUNIS,Coffee Break,Tunis,TN,Dining,POS Card,True,,TND,3111.150,False,False,
TXN_001381,2025-08-07,15:45:16,16.000,DEBIT,COFFEE BREAK ARIANA,Coffee Break,Ariana,TN,Dining,POS Card,True,,TND,3095.150,False,False,
TXN_001382,2025-08-08,13:10:04,84.900,DEBIT,SHELL STATION 34528,Shell,La Marsa,TN,Fuel,POS Card,True,,TND,3010.250,False,False,
TXN_001383,2025-08-08,17:55:28,19.400,DEBIT,PAIEMENT PAUL 88709,Paul,La Marsa,TN,Dining,POS Card,True,,TND,2990.850,False,False,
TXN_001384,2025-08-08,20:39:50,12.970,DEBIT,BOLT RIDE TUNIS,Bolt,Tunis,TN,Transportation,Online Card,False,DEV_A1,TND,2977.880,False,False,
TXN_001385,2025-08-09,01:36:38,4.200,DEBIT,ICLOUD+ 50GB,Apple,Online,IE,Subscriptions,Online Card,False,DEV_B2,TND,2973.680,True,False,
TXN_001386,2025-08-09,20:11:27,112.000,DEBIT,RESTAURANT ULYSSE DJERBA,Restaurant Ulysse,Djerba,TN,Dining,POS Card,True,,TND,2861.680,False,False,
TXN_001387,2025-08-10,11:28:34,210.000,DEBIT,LOCATION VOITURE DJERBA,Location Voiture,Djerba,TN,Transportation,POS Card,True,,TND,2651.680,False,False,
TXN_001388,2025-08-11,01:53:30,39.000,DEBIT,TUNISIE TELECOM ADSL FACTURE,Tunisie Telecom,Online,TN,Utilities,Direct Debit,,,TND,2612.680,True,False,
TXN_001389,2025-08-11,10:27:18,200.000,DEBIT,RETRAIT DAB BIAT DJERBA,ATM Withdrawal,Djerba,TN,Cash Withdrawal,ATM,True,,TND,2412.680,False,False,
TXN_001390,2025-08-11,12:56:45,134.800,DEBIT,RESTAURANT EL FONDOUK DJERBA,Restaurant El Fondouk,Djerba,TN,Dining,POS Card,True,,TND,2277.880,False,False,
TXN_001391,2025-08-11,17:39:11,20.830,DEBIT,PAUL TUNIS,Paul,Tunis,TN,Dining,POS Card,True,,TND,2257.050,False,False,
TXN_001392,2025-08-11,18:00:51,45.000,DEBIT,PLAGE SIDI MAHREZ DJERBA,Plage Sidi Mahrez,Djerba,TN,Entertainment,POS Card,True,,TND,2212.050,False,False,
TXN_001393,2025-08-12,09:24:04,150.000,DEBIT,RETRAIT GAB AMEN BANK DJERBA,ATM Withdrawal,Djerba,TN,Cash Withdrawal,ATM,True,,TND,2062.050,False,False,
TXN_001394,2025-08-12,14:43:45,2.200,DEBIT,PARKING TUNIS,Parking,Tunis,TN,Transportation,POS Card,True,,TND,2059.850,False,False,
TXN_001395,2025-08-12,14:57:23,2.000,DEBIT,SMART PARKING LAC 74962,Parking,Tunis,TN,Transportation,POS Card,True,,TND,2057.850,False,False,
TXN_001396,2025-08-12,15:40:40,3.250,DEBIT,Coffee Break Tunis,Coffee Break,Tunis,TN,Dining,POS Card,True,,TND,2054.600,False,False,
TXN_001397,2025-08-12,17:12:41,118.000,DEBIT,POTERIE GUELLALA DJERBA,Poterie Guellala,Djerba,TN,Shopping,POS Card,True,,TND,1936.600,False,False,
TXN_001398,2025-08-12,19:29:21,150.000,DEBIT,RETRAIT GAB AMEN BANK DJERBA,ATM Withdrawal,Djerba,TN,Cash Withdrawal,ATM,True,,TND,1786.600,False,False,
TXN_001399,2025-08-12,20:22:46,150.000,DEBIT,RETRAIT GAB AMEN BANK DJERBA,ATM Withdrawal,Djerba,TN,Cash Withdrawal,ATM,True,,TND,1636.600,False,False,
TXN_001400,2025-08-13,16:12:10,26.000,DEBIT,EPICERIE BEN SALEM,Epicerie Ben Salem,Ariana,TN,Groceries,POS Card,True,,TND,1610.600,False,False,
TXN_001401,2025-08-13,19:42:01,98.600,DEBIT,RESTAURANT LE PECHEUR DJERBA,Restaurant Le Pecheur,Djerba,TN,Dining,POS Card,True,,TND,1512.000,False,False,
TXN_001402,2025-08-14,06:25:18,34.900,DEBIT,NETFLIX.COM,Netflix,Online,NL,Subscriptions,Online Card,False,DEV_B2,TND,1477.100,True,False,
TXN_001403,2025-08-14,11:03:41,5.100,DEBIT,BOLT *TRIP 9719,Bolt,Ariana,TN,Transportation,Online Card,False,DEV_A1,TND,1472.000,False,False,
TXN_001404,2025-08-14,16:38:12,11.250,DEBIT,Coffee Break Ariana,Coffee Break,Ariana,TN,Dining,POS Card,True,,TND,1460.750,False,False,
TXN_001405,2025-08-14,18:48:22,82.000,DEBIT,AGIL DJERBA DJERBA,Agil Djerba,Djerba,TN,Fuel,POS Card,True,,TND,1378.750,False,False,
TXN_001406,2025-08-15,00:44:54,39.500,DEBIT,GAT ASSURANCES PRELEVEMENT,GAT Assurances,Tunis,TN,Insurance,Direct Debit,,,TND,1339.250,True,False,
TXN_001407,2025-08-15,09:13:45,76.450,DEBIT,CARREFOUR DJERBA DJERBA,Carrefour Djerba,Djerba,TN,Groceries,POS Card,True,,TND,1262.800,False,False,
TXN_001408,2025-08-15,10:03:57,95.550,DEBIT,FLOUCI P2P 89171,Friend Transfer,Online,TN,Transfer,Mobile Wallet,False,DEV_A1,TND,1167.250,False,False,
TXN_001409,2025-08-15,17:36:32,14.300,DEBIT,CAFE EL MENZAH,Cafe El Menzah,Tunis,TN,Dining,POS Card,True,,TND,1152.950,False,False,
TXN_001410,2025-08-16,09:07:33,245.680,DEBIT,CARREFOUR LA MARSA #80837,Carrefour,La Marsa,TN,Groceries,POS Card,True,,TND,907.270,False,False,
TXN_001411,2025-08-16,09:36:07,4.200,DEBIT,EPICERIE BEN SALEM ARIANA,Epicerie Ben Salem,Ariana,TN,Groceries,POS Card,True,,TND,903.070,False,False,
TXN_001412,2025-08-16,12:38:09,64.850,DEBIT,CARREFOUR LA MARSA #67662,Carrefour,La Marsa,TN,Groceries,POS Card,True,,TND,838.220,False,False,
TXN_001413,2025-08-16,20:20:25,8.680,DEBIT,EPICERIE BEN SALEM ARIANA,Epicerie Ben Salem,Ariana,TN,Groceries,POS Card,True,,TND,829.540,False,False,
TXN_001414,2025-08-17,17:12:30,18.340,DEBIT,BOLT RIDE TUNIS,Bolt,Ariana,TN,Transportation,Online Card,False,DEV_B2,TND,811.200,False,False,
TXN_001415,2025-08-18,01:27:32,46.680,DEBIT,SONEDE 99148,SONEDE,Online,TN,Utilities,Direct Debit,,,TND,764.520,True,False,
TXN_001416,2025-08-18,04:11:33,32.550,DEBIT,OOREDOO BILL PAYMENT,Ooredoo,Online,TN,Utilities,Direct Debit,,,TND,731.970,True,False,
TXN_001417,2025-08-18,06:47:31,6.960,DEBIT,UBER TRIP HELP.UBER.COM,Uber,Tunis,TN,Transportation,Online Card,False,DEV_A1,TND,725.010,False,False,
TXN_001418,2025-08-18,08:22:42,10.000,DEBIT,BOLT RIDE TUNIS,Bolt,Tunis,TN,Transportation,Online Card,False,DEV_A1,TND,715.010,False,False,
TXN_001419,2025-08-18,08:29:03,5.500,DEBIT,Coffee Break Tunis,Coffee Break,Tunis,TN,Dining,POS Card,True,,TND,709.510,False,False,
TXN_001420,2025-08-19,10:33:35,5.560,DEBIT,SMART PARKING LAC 72995,Parking,Tunis,TN,Transportation,POS Card,True,,TND,703.950,False,False,
TXN_001421,2025-08-19,13:27:27,4.000,DEBIT,SMART PARKING LAC 7832,Parking,Ariana,TN,Transportation,POS Card,True,,TND,699.950,False,False,
TXN_001422,2025-08-19,16:34:51,11.000,DEBIT,TPE CAFE EL MENZAH 55644,Cafe El Menzah,Tunis,TN,Dining,POS Card,True,,TND,688.950,False,False,
TXN_001423,2025-08-20,11:06:20,50.000,DEBIT,ATM WDL 91061 ARIANA,ATM Withdrawal,Ariana,TN,Cash Withdrawal,ATM,True,,TND,638.950,False,False,
TXN_001424,2025-08-20,19:28:17,62.200,DEBIT,Monoprix Tunis,Monoprix,Tunis,TN,Groceries,POS Card,True,,TND,576.750,False,False,
TXN_001425,2025-08-21,08:11:43,27.000,DEBIT,PAUL LA MARSA,Paul,La Marsa,TN,Dining,POS Card,True,,TND,549.750,False,False,
TXN_001426,2025-08-21,09:09:12,6.200,DEBIT,Coffee Break Ariana,Coffee Break,Ariana,TN,Dining,POS Card,True,,TND,543.550,False,False,
TXN_001427,2025-08-21,09:22:07,8.000,DEBIT,BOLT *TRIP 50145,Bolt,La Marsa,TN,Transportation,Online Card,False,DEV_A1,TND,535.550,False,False,
TXN_001428,2025-08-21,17:41:04,24.900,DEBIT,PHCIE CENTRALE 41770,Pharmacie Centrale,Tunis,TN,Healthcare,POS Card,True,,TND,510.650,False,False,
TXN_001429,2025-08-21,18:31:16,15.300,DEBIT,BOLT *TRIP 6884,Bolt,Ariana,TN,Transportation,Online Card,False,DEV_A1,TND,495.350,False,False,
TXN_001430,2025-08-22,01:04:17,20.900,DEBIT,SPOTIFY PREMIUM,Spotify,Online,SE,Subscriptions,Online Card,False,DEV_A1,TND,474.450,True,False,
TXN_001431,2025-08-22,09:04:25,10.350,DEBIT,CAFE EL MENZAH,Cafe El Menzah,Tunis,TN,Dining,POS Card,True,,TND,464.100,False,False,
TXN_001432,2025-08-22,09:41:27,13.000,DEBIT,BOULANGERIE LE FOURNIL,Boulangerie Le Fournil,Ariana,TN,Groceries,POS Card,True,,TND,451.100,False,False,
TXN_001433,2025-08-22,11:19:06,70.000,DEBIT,ATM WDL 37193 BEN AROUS,ATM Withdrawal,Ben Arous,TN,Cash Withdrawal,ATM,True,,TND,381.100,False,False,
TXN_001434,2025-08-22,17:40:13,10.680,DEBIT,COFFEE BREAK ARIANA,Coffee Break,Ariana,TN,Dining,POS Card,True,,TND,370.420,False,False,
TXN_001435,2025-08-22,21:21:18,4.900,DEBIT,BOLT *TRIP 26635,Bolt,Tunis,TN,Transportation,Online Card,False,DEV_A1,TND,365.520,False,False,
TXN_001436,2025-08-23,17:23:10,7.300,DEBIT,EPICERIE BEN SALEM ARIANA,Epicerie Ben Salem,Ariana,TN,Groceries,POS Card,True,,TND,358.220,False,False,
TXN_001437,2025-08-23,23:08:06,10.150,DEBIT,BOLT RIDE TUNIS,Bolt,Ariana,TN,Transportation,Online Card,False,DEV_A1,TND,348.070,False,False,
TXN_001438,2025-08-24,10:57:05,11.850,DEBIT,EPICERIE BEN SALEM,Epicerie Ben Salem,Ariana,TN,Groceries,POS Card,True,,TND,336.220,False,False,
TXN_001439,2025-08-24,16:55:07,21.050,DEBIT,EPICERIE BEN SALEM,Epicerie Ben Salem,Ariana,TN,Groceries,POS Card,True,,TND,315.170,False,False,
TXN_001440,2025-08-25,18:14:24,8.000,DEBIT,SMART PARKING LAC 50576,Parking,Tunis,TN,Transportation,POS Card,True,,TND,307.170,False,False,
TXN_001441,2025-08-25,18:32:56,7.900,DEBIT,BOLT RIDE TUNIS,Bolt,La Marsa,TN,Transportation,Online Card,False,DEV_A1,TND,299.270,False,False,
TXN_001442,2025-08-25,18:56:28,15.000,DEBIT,BOLT *TRIP 33398,Bolt,Ariana,TN,Transportation,Online Card,False,DEV_A1,TND,284.270,False,False,
TXN_001443,2025-08-26,06:44:56,3480.000,CREDIT,VIR SALAIRE NEXORA SOLUTIONS,Nexora Solutions,Online,TN,Salary,Bank Transfer,,,TND,3764.270,True,False,
TXN_001444,2025-08-27,05:25:33,1500.000,DEBIT,VIR PERMANENT EPARGNE,Savings Account,Online,TN,Transfer,Standing Order,,,TND,2264.270,True,False,
TXN_001445,2025-08-27,09:15:24,10.500,DEBIT,COFFEE BREAK TUNIS,Coffee Break,Tunis,TN,Dining,POS Card,True,,TND,2253.770,False,False,
TXN_001446,2025-08-27,11:29:55,22.000,DEBIT,PAIEMENT PAUL 94245,Paul,Tunis,TN,Dining,POS Card,True,,TND,2231.770,False,False,
TXN_001447,2025-08-28,10:59:45,7.600,DEBIT,BOULANGERIE LE FOURNIL ARIANA,Boulangerie Le Fournil,Ariana,TN,Groceries,POS Card,True,,TND,2224.170,False,False,
TXN_001448,2025-08-28,15:00:30,80.750,DEBIT,SHELL STATION 38881,Shell,Ariana,TN,Fuel,POS Card,True,,TND,2143.420,False,False,
TXN_001449,2025-08-29,10:43:04,14.900,DEBIT,CAFE EL MENZAH,Cafe El Menzah,Tunis,TN,Dining,POS Card,True,,TND,2128.520,False,False,
TXN_001450,2025-08-29,18:02:41,77.230,DEBIT,STEAMGAMES.COM 72776,Steam,Online,US,Entertainment,Online Card,False,DEV_A1,TND,2051.290,False,False,
TXN_001451,2025-08-29,18:12:25,12.000,DEBIT,BOLT *TRIP 32348,Bolt,La Marsa,TN,Transportation,Online Card,False,DEV_B2,TND,2039.290,False,False,
TXN_001452,2025-08-30,03:56:27,4.500,DEBIT,FRAIS TENUE DE COMPTE,Bank Fees,Online,TN,Other,Direct Debit,,,TND,2034.790,True,False,
TXN_001453,2025-08-30,11:00:36,3.670,DEBIT,BOULANGERIE LE FOURNIL,Boulangerie Le Fournil,Tunis,TN,Groceries,POS Card,True,,TND,2031.120,False,False,
TXN_001454,2025-08-30,12:32:42,10.050,DEBIT,EPICERIE BEN SALEM,Epicerie Ben Salem,Ariana,TN,Groceries,POS Card,True,,TND,2021.070,False,False,
TXN_001455,2025-08-30,13:23:14,7.600,DEBIT,EPICERIE BEN SALEM ARIANA,Epicerie Ben Salem,Ariana,TN,Groceries,POS Card,True,,TND,2013.470,False,False,
TXN_001456,2025-08-31,21:51:25,72.000,DEBIT,GLOVO*46561,Glovo,Online,TN,Dining,Online Card,False,DEV_A1,TND,1941.470,False,False,
TXN_001457,2025-09-01,03:47:06,850.000,CREDIT,VIREMENT EPARGNE VERS COMPTE COURANT,Savings Account,Online,TN,Transfer,Standing Order,,,TND,2791.470,False,False,
TXN_001458,2025-09-01,04:53:41,760.000,DEBIT,STE IMMOBILIERE LOYER,STE Immobiliere,Ariana,TN,Rent,Standing Order,,,TND,2031.470,True,False,
TXN_001459,2025-09-01,11:36:37,25.250,DEBIT,BOLT *TRIP 87676,Bolt,Tunis,TN,Transportation,Online Card,False,DEV_A1,TND,2006.220,False,False,
TXN_001460,2025-09-02,18:32:45,3.000,DEBIT,SMART PARKING LAC 30690,Parking,Ariana,TN,Transportation,POS Card,True,,TND,2003.220,False,False,
TXN_001461,2025-09-03,04:35:59,438.900,DEBIT,STAR PRIME AUTO 74070,STAR Assurances,Tunis,TN,Insurance,Direct Debit,,,TND,1564.320,True,False,
TXN_001462,2025-09-03,08:46:04,13.000,DEBIT,PAUL LA MARSA,Paul,La Marsa,TN,Dining,POS Card,True,,TND,1551.320,False,False,
TXN_001463,2025-09-03,17:53:18,4.450,DEBIT,PARKING TUNIS,Parking,Tunis,TN,Transportation,POS Card,True,,TND,1546.870,False,False,
TXN_001464,2025-09-04,11:14:46,48.000,DEBIT,PHCIE CENTRALE 68783,Pharmacie Centrale,Tunis,TN,Healthcare,POS Card,True,,TND,1498.870,False,False,
TXN_001465,2025-09-05,14:29:01,6.700,DEBIT,Coffee Break Tunis,Coffee Break,Tunis,TN,Dining,POS Card,True,,TND,1492.170,False,False,
TXN_001466,2025-09-06,03:24:24,63.000,DEBIT,OPENAI *CHATGPT SUBSCR,OpenAI,Online,US,Subscriptions,Online Card,False,DEV_A1,TND,1429.170,True,False,
TXN_001467,2025-09-06,12:21:57,31.650,DEBIT,GLOVO*12574,Glovo,Online,TN,Dining,Online Card,False,DEV_A1,TND,1397.520,False,False,
TXN_001468,2025-09-06,12:51:57,29.000,DEBIT,PHCIE CENTRALE 92497,Pharmacie Centrale,Ariana,TN,Healthcare,POS Card,True,,TND,1368.520,False,False,
TXN_001469,2025-09-08,08:33:35,21.360,DEBIT,PAIEMENT PAUL 7998,Paul,La Marsa,TN,Dining,POS Card,True,,TND,1347.160,False,False,
TXN_001470,2025-09-08,10:53:49,11.000,DEBIT,PAIEMENT PAUL 24480,Paul,Tunis,TN,Dining,POS Card,True,,TND,1336.160,False,False,
TXN_001471,2025-09-08,14:17:36,9.000,DEBIT,PAIEMENT PAUL 79425,Paul,La Marsa,TN,Dining,POS Card,True,,TND,1327.160,False,False,
TXN_001472,2025-09-09,06:04:10,4.200,DEBIT,APPLE.COM/BILL,Apple,Online,IE,Subscriptions,Online Card,False,DEV_A1,TND,1322.960,True,False,
TXN_001473,2025-09-09,10:06:46,16.000,DEBIT,PAUL LA MARSA,Paul,La Marsa,TN,Dining,POS Card,True,,TND,1306.960,False,False,
TXN_001474,2025-09-09,16:55:48,6.380,DEBIT,UBER TRIP HELP.UBER.COM,Uber,Tunis,TN,Transportation,Online Card,False,DEV_B2,TND,1300.580,False,False,
TXN_001475,2025-09-09,18:45:57,21.490,DEBIT,BOLT RIDE TUNIS,Bolt,Ariana,TN,Transportation,Online Card,False,DEV_A1,TND,1279.090,False,False,
TXN_001476,2025-09-10,02:25:21,75.000,DEBIT,FITNESS ZONE MEMBERSHIP,Fitness Zone,Ariana,TN,Subscriptions,Direct Debit,,,TND,1204.090,True,False,
TXN_001477,2025-09-10,14:13:31,5.250,DEBIT,UBER *TRIP 92082,Uber,Tunis,TN,Transportation,Online Card,False,DEV_A1,TND,1198.840,False,False,
TXN_001478,2025-09-10,18:51:23,3.300,DEBIT,PARKING ARIANA,Parking,Ariana,TN,Transportation,POS Card,True,,TND,1195.540,False,False,
TXN_001479,2025-09-11,14:02:38,7.900,DEBIT,CAFE EL MENZAH,Cafe El Menzah,Tunis,TN,Dining,POS Card,True,,TND,1187.640,False,False,
TXN_001480,2025-09-11,15:01:30,7.900,DEBIT,COFFEE BREAK ARIANA,Coffee Break,Ariana,TN,Dining,POS Card,True,,TND,1179.740,False,False,
TXN_001481,2025-09-12,02:07:25,39.000,DEBIT,TUNISIE TELECOM ADSL FACTURE,Tunisie Telecom,Online,TN,Utilities,Direct Debit,,,TND,1140.740,True,False,
TXN_001482,2025-09-12,13:00:08,18.900,DEBIT,MCDONALDS ARIANA,McDonald's,Ariana,TN,Dining,POS Card,True,,TND,1121.840,False,False,
TXN_001483,2025-09-12,14:59:30,3.500,DEBIT,SMART PARKING LAC 96739,Parking,Tunis,TN,Transportation,POS Card,True,,TND,1118.340,False,False,
TXN_001484,2025-09-13,09:12:26,10.800,DEBIT,BOLT RIDE TUNIS,Bolt,Tunis,TN,Transportation,Online Card,False,DEV_B2,TND,1107.540,False,False,
TXN_001485,2025-09-13,10:10:38,9.000,DEBIT,EPICERIE BEN SALEM ARIANA,Epicerie Ben Salem,Ariana,TN,Groceries,POS Card,True,,TND,1098.540,False,False,
TXN_001486,2025-09-13,13:33:24,54.950,DEBIT,LCW 17616,LC Waikiki,Ariana,TN,Shopping,POS Card,True,,TND,1043.590,False,False,
TXN_001487,2025-09-13,17:03:41,40.010,DEBIT,PHCIE CENTRALE 29563,Pharmacie Centrale,Ariana,TN,Healthcare,POS Card,True,,TND,1003.580,False,False,
TXN_001488,2025-09-13,20:03:35,21.510,DEBIT,STEAM PURCHASE,Steam,Online,US,Entertainment,Online Card,False,DEV_A1,TND,982.070,False,False,
TXN_001489,2025-09-14,05:10:47,34.900,DEBIT,NETFLIX.COM,Netflix,Online,NL,Subscriptions,Online Card,False,DEV_A1,TND,947.170,True,False,
TXN_001490,2025-09-14,05:23:20,144.020,DEBIT,STEG PAIEMENT 76592,STEG,Online,TN,Utilities,Direct Debit,,,TND,803.150,True,False,
TXN_001491,2025-09-14,20:09:54,65.250,DEBIT,RESTAURANT LE PORT TUNIS,Restaurant Le Port,Tunis,TN,Dining,POS Card,True,,TND,737.900,False,False,
TXN_001492,2025-09-15,05:03:56,39.500,DEBIT,GAT ASSURANCE SANTE,GAT Assurances,Tunis,TN,Insurance,Direct Debit,,,TND,698.400,True,False,
TXN_001493,2025-09-15,08:05:36,16.610,DEBIT,CAFE EL MENZAH,Cafe El Menzah,Tunis,TN,Dining,POS Card,True,,TND,681.790,False,False,
TXN_001494,2025-09-15,11:09:26,9.000,DEBIT,PAIEMENT PAUL 58460,Paul,Tunis,TN,Dining,POS Card,True,,TND,672.790,False,False,
TXN_001495,2025-09-17,05:00:59,27.750,DEBIT,OOREDOO TUNISIE FACTURE 70549,Ooredoo,Online,TN,Utilities,Direct Debit,,,TND,645.040,True,False,
TXN_001496,2025-09-17,09:37:11,5.700,DEBIT,SMART PARKING LAC 82359,Parking,Tunis,TN,Transportation,POS Card,True,,TND,639.340,False,False,
TXN_001497,2025-09-17,11:55:04,17.250,DEBIT,BOULANGERIE LE FOURNIL,Boulangerie Le Fournil,Ariana,TN,Groceries,POS Card,True,,TND,622.090,False,False,
TXN_001498,2025-09-17,22:08:01,25.700,DEBIT,BOLT RIDE TUNIS,Bolt,La Marsa,TN,Transportation,Online Card,False,DEV_A1,TND,596.390,False,False,
TXN_001499,2025-09-18,10:35:04,3.300,DEBIT,BOULANGERIE LE FOURNIL,Boulangerie Le Fournil,Tunis,TN,Groceries,POS Card,True,,TND,593.090,False,False,
TXN_001500,2025-09-18,11:10:08,14.850,DEBIT,ORANGE TUNISIE RECHARGE 55340,Orange,Online,TN,Utilities,Online Card,False,DEV_A1,TND,578.240,False,False,
TXN_001501,2025-09-19,11:20:17,43.850,DEBIT,PHARMACIE CENTRALE TUNIS,Pharmacie Centrale,Tunis,TN,Healthcare,POS Card,True,,TND,534.390,False,False,
TXN_001502,2025-09-19,17:10:50,11.170,DEBIT,BOLT *TRIP 43889,Bolt,Ariana,TN,Transportation,Online Card,False,DEV_B2,TND,523.220,False,False,
TXN_001503,2025-09-19,17:43:21,11.390,DEBIT,BOLT *TRIP 98297,Bolt,Ariana,TN,Transportation,Online Card,False,DEV_B2,TND,511.830,False,False,
TXN_001504,2025-09-20,09:03:36,5.600,DEBIT,BOLT RIDE TUNIS,Bolt,La Marsa,TN,Transportation,Online Card,False,DEV_A1,TND,506.230,False,False,
TXN_001505,2025-09-20,13:35:37,25.000,DEBIT,EPICERIE BEN SALEM,Epicerie Ben Salem,Ariana,TN,Groceries,POS Card,True,,TND,481.230,False,False,
TXN_001506,2025-09-20,20:06:55,15.000,DEBIT,BOLT *TRIP 28271,Bolt,La Marsa,TN,Transportation,Online Card,False,DEV_A1,TND,466.230,False,False,
TXN_001507,2025-09-20,21:11:13,42.100,DEBIT,RESTAURANT LE PORT,Restaurant Le Port,Carthage,TN,Dining,POS Card,True,,TND,424.130,False,False,
TXN_001508,2025-09-21,19:32:45,40.000,DEBIT,RETRAIT GAB AMEN BANK LA MARSA,ATM Withdrawal,La Marsa,TN,Cash Withdrawal,ATM,True,,TND,384.130,False,False,
TXN_001509,2025-09-22,05:55:03,20.900,DEBIT,SPOTIFY AB STOCKHOLM,Spotify,Online,SE,Subscriptions,Online Card,False,DEV_B2,TND,363.230,True,False,
TXN_001510,2025-09-22,11:15:57,6.600,DEBIT,TPE CAFE EL MENZAH 49278,Cafe El Menzah,Tunis,TN,Dining,POS Card,True,,TND,356.630,False,False,
TXN_001511,2025-09-23,11:16:26,42.670,DEBIT,PAUL TUNIS,Paul,Tunis,TN,Dining,POS Card,True,,TND,313.960,False,False,
TXN_001512,2025-09-24,15:16:43,7.480,DEBIT,TPE CAFE EL MENZAH 40231,Cafe El Menzah,Tunis,TN,Dining,POS Card,True,,TND,306.480,False,False,
TXN_001513,2025-09-24,17:41:36,15.670,DEBIT,Coffee Break Ariana,Coffee Break,Ariana,TN,Dining,POS Card,True,,TND,290.810,False,False,
TXN_001514,2025-09-25,12:58:19,27.900,DEBIT,PHCIE CENTRALE 91634,Pharmacie Centrale,Tunis,TN,Healthcare,POS Card,True,,TND,262.910,False,False,
TXN_001515,2025-09-26,06:52:05,3540.000,CREDIT,MONTHLY SALARY,Nexora Solutions,Online,TN,Salary,Bank Transfer,,,TND,3802.910,True,False,
TXN_001516,2025-09-26,13:59:26,80.000,DEBIT,RETRAIT GAB AMEN BANK LA MARSA,ATM Withdrawal,La Marsa,TN,Cash Withdrawal,ATM,True,,TND,3722.910,False,False,
TXN_001517,2025-09-27,03:42:38,1450.000,DEBIT,VIREMENT COMPTE EPARGNE 60540,Savings Account,Online,TN,Transfer,Standing Order,,,TND,2272.910,True,False,
TXN_001518,2025-09-27,04:06:07,2.422,DEBIT,GIFTCHECK *27603 US,GiftCheck,Online,US,Other,Online Card,False,DEV_4A92,TND,2270.488,False,True,card_testing
TXN_001519,2025-09-27,04:07:16,1.915,DEBIT,GIFTCHECK *93896 US,GiftCheck,Online,US,Other,Online Card,False,DEV_4A92,TND,2268.573,False,True,card_testing
TXN_001520,2025-09-27,04:09:04,2.756,DEBIT,STREAMTRIAL *10512 US,StreamTrial,Online,US,Other,Online Card,False,DEV_4A92,TND,2265.817,False,True,card_testing
TXN_001521,2025-09-27,04:10:10,1.786,DEBIT,GIFTCHECK *65536 US,GiftCheck,Online,US,Other,Online Card,False,DEV_4A92,TND,2264.031,False,True,card_testing
TXN_001522,2025-09-27,04:15:32,189.900,DEBIT,MEGA GADGET STORE US,Mega Gadget Store,Online,US,Shopping,Online Card,False,DEV_4A92,TND,2074.131,False,True,card_testing
TXN_001523,2025-09-27,16:52:47,12.000,DEBIT,UBER TRIP HELP.UBER.COM,Uber,Ariana,TN,Transportation,Online Card,False,DEV_A1,TND,2062.131,False,False,
TXN_001524,2025-09-28,07:58:36,9.350,DEBIT,UBER *TRIP 15586,Uber,Tunis,TN,Transportation,Online Card,False,DEV_A1,TND,2052.781,False,False,
TXN_001525,2025-09-28,18:20:58,49.000,DEBIT,PATHE TUNIS CITY,Pathe Tunis City,Tunis,TN,Entertainment,POS Card,True,,TND,2003.781,False,False,
TXN_001526,2025-09-29,13:21:58,18.000,DEBIT,ORANGE TUNISIE RECHARGE 32167,Orange,Online,TN,Utilities,Online Card,False,DEV_A1,TND,1985.781,False,False,
TXN_001527,2025-09-29,14:27:31,13.150,DEBIT,Coffee Break Tunis,Coffee Break,Tunis,TN,Dining,POS Card,True,,TND,1972.631,False,False,
TXN_001528,2025-09-29,15:44:24,4.890,DEBIT,COFFEE BREAK ARIANA,Coffee Break,Ariana,TN,Dining,POS Card,True,,TND,1967.741,False,False,
TXN_001529,2025-09-29,18:23:12,11.000,DEBIT,PARKING ARIANA,Parking,Ariana,TN,Transportation,POS Card,True,,TND,1956.741,False,False,
TXN_001530,2025-09-29,21:08:01,56.000,DEBIT,RESTAURANT LE PORT,Restaurant Le Port,Carthage,TN,Dining,POS Card,True,,TND,1900.741,False,False,
TXN_001531,2025-09-30,03:40:10,4.800,DEBIT,FRAIS TENUE DE COMPTE,Bank Fees,Online,TN,Other,Direct Debit,,,TND,1895.941,True,False,
TXN_001532,2025-09-30,17:16:55,2.000,DEBIT,SMART PARKING LAC 97728,Parking,Ariana,TN,Transportation,POS Card,True,,TND,1893.941,False,False,
TXN_001533,2025-09-30,17:54:08,14.100,DEBIT,BOLT RIDE TUNIS,Bolt,Ariana,TN,Transportation,Online Card,False,DEV_A1,TND,1879.841,False,False,
TXN_001534,2025-09-30,18:33:51,9.200,CREDIT,CASHBACK CARTE DEBIT,Card Cashback,Online,TN,Other,Online Card,False,DEV_A1,TND,1889.041,False,False,
TXN_001535,2025-09-30,21:55:28,30.950,DEBIT,MCDO 75240,McDonald's,Ariana,TN,Dining,POS Card,True,,TND,1858.091,False,False,
TXN_001536,2025-10-01,02:55:11,450.000,CREDIT,VIREMENT EPARGNE VERS COMPTE COURANT,Savings Account,Online,TN,Transfer,Standing Order,,,TND,2308.091,False,False,
TXN_001537,2025-10-01,17:49:33,9.200,DEBIT,COFFEE BREAK TUNIS,Coffee Break,Tunis,TN,Dining,POS Card,True,,TND,2298.891,False,False,
TXN_001538,2025-10-02,21:12:36,10.800,DEBIT,BOLT *TRIP 31984,Bolt,Ariana,TN,Transportation,Online Card,False,DEV_A1,TND,2288.091,False,False,
TXN_001539,2025-10-03,03:03:09,760.000,DEBIT,STE IMMOBILIERE LOYER,STE Immobiliere,Ariana,TN,Rent,Standing Order,,,TND,1528.091,True,False,
TXN_001540,2025-10-05,10:49:04,28.150,DEBIT,PHCIE CENTRALE 39145,Pharmacie Centrale,Ariana,TN,Healthcare,POS Card,True,,TND,1499.941,False,False,
TXN_001541,2025-10-06,02:02:26,75.000,DEBIT,FITNESS ZONE LA MARSA ABONNEMENT,Fitness Zone,La Marsa,TN,Subscriptions,Direct Debit,,,TND,1424.941,True,False,
TXN_001542,2025-10-06,04:36:14,63.000,DEBIT,OPENAI *CHATGPT SUBSCR,OpenAI,Online,US,Subscriptions,Online Card,False,DEV_A1,TND,1361.941,True,False,
TXN_001543,2025-10-06,15:00:07,170.000,DEBIT,ATM WDL 28521 ARIANA,ATM Withdrawal,Ariana,TN,Cash Withdrawal,ATM,True,,TND,1191.941,False,False,
TXN_001544,2025-10-07,10:24:42,21.000,DEBIT,PAIEMENT PAUL 34120,Paul,La Marsa,TN,Dining,POS Card,True,,TND,1170.941,False,False,
TXN_001545,2025-10-07,15:49:14,12.250,DEBIT,PAUL LA MARSA,Paul,La Marsa,TN,Dining,POS Card,True,,TND,1158.691,False,False,
TXN_001546,2025-10-07,16:30:09,10.300,DEBIT,PAUL TUNIS,Paul,Tunis,TN,Dining,POS Card,True,,TND,1148.391,False,False,
TXN_001547,2025-10-07,21:01:23,4.000,DEBIT,UBER *TRIP 28404,Uber,Tunis,TN,Transportation,Online Card,False,DEV_A1,TND,1144.391,False,False,
TXN_001548,2025-10-08,04:11:28,39.000,DEBIT,TT FIXE INTERNET 30223,Tunisie Telecom,Online,TN,Utilities,Direct Debit,,,TND,1105.391,True,False,
TXN_001549,2025-10-08,11:01:59,2.500,DEBIT,CAFE EL MENZAH,Cafe El Menzah,Tunis,TN,Dining,POS Card,True,,TND,1102.891,False,False,
TXN_001550,2025-10-08,18:43:00,19.900,DEBIT,EPICERIE BEN SALEM,Epicerie Ben Salem,Ariana,TN,Groceries,POS Card,True,,TND,1082.991,False,False,
TXN_001551,2025-10-09,00:55:48,4.200,DEBIT,APPLE.COM/BILL,Apple,Online,IE,Subscriptions,Online Card,False,DEV_A1,TND,1078.791,True,False,
TXN_001552,2025-10-09,11:53:16,198.779,CREDIT,REMBOURSEMENT LITIGE CARTE,Bank Dispute Reimbursement,Tunis,TN,Other,Bank Transfer,,,TND,1277.570,,False,
TXN_001553,2025-10-09,14:56:18,9.250,DEBIT,PAIEMENT PAUL 71876,Paul,La Marsa,TN,Dining,POS Card,True,,TND,1268.320,False,False,
TXN_001554,2025-10-09,19:42:35,66.000,DEBIT,RESTAURANT LE PORT CARTHAGE,Restaurant Le Port,Carthage,TN,Dining,POS Card,True,,TND,1202.320,False,False,
TXN_001555,2025-10-10,08:52:22,13.550,DEBIT,UBER *TRIP 68786,Uber,Ariana,TN,Transportation,Online Card,False,DEV_A1,TND,1188.770,False,False,
TXN_001556,2025-10-10,09:49:38,3.650,DEBIT,SMART PARKING LAC 84812,Parking,Ariana,TN,Transportation,POS Card,True,,TND,1185.120,False,False,
TXN_001557,2025-10-10,14:59:40,3.200,DEBIT,PARKING TUNIS,Parking,Tunis,TN,Transportation,POS Card,True,,TND,1181.920,False,False,
TXN_001558,2025-10-10,21:22:34,13.600,DEBIT,CINEMAS PATHE 96211,Pathe Tunis City,Tunis,TN,Entertainment,POS Card,True,,TND,1168.320,False,False,
TXN_001559,2025-10-11,16:24:34,18.200,DEBIT,EPICERIE BEN SALEM ARIANA,Epicerie Ben Salem,Ariana,TN,Groceries,POS Card,True,,TND,1150.120,False,False,
TXN_001560,2025-10-11,16:35:33,9.000,DEBIT,BOLT *TRIP 15546,Bolt,La Marsa,TN,Transportation,Online Card,False,DEV_A1,TND,1141.120,False,False,
TXN_001561,2025-10-13,12:39:49,3.050,DEBIT,PARKING ARIANA,Parking,Ariana,TN,Transportation,POS Card,True,,TND,1138.070,False,False,
TXN_001562,2025-10-13,12:50:36,7.320,DEBIT,UBER *TRIP 73513,Uber,Tunis,TN,Transportation,Online Card,False,DEV_A1,TND,1130.750,False,False,
TXN_001563,2025-10-14,05:36:38,34.900,DEBIT,NETFLIX.COM,Netflix,Online,NL,Subscriptions,Online Card,False,DEV_A1,TND,1095.850,True,False,
TXN_001564,2025-10-14,14:43:25,25.650,DEBIT,PHCIE CENTRALE 12927,Pharmacie Centrale,Ariana,TN,Healthcare,POS Card,True,,TND,1070.200,False,False,
TXN_001565,2025-10-15,04:31:59,39.500,DEBIT,GAT ASSURANCE SANTE,GAT Assurances,Tunis,TN,Insurance,Direct Debit,,,TND,1030.700,True,False,
TXN_001566,2025-10-15,12:07:10,2.400,DEBIT,PARKING ARIANA,Parking,Ariana,TN,Transportation,POS Card,True,,TND,1028.300,False,False,
TXN_001567,2025-10-15,13:55:19,33.980,DEBIT,GLOVO*17228,Glovo,Online,TN,Dining,Online Card,False,DEV_A1,TND,994.320,False,False,
TXN_001568,2025-10-15,17:28:10,14.680,DEBIT,PAIEMENT PAUL 38376,Paul,Tunis,TN,Dining,POS Card,True,,TND,979.640,False,False,
TXN_001569,2025-10-16,08:51:18,6.850,DEBIT,BOLT RIDE TUNIS,Bolt,Tunis,TN,Transportation,Online Card,False,DEV_A1,TND,972.790,False,False,
TXN_001570,2025-10-16,15:00:56,7.450,DEBIT,BOLT *TRIP 69886,Bolt,La Marsa,TN,Transportation,Online Card,False,DEV_B2,TND,965.340,False,False,
TXN_001571,2025-10-16,16:33:59,14.100,DEBIT,BOLT RIDE TUNIS,Bolt,La Marsa,TN,Transportation,Online Card,False,DEV_A1,TND,951.240,False,False,
TXN_001572,2025-10-17,07:34:26,11.000,DEBIT,BOULANGERIE LE FOURNIL,Boulangerie Le Fournil,Tunis,TN,Groceries,POS Card,True,,TND,940.240,False,False,
TXN_001573,2025-10-17,10:07:32,6.200,DEBIT,CAFE EL MENZAH,Cafe El Menzah,Tunis,TN,Dining,POS Card,True,,TND,934.040,False,False,
TXN_001574,2025-10-17,11:30:14,8.550,DEBIT,BOLT *TRIP 59101,Bolt,La Marsa,TN,Transportation,Online Card,False,DEV_A1,TND,925.490,False,False,
TXN_001575,2025-10-17,12:13:49,38.350,DEBIT,GLOVO*42501,Glovo,Online,TN,Dining,Online Card,False,DEV_A1,TND,887.140,False,False,
TXN_001576,2025-10-17,20:45:48,64.000,DEBIT,MCDO 2141,McDonald's,Tunis,TN,Dining,POS Card,True,,TND,823.140,False,False,
TXN_001577,2025-10-18,03:15:14,35.200,DEBIT,OOREDOO BILL PAYMENT,Ooredoo,Online,TN,Utilities,Direct Debit,,,TND,787.940,True,False,
TXN_001578,2025-10-18,13:37:56,13.500,DEBIT,EPICERIE BEN SALEM ARIANA,Epicerie Ben Salem,Ariana,TN,Groceries,POS Card,True,,TND,774.440,False,False,
TXN_001579,2025-10-18,13:51:16,31.070,DEBIT,RESTAURANT SOUSSE CENTRE 800,Restaurant Local Sousse,Sousse,TN,Dining,POS Card,True,,TND,743.370,False,False,
TXN_001580,2025-10-18,16:31:56,345.500,DEBIT,HOTEL DIAR YASMINE SOUSSE,Hotel Diar Yasmine Sousse,Sousse,TN,Travel,POS Card,True,,TND,397.870,False,False,
TXN_001581,2025-10-18,18:02:00,10.000,DEBIT,BOLT *TRIP 84735,Bolt,Ariana,TN,Transportation,Online Card,False,DEV_A1,TND,387.870,False,False,
TXN_001582,2025-10-18,19:19:39,7.000,DEBIT,BOLT RIDE TUNIS,Bolt,Ariana,TN,Transportation,Online Card,False,DEV_A1,TND,380.870,False,False,
TXN_001583,2025-10-18,20:18:37,12.000,DEBIT,BOLT RIDE TUNIS,Bolt,Tunis,TN,Transportation,Online Card,False,DEV_A1,TND,368.870,False,False,
TXN_001584,2025-10-20,10:52:45,5.400,DEBIT,Coffee Break Ariana,Coffee Break,Ariana,TN,Dining,POS Card,True,,TND,363.470,False,False,
TXN_001585,2025-10-20,11:03:34,6.260,DEBIT,PAUL TUNIS,Paul,Tunis,TN,Dining,POS Card,True,,TND,357.210,False,False,
TXN_001586,2025-10-20,17:34:07,6.100,DEBIT,TPE CAFE EL MENZAH 94077,Cafe El Menzah,Tunis,TN,Dining,POS Card,True,,TND,351.110,False,False,
TXN_001587,2025-10-22,03:55:31,20.900,DEBIT,SPOTIFY PREMIUM,Spotify,Online,SE,Subscriptions,Online Card,False,DEV_A1,TND,330.210,True,False,
TXN_001588,2025-10-22,09:59:43,9.720,DEBIT,CAFE EL MENZAH,Cafe El Menzah,Tunis,TN,Dining,POS Card,True,,TND,320.490,False,False,
TXN_001589,2025-10-22,18:51:20,8.350,DEBIT,RECHARGE DATA ORANGE,Orange,Online,TN,Utilities,Online Card,False,DEV_A1,TND,312.140,False,False,
TXN_001590,2025-10-22,23:11:13,29.850,DEBIT,STEAM PURCHASE,Steam,Online,US,Entertainment,Online Card,False,DEV_B2,TND,282.290,False,False,
TXN_001591,2025-10-23,10:39:37,8.500,DEBIT,Coffee Break Ariana,Coffee Break,Ariana,TN,Dining,POS Card,True,,TND,273.790,False,False,
TXN_001592,2025-10-24,08:25:09,3435.000,CREDIT,VIR SALAIRE NEXORA SOLUTIONS,Nexora Solutions,Online,TN,Salary,Bank Transfer,,,TND,3708.790,True,False,
TXN_001593,2025-10-24,15:59:12,4.830,DEBIT,TPE CAFE EL MENZAH 53651,Cafe El Menzah,Tunis,TN,Dining,POS Card,True,,TND,3703.960,False,False,
TXN_001594,2025-10-24,17:55:37,202.252,DEBIT,BIJOUTERIE LUMIERE PARIS FR,Bijouterie Lumiere,Paris,FR,Shopping,POS Card,True,,TND,3501.708,False,True,impossible_travel
TXN_001595,2025-10-24,18:08:14,306.480,DEBIT,ELECTRO DEPOT PARIS PARIS FR,Electro Depot Paris,Paris,FR,Electronics,POS Card,True,,TND,3195.228,False,True,impossible_travel
TXN_001596,2025-10-24,19:36:35,25.800,DEBIT,UBER *TRIP 30784,Uber,Ariana,TN,Transportation,Online Card,False,DEV_A1,TND,3169.428,False,False,
TXN_001597,2025-10-25,02:52:12,1500.000,DEBIT,VIR PERMANENT EPARGNE,Savings Account,Online,TN,Transfer,Standing Order,,,TND,1669.428,True,False,
TXN_001598,2025-10-25,08:55:57,6.110,DEBIT,BOULANGERIE LE FOURNIL ARIANA,Boulangerie Le Fournil,Ariana,TN,Groceries,POS Card,True,,TND,1663.318,False,False,
TXN_001599,2025-10-25,17:01:57,1.860,DEBIT,SMART PARKING LAC 35724,Parking,Ariana,TN,Transportation,POS Card,True,,TND,1661.458,False,False,
TXN_001600,2025-10-25,19:04:55,16.900,DEBIT,BOLT RIDE TUNIS,Bolt,Tunis,TN,Transportation,Online Card,False,DEV_A1,TND,1644.558,False,False,
TXN_001601,2025-10-26,09:56:11,40.000,DEBIT,VIREMENT EMIS MAMAN,Family Transfer,Online,TN,Transfer,Bank Transfer,,DEV_A1,TND,1604.558,False,False,
TXN_001602,2025-10-26,22:54:39,9.950,DEBIT,BOLT *TRIP 86359,Bolt,Tunis,TN,Transportation,Online Card,False,DEV_B2,TND,1594.608,False,False,
TXN_001603,2025-10-27,09:46:43,47.550,DEBIT,PHCIE CENTRALE 76736,Pharmacie Centrale,Ariana,TN,Healthcare,POS Card,True,,TND,1547.058,False,False,
TXN_001604,2025-10-27,13:47:46,3.200,DEBIT,PARKING TUNIS,Parking,Tunis,TN,Transportation,POS Card,True,,TND,1543.858,False,False,
TXN_001605,2025-10-27,20:16:11,150.000,DEBIT,RETRAIT DAB BIAT BEN AROUS,ATM Withdrawal,Ben Arous,TN,Cash Withdrawal,ATM,True,,TND,1393.858,False,False,
TXN_001606,2025-10-28,15:28:09,9.000,DEBIT,COFFEE BREAK TUNIS,Coffee Break,Tunis,TN,Dining,POS Card,True,,TND,1384.858,False,False,
TXN_001607,2025-10-29,11:08:00,2.850,DEBIT,PARKING TUNIS,Parking,Tunis,TN,Transportation,POS Card,True,,TND,1382.008,False,False,
TXN_001608,2025-10-29,13:01:00,5.100,DEBIT,BOLT RIDE TUNIS,Bolt,Ariana,TN,Transportation,Online Card,False,DEV_A1,TND,1376.908,False,False,
TXN_001609,2025-10-29,17:14:52,11.000,DEBIT,PAIEMENT PAUL 87240,Paul,La Marsa,TN,Dining,POS Card,True,,TND,1365.908,False,False,
TXN_001610,2025-10-30,03:58:48,4.800,DEBIT,COMMISSION TENUE COMPTE 31739,Bank Fees,Online,TN,Other,Direct Debit,,,TND,1361.108,True,False,
TXN_001611,2025-10-30,08:41:25,6.720,DEBIT,SMART PARKING LAC 25629,Parking,Ariana,TN,Transportation,POS Card,True,,TND,1354.388,False,False,
TXN_001612,2025-10-30,18:33:02,144.550,DEBIT,LCW 94466,LC Waikiki,Tunis,TN,Shopping,POS Card,True,,TND,1209.838,False,False,
TXN_001613,2025-11-01,00:43:17,1450.000,CREDIT,VIREMENT EPARGNE VERS COMPTE COURANT,Savings Account,Online,TN,Transfer,Standing Order,,,TND,2659.838,False,False,
TXN_001614,2025-11-01,15:06:20,237.000,DEBIT,MG LA MARSA,MG,La Marsa,TN,Groceries,POS Card,True,,TND,2422.838,False,False,
TXN_001615,2025-11-01,19:15:24,14.750,DEBIT,BOLT RIDE TUNIS,Bolt,La Marsa,TN,Transportation,Online Card,False,DEV_A1,TND,2408.088,False,False,
TXN_001616,2025-11-01,19:17:50,96.190,DEBIT,AGIL TUNIS,Agil,Tunis,TN,Fuel,POS Card,True,,TND,2311.898,False,False,
TXN_001617,2025-11-02,10:37:59,4.000,DEBIT,UBER TRIP HELP.UBER.COM,Uber,Ariana,TN,Transportation,Online Card,False,DEV_A1,TND,2307.898,False,False,
TXN_001618,2025-11-03,03:38:11,760.000,DEBIT,STE IMMOBILIERE LOYER,STE Immobiliere,Ariana,TN,Rent,Standing Order,,,TND,1547.898,True,False,
TXN_001619,2025-11-03,20:31:03,53.300,DEBIT,GLOVO TUNIS,Glovo,Online,TN,Dining,Online Card,False,DEV_A1,TND,1494.598,False,False,
TXN_001620,2025-11-04,11:17:52,141.050,DEBIT,ZARA TUNIS CITY,Zara,Tunis,TN,Shopping,POS Card,True,,TND,1353.548,False,False,
TXN_001621,2025-11-05,21:54:50,55.190,DEBIT,GLOVO*143,Glovo,Online,TN,Dining,Online Card,False,DEV_A1,TND,1298.358,False,False,
TXN_001622,2025-11-06,02:58:15,63.000,DEBIT,OPENAI *CHATGPT SUBSCR,OpenAI,Online,US,Subscriptions,Online Card,False,DEV_A1,TND,1235.358,True,False,
TXN_001623,2025-11-06,09:51:28,21.630,DEBIT,PHARMACIE CENTRALE ARIANA,Pharmacie Centrale,Ariana,TN,Healthcare,POS Card,True,,TND,1213.728,False,False,
TXN_001624,2025-11-07,08:40:11,5.800,DEBIT,BOLT RIDE TUNIS,Bolt,La Marsa,TN,Transportation,Online Card,False,DEV_A1,TND,1207.928,False,False,
TXN_001625,2025-11-08,03:27:57,75.000,DEBIT,FITNESS ZONE MEMBERSHIP,Fitness Zone,Ariana,TN,Subscriptions,Direct Debit,,,TND,1132.928,True,False,
TXN_001626,2025-11-08,07:41:07,5.000,DEBIT,BOULANGERIE LE FOURNIL,Boulangerie Le Fournil,Tunis,TN,Groceries,POS Card,True,,TND,1127.928,False,False,
TXN_001627,2025-11-08,15:51:59,9.600,DEBIT,COFFEE BREAK ARIANA,Coffee Break,Ariana,TN,Dining,POS Card,True,,TND,1118.328,False,False,
TXN_001628,2025-11-09,00:55:17,4.200,DEBIT,ICLOUD+ 50GB,Apple,Online,IE,Subscriptions,Online Card,False,DEV_A1,TND,1114.128,True,False,
TXN_001629,2025-11-09,09:42:42,130.000,DEBIT,RETRAIT GAB AMEN BANK TUNIS,ATM Withdrawal,Tunis,TN,Cash Withdrawal,ATM,True,,TND,984.128,False,False,
TXN_001630,2025-11-09,15:19:28,3.400,DEBIT,PARKING TUNIS,Parking,Tunis,TN,Transportation,POS Card,True,,TND,980.728,False,False,
TXN_001631,2025-11-10,14:31:01,3.660,DEBIT,SMART PARKING LAC 78854,Parking,Ariana,TN,Transportation,POS Card,True,,TND,977.068,False,False,
TXN_001632,2025-11-11,03:43:25,39.000,DEBIT,TT FIXE INTERNET 67844,Tunisie Telecom,Online,TN,Utilities,Direct Debit,,,TND,938.068,True,False,
TXN_001633,2025-11-11,10:35:22,5.900,DEBIT,UBER TRIP HELP.UBER.COM,Uber,Ariana,TN,Transportation,Online Card,False,DEV_A1,TND,932.168,False,False,
TXN_001634,2025-11-11,16:23:12,2.920,DEBIT,SMART PARKING LAC 10737,Parking,Ariana,TN,Transportation,POS Card,True,,TND,929.248,False,False,
TXN_001635,2025-11-13,11:17:38,508.732,CREDIT,REMBOURSEMENT LITIGE CARTE,Bank Dispute Reimbursement,Tunis,TN,Other,Bank Transfer,,,TND,1437.980,,False,
TXN_001636,2025-11-13,12:42:06,35.000,DEBIT,GLOVO*23388,Glovo,Online,TN,Dining,Online Card,False,DEV_A1,TND,1402.980,False,False,
TXN_001637,2025-11-13,18:30:54,3.630,DEBIT,SMART PARKING LAC 25192,Parking,Tunis,TN,Transportation,POS Card,True,,TND,1399.350,False,False,
TXN_001638,2025-11-14,05:26:12,92.420,DEBIT,STEG PAIEMENT 48362,STEG,Online,TN,Utilities,Direct Debit,,,TND,1306.930,True,False,
TXN_001639,2025-11-14,05:27:37,34.900,DEBIT,NETFLIX.COM,Netflix,Online,NL,Subscriptions,Online Card,False,DEV_A1,TND,1272.030,True,False,
TXN_001640,2025-11-14,14:19:51,6.950,DEBIT,EPICERIE BEN SALEM ARIANA,Epicerie Ben Salem,Ariana,TN,Groceries,POS Card,True,,TND,1265.080,False,False,
TXN_001641,2025-11-15,04:28:38,39.500,DEBIT,GAT ASSURANCE SANTE,GAT Assurances,Tunis,TN,Insurance,Direct Debit,,,TND,1225.580,True,False,
TXN_001642,2025-11-15,09:06:20,46.000,DEBIT,PHCIE CENTRALE 82665,Pharmacie Centrale,Ariana,TN,Healthcare,POS Card,True,,TND,1179.580,False,False,
TXN_001643,2025-11-15,09:45:02,4.750,DEBIT,BOULANGERIE LE FOURNIL,Boulangerie Le Fournil,Ariana,TN,Groceries,POS Card,True,,TND,1174.830,False,False,
TXN_001644,2025-11-16,02:50:12,31.000,DEBIT,OOREDOO TUNISIE FACTURE 8430,Ooredoo,Online,TN,Utilities,Direct Debit,,,TND,1143.830,True,False,
TXN_001645,2025-11-16,08:58:29,23.060,DEBIT,PAUL TUNIS,Paul,Tunis,TN,Dining,POS Card,True,,TND,1120.770,False,False,
TXN_001646,2025-11-16,10:50:55,87.000,DEBIT,PHCIE CENTRALE 26679,Pharmacie Centrale,Tunis,TN,Healthcare,POS Card,True,,TND,1033.770,False,False,
TXN_001647,2025-11-18,09:37:28,3.150,DEBIT,Coffee Break Tunis,Coffee Break,Tunis,TN,Dining,POS Card,True,,TND,1030.620,False,False,
TXN_001648,2025-11-18,09:54:34,2.470,DEBIT,SMART PARKING LAC 463,Parking,Ariana,TN,Transportation,POS Card,True,,TND,1028.150,False,False,
TXN_001649,2025-11-18,15:49:36,7.050,DEBIT,PARKING ARIANA,Parking,Ariana,TN,Transportation,POS Card,True,,TND,1021.100,False,False,
TXN_001650,2025-11-18,16:46:15,8.680,DEBIT,BOLT *TRIP 1964,Bolt,Ariana,TN,Transportation,Online Card,False,DEV_B2,TND,1012.420,False,False,
TXN_001651,2025-11-19,08:09:15,8.000,DEBIT,TPE CAFE EL MENZAH 8327,Cafe El Menzah,Tunis,TN,Dining,POS Card,True,,TND,1004.420,False,False,
TXN_001652,2025-11-19,09:22:16,8.900,DEBIT,BOLT *TRIP 64278,Bolt,Ariana,TN,Transportation,Online Card,False,DEV_A1,TND,995.520,False,False,
TXN_001653,2025-11-19,10:35:28,10.370,DEBIT,BOULANGERIE LE FOURNIL,Boulangerie Le Fournil,Tunis,TN,Groceries,POS Card,True,,TND,985.150,False,False,
TXN_001654,2025-11-19,12:27:57,10.800,DEBIT,EPICERIE BEN SALEM ARIANA,Epicerie Ben Salem,Ariana,TN,Groceries,POS Card,True,,TND,974.350,False,False,
TXN_001655,2025-11-19,17:15:51,3.550,DEBIT,CAFE EL MENZAH,Cafe El Menzah,Tunis,TN,Dining,POS Card,True,,TND,970.800,False,False,
TXN_001656,2025-11-20,18:46:15,8.000,DEBIT,BOLT *TRIP 51743,Bolt,Ariana,TN,Transportation,Online Card,False,DEV_A1,TND,962.800,False,False,
TXN_001657,2025-11-21,00:39:40,62.020,DEBIT,SONEDE FACTURE EAU,SONEDE,Online,TN,Utilities,Direct Debit,,,TND,900.780,True,False,
TXN_001658,2025-11-21,10:16:23,13.680,DEBIT,Coffee Break Tunis,Coffee Break,Tunis,TN,Dining,POS Card,True,,TND,887.100,False,False,
TXN_001659,2025-11-21,17:03:13,2.000,DEBIT,SMART PARKING LAC 39218,Parking,Tunis,TN,Transportation,POS Card,True,,TND,885.100,False,False,
TXN_001660,2025-11-22,03:48:13,20.900,DEBIT,SPOTIFY AB STOCKHOLM,Spotify,Online,SE,Subscriptions,Online Card,False,DEV_A1,TND,864.200,True,False,
TXN_001661,2025-11-22,07:15:24,3.450,DEBIT,BOULANGERIE LE FOURNIL TUNIS,Boulangerie Le Fournil,Tunis,TN,Groceries,POS Card,True,,TND,860.750,False,False,
TXN_001662,2025-11-22,12:34:04,9.010,DEBIT,EPICERIE BEN SALEM,Epicerie Ben Salem,Ariana,TN,Groceries,POS Card,True,,TND,851.740,False,False,
TXN_001663,2025-11-22,18:12:00,140.000,DEBIT,RETRAIT DAB BIAT TUNIS,ATM Withdrawal,Tunis,TN,Cash Withdrawal,ATM,True,,TND,711.740,False,False,
TXN_001664,2025-11-22,18:13:45,116.950,DEBIT,VIREMENT EMIS MAMAN,Family Transfer,Online,TN,Transfer,Bank Transfer,,DEV_B2,TND,594.790,False,False,
TXN_001665,2025-11-23,14:34:06,55.300,DEBIT,JUMIA TUNISIE ORDER 8830,Jumia,Online,TN,Shopping,Online Card,False,DEV_A1,TND,539.490,False,False,
TXN_001666,2025-11-24,08:12:18,3.000,DEBIT,SMART PARKING LAC 48050,Parking,Ariana,TN,Transportation,POS Card,True,,TND,536.490,False,False,
TXN_001667,2025-11-24,11:09:31,5.800,DEBIT,BOULANGERIE LE FOURNIL TUNIS,Boulangerie Le Fournil,Tunis,TN,Groceries,POS Card,True,,TND,530.690,False,False,
TXN_001668,2025-11-24,11:10:20,6.750,DEBIT,Coffee Break Tunis,Coffee Break,Tunis,TN,Dining,POS Card,True,,TND,523.940,False,False,
TXN_001669,2025-11-24,16:56:05,9.650,DEBIT,CAFE EL MENZAH,Cafe El Menzah,Tunis,TN,Dining,POS Card,True,,TND,514.290,False,False,
TXN_001670,2025-11-24,18:18:44,11.410,DEBIT,BOLT *TRIP 21448,Bolt,Ariana,TN,Transportation,Online Card,False,DEV_B2,TND,502.880,False,False,
TXN_001671,2025-11-25,09:23:13,4.300,DEBIT,BOLT RIDE TUNIS,Bolt,La Marsa,TN,Transportation,Online Card,False,DEV_A1,TND,498.580,False,False,
TXN_001672,2025-11-25,14:01:17,9.210,DEBIT,SMART PARKING LAC 48079,Parking,Tunis,TN,Transportation,POS Card,True,,TND,489.370,False,False,
TXN_001673,2025-11-25,16:38:16,23.850,DEBIT,PAUL TUNIS,Paul,Tunis,TN,Dining,POS Card,True,,TND,465.520,False,False,
TXN_001674,2025-11-26,08:49:34,5.300,DEBIT,COFFEE BREAK TUNIS,Coffee Break,Tunis,TN,Dining,POS Card,True,,TND,460.220,False,False,
TXN_001675,2025-11-26,09:40:21,4.600,DEBIT,BOULANGERIE LE FOURNIL ARIANA,Boulangerie Le Fournil,Ariana,TN,Groceries,POS Card,True,,TND,455.620,False,False,
TXN_001676,2025-11-27,10:42:24,8.310,DEBIT,PAUL LA MARSA,Paul,La Marsa,TN,Dining,POS Card,True,,TND,447.310,False,False,
TXN_001677,2025-11-27,19:09:26,170.000,DEBIT,RETRAIT DAB BIAT BEN AROUS,ATM Withdrawal,Ben Arous,TN,Cash Withdrawal,ATM,True,,TND,277.310,False,False,
TXN_001678,2025-11-28,07:38:52,3480.000,CREDIT,SALARY CREDIT,Nexora Solutions,Online,TN,Salary,Bank Transfer,,,TND,3757.310,True,False,
TXN_001679,2025-11-28,17:29:07,130.000,DEBIT,RETRAIT DAB BIAT BEN AROUS,ATM Withdrawal,Ben Arous,TN,Cash Withdrawal,ATM,True,,TND,3627.310,False,False,
TXN_001680,2025-11-28,22:07:24,45.600,DEBIT,GLOVO TUNIS,Glovo,Online,TN,Dining,Online Card,False,DEV_A1,TND,3581.710,False,False,
TXN_001681,2025-11-29,03:51:00,1500.000,DEBIT,VIREMENT COMPTE EPARGNE 33086,Savings Account,Online,TN,Transfer,Standing Order,,,TND,2081.710,True,False,
TXN_001682,2025-11-29,04:34:59,551.026,DEBIT,CRYPTOXCHANGE PRO GB,CryptoXchange Pro,Online,GB,Other,Online Card,False,DEV_2528,TND,1530.684,False,True,night_high_value_online
TXN_001683,2025-11-30,04:47:56,4.500,DEBIT,COMMISSION TENUE COMPTE 45718,Bank Fees,Online,TN,Other,Direct Debit,,,TND,1526.184,True,False,
TXN_001684,2025-12-02,06:32:04,16.000,DEBIT,BOLT RIDE TUNIS,Bolt,Ariana,TN,Transportation,Online Card,False,DEV_A1,TND,1510.184,False,False,
TXN_001685,2025-12-02,08:16:14,8.000,DEBIT,CAFE EL MENZAH,Cafe El Menzah,Tunis,TN,Dining,POS Card,True,,TND,1502.184,False,False,
TXN_001686,2025-12-02,12:52:07,2.300,DEBIT,PARKING TUNIS,Parking,Tunis,TN,Transportation,POS Card,True,,TND,1499.884,False,False,
TXN_001687,2025-12-03,17:53:02,34.250,DEBIT,PAUL LA MARSA,Paul,La Marsa,TN,Dining,POS Card,True,,TND,1465.634,False,False,
TXN_001688,2025-12-04,01:21:31,760.000,DEBIT,STE IMMOBILIERE LOYER,STE Immobiliere,Ariana,TN,Rent,Standing Order,,,TND,705.634,True,False,
TXN_001689,2025-12-04,14:09:22,6.900,DEBIT,BOLT RIDE TUNIS,Bolt,Ariana,TN,Transportation,Online Card,False,DEV_B2,TND,698.734,False,False,
TXN_001690,2025-12-05,17:36:31,2.830,DEBIT,PARKING ARIANA,Parking,Ariana,TN,Transportation,POS Card,True,,TND,695.904,False,False,
TXN_001691,2025-12-06,00:55:43,63.000,DEBIT,OPENAI *CHATGPT SUBSCR,OpenAI,Online,US,Subscriptions,Online Card,False,DEV_A1,TND,632.904,True,False,
TXN_001692,2025-12-06,18:00:40,11.050,DEBIT,BOLT RIDE TUNIS,Bolt,Ariana,TN,Transportation,Online Card,False,DEV_B2,TND,621.854,False,False,
TXN_001693,2025-12-07,08:57:00,4.300,DEBIT,BOULANGERIE LE FOURNIL ARIANA,Boulangerie Le Fournil,Ariana,TN,Groceries,POS Card,True,,TND,617.554,False,False,
TXN_001694,2025-12-07,12:07:22,14.000,DEBIT,EPICERIE BEN SALEM ARIANA,Epicerie Ben Salem,Ariana,TN,Groceries,POS Card,True,,TND,603.554,False,False,
TXN_001695,2025-12-07,23:34:06,17.300,DEBIT,BOLT RIDE TUNIS,Bolt,Tunis,TN,Transportation,Online Card,False,DEV_A1,TND,586.254,False,False,
TXN_001696,2025-12-08,04:46:52,39.000,DEBIT,TT FIXE INTERNET 73700,Tunisie Telecom,Online,TN,Utilities,Direct Debit,,,TND,547.254,True,False,
TXN_001697,2025-12-08,05:06:56,75.000,DEBIT,FITNESS ZONE ARIANA ABONNEMENT,Fitness Zone,Ariana,TN,Subscriptions,Direct Debit,,,TND,472.254,True,False,
TXN_001698,2025-12-08,17:39:33,2.000,DEBIT,SMART PARKING LAC 95824,Parking,Ariana,TN,Transportation,POS Card,True,,TND,470.254,False,False,
TXN_001699,2025-12-09,03:21:21,4.200,DEBIT,APPLE.COM/BILL,Apple,Online,IE,Subscriptions,Online Card,False,DEV_A1,TND,466.054,True,False,
TXN_001700,2025-12-09,10:32:05,11.800,DEBIT,EPICERIE BEN SALEM,Epicerie Ben Salem,Ariana,TN,Groceries,POS Card,True,,TND,454.254,False,False,
TXN_001701,2025-12-09,13:15:27,52.200,DEBIT,FLOUCI P2P 77569,Friend Transfer,Online,TN,Transfer,Mobile Wallet,False,DEV_A1,TND,402.054,False,False,
TXN_001702,2025-12-10,09:01:44,8.650,DEBIT,CAFE EL MENZAH,Cafe El Menzah,Tunis,TN,Dining,POS Card,True,,TND,393.404,False,False,
TXN_001703,2025-12-11,08:30:26,29.000,DEBIT,PAIEMENT PAUL 67978,Paul,Tunis,TN,Dining,POS Card,True,,TND,364.404,False,False,
TXN_001704,2025-12-11,18:03:17,1.080,DEBIT,SMART PARKING LAC 39245,Parking,Ariana,TN,Transportation,POS Card,True,,TND,363.324,False,False,
TXN_001705,2025-12-12,10:47:08,5.000,DEBIT,EPICERIE BEN SALEM,Epicerie Ben Salem,Ariana,TN,Groceries,POS Card,True,,TND,358.324,False,False,
TXN_001706,2025-12-12,13:53:54,9.500,DEBIT,EPICERIE BEN SALEM ARIANA,Epicerie Ben Salem,Ariana,TN,Groceries,POS Card,True,,TND,348.824,False,False,
TXN_001707,2025-12-12,19:00:14,104.850,DEBIT,LCW 61492,LC Waikiki,Ariana,TN,Shopping,POS Card,True,,TND,243.974,False,False,
TXN_001708,2025-12-13,07:02:08,4.900,DEBIT,BOLT *TRIP 94202,Bolt,Tunis,TN,Transportation,Online Card,False,DEV_A1,TND,239.074,False,False,
TXN_001709,2025-12-13,16:33:04,6.000,DEBIT,SMART PARKING LAC 15653,Parking,Tunis,TN,Transportation,POS Card,True,,TND,233.074,False,False,
TXN_001710,2025-12-14,03:07:36,34.900,DEBIT,NETFLIX.COM AMSTERDAM,Netflix,Online,NL,Subscriptions,Online Card,False,DEV_A1,TND,198.174,True,False,
TXN_001711,2025-12-14,10:00:44,551.026,CREDIT,REMBOURSEMENT LITIGE CARTE,Bank Dispute Reimbursement,Tunis,TN,Other,Bank Transfer,,,TND,749.200,,False,
TXN_001712,2025-12-14,10:53:00,4.260,DEBIT,BOULANGERIE LE FOURNIL ARIANA,Boulangerie Le Fournil,Ariana,TN,Groceries,POS Card,True,,TND,744.940,False,False,
TXN_001713,2025-12-14,19:05:51,5.270,DEBIT,BOLT *TRIP 85173,Bolt,La Marsa,TN,Transportation,Online Card,False,DEV_A1,TND,739.670,False,False,
TXN_001714,2025-12-14,20:06:52,22.650,DEBIT,BOLT RIDE TUNIS,Bolt,Tunis,TN,Transportation,Online Card,False,DEV_A1,TND,717.020,False,False,
TXN_001715,2025-12-14,20:39:35,60.000,DEBIT,ATM WDL 60194 TUNIS,ATM Withdrawal,Tunis,TN,Cash Withdrawal,ATM,True,,TND,657.020,False,False,
TXN_001716,2025-12-15,01:12:33,39.500,DEBIT,GAT ASSURANCE SANTE,GAT Assurances,Tunis,TN,Insurance,Direct Debit,,,TND,617.520,True,False,
TXN_001717,2025-12-15,07:33:10,9.000,DEBIT,BOULANGERIE LE FOURNIL TUNIS,Boulangerie Le Fournil,Tunis,TN,Groceries,POS Card,True,,TND,608.520,False,False,
TXN_001718,2025-12-15,08:36:03,3.110,DEBIT,BOLT RIDE TUNIS,Bolt,Tunis,TN,Transportation,Online Card,False,DEV_B2,TND,605.410,False,False,
TXN_001719,2025-12-15,15:11:30,6.300,DEBIT,COFFEE BREAK ARIANA,Coffee Break,Ariana,TN,Dining,POS Card,True,,TND,599.110,False,False,
TXN_001720,2025-12-15,17:06:47,27.500,DEBIT,CAFE EL MENZAH,Cafe El Menzah,Tunis,TN,Dining,POS Card,True,,TND,571.610,False,False,
TXN_001721,2025-12-16,06:55:21,7.290,DEBIT,BOLT *TRIP 54890,Bolt,Tunis,TN,Transportation,Online Card,False,DEV_A1,TND,564.320,False,False,
TXN_001722,2025-12-17,08:26:48,4.300,DEBIT,BOULANGERIE LE FOURNIL,Boulangerie Le Fournil,Tunis,TN,Groceries,POS Card,True,,TND,560.020,False,False,
TXN_001723,2025-12-17,10:47:38,5.000,DEBIT,Coffee Break Tunis,Coffee Break,Tunis,TN,Dining,POS Card,True,,TND,555.020,False,False,
TXN_001724,2025-12-17,16:58:20,8.900,DEBIT,EPICERIE BEN SALEM,Epicerie Ben Salem,Ariana,TN,Groceries,POS Card,True,,TND,546.120,False,False,
TXN_001725,2025-12-17,21:43:26,38.400,DEBIT,RESTAURANT LE PORT,Restaurant Le Port,Carthage,TN,Dining,POS Card,True,,TND,507.720,False,False,
TXN_001726,2025-12-18,14:47:56,300.000,DEBIT,VIR WEB NOUVEAU BENEFICIAIRE,Unknown Beneficiary,Online,TN,Transfer,Bank Transfer,,DEV_A1,TND,207.720,False,True,authorized_push_payment_scam
TXN_001727,2025-12-19,06:35:28,3480.000,CREDIT,VIR SALAIRE NEXORA SOLUTIONS,Nexora Solutions,Online,TN,Salary,Bank Transfer,,,TND,3687.720,True,False,
TXN_001728,2025-12-19,06:50:26,1600.000,CREDIT,PRIME DE FIN D ANNEE NEXORA,Nexora Solutions,Online,TN,Salary,Bank Transfer,,,TND,5287.720,False,False,
TXN_001729,2025-12-19,08:04:22,7.350,DEBIT,PAUL LA MARSA,Paul,La Marsa,TN,Dining,POS Card,True,,TND,5280.370,False,False,
TXN_001730,2025-12-19,13:51:39,220.000,DEBIT,VIR WEB NOUVEAU BENEFICIAIRE,Unknown Beneficiary,Online,TN,Transfer,Bank Transfer,,DEV_A1,TND,5060.370,False,True,authorized_push_payment_scam
TXN_001731,2025-12-20,01:11:26,1500.000,DEBIT,VIR PERMANENT EPARGNE,Savings Account,Online,TN,Transfer,Standing Order,,,TND,3560.370,True,False,
TXN_001732,2025-12-20,01:48:25,29.870,DEBIT,OOREDOO BILL PAYMENT,Ooredoo,Online,TN,Utilities,Direct Debit,,,TND,3530.500,True,False,
TXN_001733,2025-12-20,10:40:06,7.200,DEBIT,BOULANGERIE LE FOURNIL,Boulangerie Le Fournil,Ariana,TN,Groceries,POS Card,True,,TND,3523.300,False,False,
TXN_001734,2025-12-21,14:43:54,14.000,DEBIT,PHARMACIE CENTRALE ARIANA,Pharmacie Centrale,Ariana,TN,Healthcare,POS Card,True,,TND,3509.300,False,False,
TXN_001735,2025-12-22,00:55:58,20.900,DEBIT,SPOTIFY AB STOCKHOLM,Spotify,Online,SE,Subscriptions,Online Card,False,DEV_A1,TND,3488.400,True,False,
TXN_001736,2025-12-22,12:35:35,41.120,DEBIT,RESTAURANT LE PORT,Restaurant Le Port,Carthage,TN,Dining,POS Card,True,,TND,3447.280,False,False,
TXN_001737,2025-12-22,16:47:45,5.500,DEBIT,BOLT RIDE TUNIS,Bolt,Ariana,TN,Transportation,Online Card,False,DEV_A1,TND,3441.780,False,False,
TXN_001738,2025-12-22,20:31:30,18.740,DEBIT,BOLT RIDE TUNIS,Bolt,Ariana,TN,Transportation,Online Card,False,DEV_B2,TND,3423.040,False,False,
TXN_001739,2025-12-23,21:50:21,4.000,DEBIT,UBER TRIP HELP.UBER.COM,Uber,Ariana,TN,Transportation,Online Card,False,DEV_B2,TND,3419.040,False,False,
TXN_001740,2025-12-24,13:45:10,69.000,DEBIT,GLOVO TUNIS,Glovo,Online,TN,Dining,Online Card,False,DEV_A1,TND,3350.040,False,False,
TXN_001741,2025-12-25,10:48:04,7.950,DEBIT,Coffee Break Tunis,Coffee Break,Tunis,TN,Dining,POS Card,True,,TND,3342.090,False,False,
TXN_001742,2025-12-25,19:03:48,5.600,DEBIT,BOLT *TRIP 6828,Bolt,Ariana,TN,Transportation,Online Card,False,DEV_A1,TND,3336.490,False,False,
TXN_001743,2025-12-26,18:03:36,11.900,DEBIT,BOLT *TRIP 97267,Bolt,La Marsa,TN,Transportation,Online Card,False,DEV_A1,TND,3324.590,False,False,
TXN_001744,2025-12-28,08:06:25,3.000,DEBIT,BOLT *TRIP 64876,Bolt,Ariana,TN,Transportation,Online Card,False,DEV_A1,TND,3321.590,False,False,
TXN_001745,2025-12-28,11:09:57,9.450,DEBIT,EPICERIE BEN SALEM,Epicerie Ben Salem,Ariana,TN,Groceries,POS Card,True,,TND,3312.140,False,False,
TXN_001746,2025-12-30,04:23:41,4.800,DEBIT,COMMISSION TENUE COMPTE 37593,Bank Fees,Online,TN,Other,Direct Debit,,,TND,3307.340,True,False,
TXN_001747,2025-12-30,08:49:54,4.600,DEBIT,TPE CAFE EL MENZAH 44248,Cafe El Menzah,Tunis,TN,Dining,POS Card,True,,TND,3302.740,False,False,
TXN_001748,2025-12-30,17:12:45,5.000,DEBIT,SMART PARKING LAC 82590,Parking,Ariana,TN,Transportation,POS Card,True,,TND,3297.740,False,False,
TXN_001749,2025-12-31,20:07:00,11.150,DEBIT,CAFE EL MENZAH,Cafe El Menzah,Tunis,TN,Dining,POS Card,True,,TND,3286.590,False,False,
