raw_id,txn_ref,issue_type
2,TXN_000002,merchant_name_variant
3,TXN_000003,merchant_name_variant
4,TXN_000004,card_present_format_variant
5,TXN_000005,merchant_name_variant
5,TXN_000005,amount_format_variant
6,TXN_000006,merchant_name_variant
6,TXN_000006,country_label_variant
7,TXN_000007,inconsistent_date_format
7,TXN_000007,amount_format_variant
8,TXN_000008,inconsistent_date_format
8,TXN_000008,merchant_name_variant
10,TXN_000010,country_label_variant
10,TXN_000010,card_present_format_variant
11,TXN_000011,merchant_name_variant
11,TXN_000011,amount_format_variant
12,TXN_000012,merchant_name_variant
13,TXN_000013,inconsistent_date_format
14,TXN_000014,inconsistent_date_format
14,TXN_000014,merchant_name_variant
14,TXN_000014,amount_format_variant
15,TXN_000015,inconsistent_date_format
16,TXN_000016,merchant_name_variant
16,TXN_000016,category_label_variant
16,TXN_000016,country_label_variant
16-dup,TXN_000016,duplicate_row
17,TXN_000017,inconsistent_date_format
17,TXN_000017,missing_category
17-dup,TXN_000017,duplicate_row
18,TXN_000018,category_label_variant
18,TXN_000018,card_present_format_variant
20,TXN_000020,inconsistent_date_format
20,TXN_000020,amount_format_variant
20,TXN_000020,card_present_format_variant
21,TXN_000021,amount_format_variant
24,TXN_000024,inconsistent_date_format
24,TXN_000024,time_format_variant
24,TXN_000024,card_present_format_variant
25,TXN_000025,inconsistent_date_format
26,TXN_000026,amount_format_variant
26,TXN_000026,time_format_variant
28,TXN_000028,time_format_variant
29,TXN_000029,inconsistent_date_format
29,TXN_000029,merchant_name_variant
29,TXN_000029,time_format_variant
29,TXN_000029,card_present_format_variant
30,TXN_000030,merchant_name_variant
31,TXN_000031,amount_format_variant
32,TXN_000032,inconsistent_date_format
33,TXN_000033,amount_format_variant
35,TXN_000035,inconsistent_date_format
35,TXN_000035,amount_format_variant
35,TXN_000035,card_present_format_variant
36,TXN_000036,merchant_name_variant
36,TXN_000036,amount_format_variant
36,TXN_000036,time_format_variant
37,TXN_000037,inconsistent_date_format
37,TXN_000037,amount_format_variant
38,TXN_000038,amount_format_variant
40,TXN_000040,amount_format_variant
40,TXN_000040,category_label_variant
41,TXN_000041,time_format_variant
42,TXN_000042,inconsistent_date_format
42,TXN_000042,merchant_name_variant
43,TXN_000043,inconsistent_date_format
43,TXN_000043,amount_format_variant
44,TXN_000044,amount_format_variant
44,TXN_000044,time_format_variant
45,TXN_000045,merchant_name_variant
45,TXN_000045,category_label_variant
46,TXN_000046,inconsistent_date_format
47,TXN_000047,inconsistent_date_format
48,TXN_000048,time_format_variant
49,TXN_000049,merchant_name_variant
49,TXN_000049,time_format_variant
50,TXN_000050,merchant_name_variant
51,TXN_000051,inconsistent_date_format
52,TXN_000052,inconsistent_date_format
52,TXN_000052,card_present_format_variant
53,TXN_000053,merchant_name_variant
53,TXN_000053,amount_format_variant
53,TXN_000053,card_present_format_variant
54,TXN_000054,merchant_name_variant
56,TXN_000056,amount_format_variant
57,TXN_000057,inconsistent_date_format
57,TXN_000057,merchant_name_variant
57,TXN_000057,country_label_variant
57-dup,TXN_000057,duplicate_row
59,TXN_000059,inconsistent_date_format
59,TXN_000059,merchant_name_variant
60,TXN_000060,merchant_name_variant
60,TXN_000060,time_format_variant
61,TXN_000061,amount_format_variant
64,TXN_000064,inconsistent_date_format
65,TXN_000065,inconsistent_date_format
65,TXN_000065,missing_category
65,TXN_000065,time_format_variant
66,TXN_000066,amount_format_variant
66,TXN_000066,category_label_variant
67,TXN_000067,merchant_name_variant
67,TXN_000067,time_format_variant
67-dup,TXN_000067,duplicate_row
70,TXN_000070,amount_format_variant
70,TXN_000070,category_label_variant
71,TXN_000071,inconsistent_date_format
71,TXN_000071,category_label_variant
72,TXN_000072,time_format_variant
73,TXN_000073,merchant_name_variant
73,TXN_000073,time_format_variant
74,TXN_000074,category_label_variant
74,TXN_000074,time_format_variant
77,TXN_000077,inconsistent_date_format
77,TXN_000077,merchant_name_variant
77,TXN_000077,amount_format_variant
78,TXN_000078,amount_format_variant
79,TXN_000079,amount_format_variant
80,TXN_000080,inconsistent_date_format
80,TXN_000080,merchant_name_variant
80,TXN_000080,amount_format_variant
82,TXN_000082,inconsistent_date_format
82,TXN_000082,category_label_variant
83,TXN_000083,merchant_name_variant
83,TXN_000083,amount_format_variant
83,TXN_000083,missing_location
83,TXN_000083,country_label_variant
86,TXN_000086,merchant_name_variant
86,TXN_000086,category_label_variant
87,TXN_000087,inconsistent_date_format
87,TXN_000087,amount_format_variant
87,TXN_000087,time_format_variant
88,TXN_000088,category_label_variant
89,TXN_000089,amount_format_variant
89,TXN_000089,category_label_variant
91,TXN_000091,inconsistent_date_format
91,TXN_000091,amount_format_variant
92,TXN_000092,inconsistent_date_format
92,TXN_000092,merchant_name_variant
93,TXN_000093,inconsistent_date_format
93,TXN_000093,country_label_variant
94,TXN_000094,inconsistent_date_format
94,TXN_000094,amount_format_variant
94,TXN_000094,category_label_variant
94,TXN_000094,time_format_variant
96,TXN_000096,category_label_variant
97,TXN_000097,inconsistent_date_format
97,TXN_000097,amount_format_variant
97,TXN_000097,category_label_variant
97-dup,TXN_000097,duplicate_row
98,TXN_000098,inconsistent_date_format
99,TXN_000099,inconsistent_date_format
99,TXN_000099,amount_format_variant
99,TXN_000099,time_format_variant
100,TXN_000100,merchant_name_variant
100,TXN_000100,amount_format_variant
101,TXN_000101,inconsistent_date_format
101,TXN_000101,country_label_variant
101,TXN_000101,card_present_format_variant
103,TXN_000103,merchant_name_variant
104,TXN_000104,amount_format_variant
104,TXN_000104,category_label_variant
104,TXN_000104,time_format_variant
105,TXN_000105,amount_format_variant
106,TXN_000106,inconsistent_date_format
106,TXN_000106,merchant_name_variant
106,TXN_000106,category_label_variant
107,TXN_000107,inconsistent_date_format
109,TXN_000109,inconsistent_date_format
109,TXN_000109,merchant_name_variant
110,TXN_000110,category_label_variant
111,TXN_000111,inconsistent_date_format
111,TXN_000111,merchant_name_variant
111,TXN_000111,time_format_variant
111,TXN_000111,card_present_format_variant
112,TXN_000112,country_label_variant
113,TXN_000113,inconsistent_date_format
113,TXN_000113,amount_format_variant
113,TXN_000113,category_label_variant
113,TXN_000113,time_format_variant
114,TXN_000114,inconsistent_date_format
115,TXN_000115,inconsistent_date_format
115,TXN_000115,merchant_name_variant
115,TXN_000115,category_label_variant
115,TXN_000115,country_label_variant
116,TXN_000116,inconsistent_date_format
116,TXN_000116,merchant_name_variant
119,TXN_000119,merchant_name_variant
119,TXN_000119,amount_format_variant
119,TXN_000119,card_present_format_variant
120,TXN_000120,inconsistent_date_format
120,TXN_000120,time_format_variant
121,TXN_000121,merchant_name_variant
122,TXN_000122,inconsistent_date_format
123,TXN_000123,missing_category
124,TXN_000124,inconsistent_date_format
125,TXN_000125,inconsistent_date_format
125,TXN_000125,time_format_variant
126,TXN_000126,inconsistent_date_format
127,TXN_000127,inconsistent_date_format
127,TXN_000127,merchant_name_variant
127,TXN_000127,amount_format_variant
127,TXN_000127,card_present_format_variant
128,TXN_000128,inconsistent_date_format
128,TXN_000128,amount_format_variant
128,TXN_000128,category_label_variant
129,TXN_000129,merchant_name_variant
130,TXN_000130,inconsistent_date_format
130,TXN_000130,amount_format_variant
131,TXN_000131,inconsistent_date_format
132,TXN_000132,inconsistent_date_format
132,TXN_000132,merchant_name_variant
133,TXN_000133,inconsistent_date_format
133,TXN_000133,merchant_name_variant
133,TXN_000133,amount_format_variant
133,TXN_000133,category_label_variant
133,TXN_000133,time_format_variant
134,TXN_000134,merchant_name_variant
134,TXN_000134,amount_format_variant
135,TXN_000135,inconsistent_date_format
135,TXN_000135,amount_format_variant
135,TXN_000135,time_format_variant
136,TXN_000136,amount_format_variant
136,TXN_000136,missing_category
137,TXN_000137,amount_format_variant
138,TXN_000138,inconsistent_date_format
138,TXN_000138,merchant_name_variant
138,TXN_000138,card_present_format_variant
139,TXN_000139,inconsistent_date_format
140,TXN_000140,amount_format_variant
140,TXN_000140,card_present_format_variant
141,TXN_000141,merchant_name_variant
141,TXN_000141,amount_format_variant
142,TXN_000142,merchant_name_variant
143,TXN_000143,country_label_variant
145,TXN_000145,inconsistent_date_format
145,TXN_000145,amount_format_variant
146,TXN_000146,category_label_variant
146,TXN_000146,time_format_variant
147,TXN_000147,inconsistent_date_format
147,TXN_000147,merchant_name_variant
147,TXN_000147,category_label_variant
148,TXN_000148,inconsistent_date_format
149,TXN_000149,amount_format_variant
149,TXN_000149,card_present_format_variant
150,TXN_000150,inconsistent_date_format
151,TXN_000151,merchant_name_variant
153,TXN_000153,inconsistent_date_format
153,TXN_000153,amount_format_variant
154,TXN_000154,inconsistent_date_format
155,TXN_000155,amount_format_variant
157,TXN_000157,amount_format_variant
157,TXN_000157,card_present_format_variant
158,TXN_000158,time_format_variant
159,TXN_000159,time_format_variant
160,TXN_000160,inconsistent_date_format
160,TXN_000160,merchant_name_variant
161,TXN_000161,inconsistent_date_format
161,TXN_000161,merchant_name_variant
161,TXN_000161,amount_format_variant
162,TXN_000162,country_label_variant
164,TXN_000164,amount_format_variant
165,TXN_000165,merchant_name_variant
165,TXN_000165,amount_format_variant
165,TXN_000165,time_format_variant
166,TXN_000166,inconsistent_date_format
167,TXN_000167,amount_format_variant
168,TXN_000168,inconsistent_date_format
168,TXN_000168,merchant_name_variant
168,TXN_000168,amount_format_variant
169,TXN_000169,amount_format_variant
169,TXN_000169,time_format_variant
170,TXN_000170,amount_format_variant
171,TXN_000171,inconsistent_date_format
171,TXN_000171,merchant_name_variant
171,TXN_000171,time_format_variant
172,TXN_000172,time_format_variant
172,TXN_000172,country_label_variant
173,TXN_000173,inconsistent_date_format
173,TXN_000173,country_label_variant
174,TXN_000174,merchant_name_variant
175,TXN_000175,missing_location
176,TXN_000176,merchant_name_variant
176,TXN_000176,amount_format_variant
177,TXN_000177,inconsistent_date_format
178,TXN_000178,amount_format_variant
178,TXN_000178,category_label_variant
179,TXN_000179,amount_format_variant
180,TXN_000180,inconsistent_date_format
180,TXN_000180,amount_format_variant
180,TXN_000180,category_label_variant
181,TXN_000181,country_label_variant
182,TXN_000182,inconsistent_date_format
183,TXN_000183,merchant_name_variant
185,TXN_000185,merchant_name_variant
186,TXN_000186,inconsistent_date_format
186,TXN_000186,amount_format_variant
187,TXN_000187,inconsistent_date_format
187,TXN_000187,amount_format_variant
188,TXN_000188,inconsistent_date_format
188,TXN_000188,card_present_format_variant
189,TXN_000189,inconsistent_date_format
189,TXN_000189,merchant_name_variant
189,TXN_000189,amount_format_variant
190,TXN_000190,inconsistent_date_format
190,TXN_000190,merchant_name_variant
190,TXN_000190,amount_format_variant
191,TXN_000191,merchant_name_variant
191,TXN_000191,card_present_format_variant
192,TXN_000192,missing_location
193,TXN_000193,inconsistent_date_format
194,TXN_000194,inconsistent_date_format
194,TXN_000194,amount_format_variant
194,TXN_000194,country_label_variant
194,TXN_000194,card_present_format_variant
195,TXN_000195,inconsistent_date_format
195,TXN_000195,amount_format_variant
196,TXN_000196,country_label_variant
197,TXN_000197,inconsistent_date_format
197,TXN_000197,amount_format_variant
197,TXN_000197,country_label_variant
199,TXN_000199,amount_format_variant
200,TXN_000200,inconsistent_date_format
200,TXN_000200,merchant_name_variant
201,TXN_000201,inconsistent_date_format
201,TXN_000201,amount_format_variant
203,TXN_000203,inconsistent_date_format
203,TXN_000203,merchant_name_variant
203,TXN_000203,time_format_variant
203,TXN_000203,country_label_variant
204,TXN_000204,inconsistent_date_format
204,TXN_000204,merchant_name_variant
204,TXN_000204,amount_format_variant
204,TXN_000204,time_format_variant
205,TXN_000205,inconsistent_date_format
205,TXN_000205,merchant_name_variant
205,TXN_000205,time_format_variant
206,TXN_000206,merchant_name_variant
206,TXN_000206,amount_format_variant
207,TXN_000207,inconsistent_date_format
207,TXN_000207,category_label_variant
208,TXN_000208,amount_format_variant
210,TXN_000210,category_label_variant
211,TXN_000211,inconsistent_date_format
211,TXN_000211,missing_location
212,TXN_000212,inconsistent_date_format
213,TXN_000213,country_label_variant
214,TXN_000214,merchant_name_variant
215,TXN_000215,inconsistent_date_format
215,TXN_000215,merchant_name_variant
215,TXN_000215,missing_category
216,TXN_000216,inconsistent_date_format
216,TXN_000216,merchant_name_variant
217,TXN_000217,inconsistent_date_format
217,TXN_000217,amount_format_variant
218,TXN_000218,merchant_name_variant
218,TXN_000218,country_label_variant
219,TXN_000219,time_format_variant
220,TXN_000220,inconsistent_date_format
220,TXN_000220,time_format_variant
221,TXN_000221,inconsistent_date_format
222,TXN_000222,merchant_name_variant
222,TXN_000222,amount_format_variant
222,TXN_000222,country_label_variant
223,TXN_000223,inconsistent_date_format
223,TXN_000223,merchant_name_variant
224,TXN_000224,inconsistent_date_format
224,TXN_000224,merchant_name_variant
224,TXN_000224,amount_format_variant
225,TXN_000225,amount_format_variant
225,TXN_000225,missing_location
226,TXN_000226,inconsistent_date_format
226,TXN_000226,amount_format_variant
227,TXN_000227,merchant_name_variant
229,TXN_000229,country_label_variant
230,TXN_000230,inconsistent_date_format
231,TXN_000231,inconsistent_date_format
233,TXN_000233,inconsistent_date_format
233,TXN_000233,merchant_name_variant
234,TXN_000234,inconsistent_date_format
235,TXN_000235,inconsistent_date_format
237,TXN_000237,inconsistent_date_format
237,TXN_000237,amount_format_variant
238,TXN_000238,inconsistent_date_format
238,TXN_000238,merchant_name_variant
239,TXN_000239,inconsistent_date_format
239,TXN_000239,merchant_name_variant
240,TXN_000240,merchant_name_variant
240,TXN_000240,category_label_variant
241,TXN_000241,inconsistent_date_format
242,TXN_000242,inconsistent_date_format
242,TXN_000242,merchant_name_variant
242,TXN_000242,amount_format_variant
243,TXN_000243,inconsistent_date_format
243,TXN_000243,merchant_name_variant
244,TXN_000244,inconsistent_date_format
244,TXN_000244,amount_format_variant
245,TXN_000245,merchant_name_variant
246,TXN_000246,merchant_name_variant
246,TXN_000246,card_present_format_variant
247,TXN_000247,inconsistent_date_format
247,TXN_000247,time_format_variant
247-dup,TXN_000247,duplicate_row
248,TXN_000248,inconsistent_date_format
248,TXN_000248,merchant_name_variant
248,TXN_000248,amount_format_variant
248,TXN_000248,time_format_variant
249,TXN_000249,merchant_name_variant
249,TXN_000249,amount_format_variant
249,TXN_000249,country_label_variant
250,TXN_000250,inconsistent_date_format
253,TXN_000253,missing_location
254,TXN_000254,amount_format_variant
255,TXN_000255,merchant_name_variant
255,TXN_000255,amount_format_variant
257,TXN_000257,amount_format_variant
258,TXN_000258,amount_format_variant
259,TXN_000259,inconsistent_date_format
259,TXN_000259,merchant_name_variant
262,TXN_000262,inconsistent_date_format
262,TXN_000262,time_format_variant
262,TXN_000262,country_label_variant
265,TXN_000265,amount_format_variant
266,TXN_000266,amount_format_variant
267,TXN_000267,card_present_format_variant
270,TXN_000270,amount_format_variant
271,TXN_000271,inconsistent_date_format
271,TXN_000271,merchant_name_variant
271,TXN_000271,time_format_variant
271-dup,TXN_000271,duplicate_row
272,TXN_000272,time_format_variant
273,TXN_000273,amount_format_variant
273,TXN_000273,country_label_variant
274,TXN_000274,country_label_variant
275,TXN_000275,inconsistent_date_format
275,TXN_000275,amount_format_variant
275,TXN_000275,card_present_format_variant
275-dup,TXN_000275,duplicate_row
276,TXN_000276,amount_format_variant
277,TXN_000277,inconsistent_date_format
277,TXN_000277,time_format_variant
278,TXN_000278,merchant_name_variant
278,TXN_000278,amount_format_variant
279,TXN_000279,inconsistent_date_format
280,TXN_000280,amount_format_variant
280,TXN_000280,time_format_variant
282,TXN_000282,amount_format_variant
283,TXN_000283,category_label_variant
284,TXN_000284,inconsistent_date_format
284,TXN_000284,amount_format_variant
285,TXN_000285,amount_format_variant
285,TXN_000285,country_label_variant
286,TXN_000286,inconsistent_date_format
286,TXN_000286,amount_format_variant
287,TXN_000287,category_label_variant
287,TXN_000287,time_format_variant
288,TXN_000288,inconsistent_date_format
289,TXN_000289,amount_format_variant
290,TXN_000290,merchant_name_variant
294,TXN_000294,merchant_name_variant
294,TXN_000294,amount_format_variant
295,TXN_000295,merchant_name_variant
295,TXN_000295,inconsistent_date_format
295,TXN_000295,amount_format_variant
296,TXN_000296,amount_format_variant
296,TXN_000296,time_format_variant
297,TXN_000297,inconsistent_date_format
297,TXN_000297,amount_format_variant
297,TXN_000297,card_present_format_variant
298,TXN_000298,inconsistent_date_format
298,TXN_000298,country_label_variant
299,TXN_000299,category_label_variant
300,TXN_000300,time_format_variant
300,TXN_000300,country_label_variant
301,TXN_000301,merchant_name_variant
302,TXN_000302,inconsistent_date_format
302,TXN_000302,amount_format_variant
304,TXN_000304,missing_location
304,TXN_000304,country_label_variant
305,TXN_000305,inconsistent_date_format
305-dup,TXN_000305,duplicate_row
306,TXN_000306,amount_format_variant
307,TXN_000307,merchant_name_variant
307,TXN_000307,time_format_variant
308,TXN_000308,amount_format_variant
308,TXN_000308,category_label_variant
309,TXN_000309,inconsistent_date_format
310,TXN_000310,inconsistent_date_format
311,TXN_000311,inconsistent_date_format
312,TXN_000312,merchant_name_variant
312,TXN_000312,amount_format_variant
313,TXN_000313,amount_format_variant
314,TXN_000314,inconsistent_date_format
315,TXN_000315,merchant_name_variant
315,TXN_000315,time_format_variant
316,TXN_000316,card_present_format_variant
317,TXN_000317,inconsistent_date_format
317,TXN_000317,card_present_format_variant
318,TXN_000318,inconsistent_date_format
319,TXN_000319,merchant_name_variant
319,TXN_000319,missing_location
321,TXN_000321,inconsistent_date_format
321,TXN_000321,amount_format_variant
322,TXN_000322,inconsistent_date_format
322,TXN_000322,merchant_name_variant
322,TXN_000322,category_label_variant
322,TXN_000322,time_format_variant
323,TXN_000323,amount_format_variant
323,TXN_000323,category_label_variant
325,TXN_000325,inconsistent_date_format
326,TXN_000326,inconsistent_date_format
326,TXN_000326,merchant_name_variant
326,TXN_000326,amount_format_variant
327,TXN_000327,inconsistent_date_format
327,TXN_000327,time_format_variant
328,TXN_000328,inconsistent_date_format
329,TXN_000329,inconsistent_date_format
329,TXN_000329,merchant_name_variant
329,TXN_000329,country_label_variant
330,TXN_000330,inconsistent_date_format
330,TXN_000330,amount_format_variant
330,TXN_000330,category_label_variant
331,TXN_000331,inconsistent_date_format
331,TXN_000331,merchant_name_variant
332,TXN_000332,inconsistent_date_format
333,TXN_000333,inconsistent_date_format
334,TXN_000334,inconsistent_date_format
334,TXN_000334,merchant_name_variant
334,TXN_000334,amount_format_variant
335,TXN_000335,merchant_name_variant
336,TXN_000336,merchant_name_variant
336,TXN_000336,country_label_variant
337,TXN_000337,inconsistent_date_format
337,TXN_000337,merchant_name_variant
339,TXN_000339,inconsistent_date_format
339,TXN_000339,merchant_name_variant
339,TXN_000339,amount_format_variant
339,TXN_000339,time_format_variant
340,TXN_000340,amount_format_variant
341,TXN_000341,amount_format_variant
342,TXN_000342,inconsistent_date_format
342,TXN_000342,amount_format_variant
345,TXN_000345,inconsistent_date_format
345,TXN_000345,amount_format_variant
345,TXN_000345,time_format_variant
346,TXN_000346,merchant_name_variant
346,TXN_000346,amount_format_variant
347,TXN_000347,inconsistent_date_format
347,TXN_000347,merchant_name_variant
347,TXN_000347,amount_format_variant
348,TXN_000348,inconsistent_date_format
348,TXN_000348,merchant_name_variant
350,TXN_000350,inconsistent_date_format
350,TXN_000350,merchant_name_variant
351,TXN_000351,amount_format_variant
352,TXN_000352,merchant_name_variant
353,TXN_000353,amount_format_variant
353,TXN_000353,country_label_variant
355,TXN_000355,amount_format_variant
356,TXN_000356,inconsistent_date_format
357,TXN_000357,merchant_name_variant
359,TXN_000359,merchant_name_variant
359,TXN_000359,category_label_variant
360,TXN_000360,inconsistent_date_format
360,TXN_000360,merchant_name_variant
360,TXN_000360,amount_format_variant
360,TXN_000360,category_label_variant
360,TXN_000360,extra_trailing_field
361,TXN_000361,amount_format_variant
362,TXN_000362,inconsistent_date_format
362,TXN_000362,merchant_name_variant
362,TXN_000362,amount_format_variant
363,TXN_000363,merchant_name_variant
365,TXN_000365,card_present_format_variant
366,TXN_000366,inconsistent_date_format
366,TXN_000366,category_label_variant
366,TXN_000366,time_format_variant
367,TXN_000367,amount_format_variant
368,TXN_000368,merchant_name_variant
369,TXN_000369,amount_format_variant
371,TXN_000371,inconsistent_date_format
372,TXN_000372,inconsistent_date_format
373,TXN_000373,inconsistent_date_format
373,TXN_000373,amount_format_variant
373,TXN_000373,missing_category
373,TXN_000373,card_present_format_variant
374,TXN_000374,merchant_name_variant
374,TXN_000374,amount_format_variant
376,TXN_000376,amount_format_variant
378,TXN_000378,merchant_name_variant
379,TXN_000379,inconsistent_date_format
379,TXN_000379,merchant_name_variant
380,TXN_000380,inconsistent_date_format
380,TXN_000380,merchant_name_variant
382,TXN_000382,inconsistent_date_format
382,TXN_000382,time_format_variant
383,TXN_000383,merchant_name_variant
384,TXN_000384,inconsistent_date_format
385,TXN_000385,merchant_name_variant
386,TXN_000386,card_present_format_variant
388,TXN_000388,time_format_variant
389,TXN_000389,inconsistent_date_format
389,TXN_000389,merchant_name_variant
389,TXN_000389,amount_format_variant
390,TXN_000390,inconsistent_date_format
390,TXN_000390,time_format_variant
391,TXN_000391,inconsistent_date_format
391,TXN_000391,merchant_name_variant
391,TXN_000391,category_label_variant
392,TXN_000392,inconsistent_date_format
393,TXN_000393,inconsistent_date_format
394,TXN_000394,missing_merchant
395,TXN_000395,inconsistent_date_format
395,TXN_000395,amount_format_variant
395,TXN_000395,time_format_variant
396,TXN_000396,inconsistent_date_format
396,TXN_000396,time_format_variant
397,TXN_000397,inconsistent_date_format
398,TXN_000398,inconsistent_date_format
398,TXN_000398,merchant_name_variant
398,TXN_000398,category_label_variant
398,TXN_000398,country_label_variant
399,TXN_000399,amount_format_variant
399,TXN_000399,time_format_variant
400,TXN_000400,category_label_variant
401,TXN_000401,merchant_name_variant
402,TXN_000402,inconsistent_date_format
402,TXN_000402,merchant_name_variant
403,TXN_000403,country_label_variant
404,TXN_000404,category_label_variant
404,TXN_000404,card_present_format_variant
405,TXN_000405,inconsistent_date_format
405,TXN_000405,merchant_name_variant
405,TXN_000405,amount_format_variant
405,TXN_000405,time_format_variant
405,TXN_000405,country_label_variant
406,TXN_000406,inconsistent_date_format
406,TXN_000406,merchant_name_variant
406,TXN_000406,amount_format_variant
407,TXN_000407,time_format_variant
408,TXN_000408,merchant_name_variant
408,TXN_000408,amount_format_variant
409,TXN_000409,card_present_format_variant
410,TXN_000410,inconsistent_date_format
410,TXN_000410,merchant_name_variant
410,TXN_000410,card_present_format_variant
411,TXN_000411,inconsistent_date_format
411,TXN_000411,merchant_name_variant
412,TXN_000412,amount_format_variant
412,TXN_000412,time_format_variant
413,TXN_000413,inconsistent_date_format
413,TXN_000413,amount_format_variant
413,TXN_000413,category_label_variant
413,TXN_000413,time_format_variant
414,TXN_000414,merchant_name_variant
416,TXN_000416,time_format_variant
417,TXN_000417,inconsistent_date_format
419,TXN_000419,inconsistent_date_format
420-dup,TXN_000420,duplicate_row
421,TXN_000421,inconsistent_date_format
422,TXN_000422,merchant_name_variant
423,TXN_000423,category_label_variant
423,TXN_000423,time_format_variant
424,TXN_000424,inconsistent_date_format
424,TXN_000424,merchant_name_variant
424,TXN_000424,time_format_variant
425,TXN_000425,amount_format_variant
425,TXN_000425,country_label_variant
426,TXN_000426,inconsistent_date_format
427,TXN_000427,amount_format_variant
428,TXN_000428,merchant_name_variant
428,TXN_000428,amount_format_variant
429,TXN_000429,inconsistent_date_format
430,TXN_000430,inconsistent_date_format
431,TXN_000431,inconsistent_date_format
431,TXN_000431,amount_format_variant
433,TXN_000433,time_format_variant
434,TXN_000434,category_label_variant
435,TXN_000435,inconsistent_date_format
436,TXN_000436,amount_format_variant
436,TXN_000436,country_label_variant
437,TXN_000437,amount_format_variant
439,TXN_000439,time_format_variant
440,TXN_000440,merchant_name_variant
441,TXN_000441,merchant_name_variant
442,TXN_000442,inconsistent_date_format
442,TXN_000442,merchant_name_variant
443,TXN_000443,amount_format_variant
444,TXN_000444,inconsistent_date_format
445,TXN_000445,inconsistent_date_format
447,TXN_000447,inconsistent_date_format
447,TXN_000447,merchant_name_variant
448,TXN_000448,inconsistent_date_format
448-dup,TXN_000448,duplicate_row
449,TXN_000449,inconsistent_date_format
449,TXN_000449,time_format_variant
450,TXN_000450,inconsistent_date_format
450,TXN_000450,merchant_name_variant
450,TXN_000450,category_label_variant
450,TXN_000450,time_format_variant
451,TXN_000451,merchant_name_variant
452,TXN_000452,inconsistent_date_format
453,TXN_000453,inconsistent_date_format
453,TXN_000453,merchant_name_variant
453,TXN_000453,time_format_variant
453,TXN_000453,country_label_variant
454,TXN_000454,inconsistent_date_format
454,TXN_000454,amount_format_variant
454,TXN_000454,country_label_variant
455,TXN_000455,inconsistent_date_format
456,TXN_000456,amount_format_variant
457,TXN_000457,merchant_name_variant
458,TXN_000458,category_label_variant
459,TXN_000459,inconsistent_date_format
459,TXN_000459,country_label_variant
461,TXN_000461,merchant_name_variant
462,TXN_000462,time_format_variant
463,TXN_000463,time_format_variant
464,TXN_000464,merchant_name_variant
465,TXN_000465,merchant_name_variant
466,TXN_000466,merchant_name_variant
466,TXN_000466,card_present_format_variant
467,TXN_000467,inconsistent_date_format
467,TXN_000467,merchant_name_variant
467,TXN_000467,time_format_variant
469,TXN_000469,inconsistent_date_format
469,TXN_000469,merchant_name_variant
469,TXN_000469,amount_format_variant
469,TXN_000469,card_present_format_variant
470,TXN_000470,merchant_name_variant
470,TXN_000470,amount_format_variant
470,TXN_000470,card_present_format_variant
471,TXN_000471,merchant_name_variant
471,TXN_000471,time_format_variant
472,TXN_000472,time_format_variant
473,TXN_000473,amount_format_variant
473,TXN_000473,country_label_variant
474,TXN_000474,inconsistent_date_format
475,TXN_000475,category_label_variant
476,TXN_000476,inconsistent_date_format
476,TXN_000476,category_label_variant
477,TXN_000477,inconsistent_date_format
479,TXN_000479,amount_format_variant
480,TXN_000480,amount_format_variant
480,TXN_000480,card_present_format_variant
481,TXN_000481,amount_format_variant
482,TXN_000482,inconsistent_date_format
482,TXN_000482,merchant_name_variant
482,TXN_000482,time_format_variant
483,TXN_000483,amount_format_variant
484,TXN_000484,inconsistent_date_format
484,TXN_000484,merchant_name_variant
485,TXN_000485,inconsistent_date_format
486,TXN_000486,inconsistent_date_format
486,TXN_000486,amount_format_variant
487,TXN_000487,inconsistent_date_format
487,TXN_000487,amount_format_variant
488,TXN_000488,inconsistent_date_format
488,TXN_000488,merchant_name_variant
488,TXN_000488,amount_format_variant
489,TXN_000489,inconsistent_date_format
489,TXN_000489,amount_format_variant
489,TXN_000489,category_label_variant
490,TXN_000490,inconsistent_date_format
490,TXN_000490,merchant_name_variant
490,TXN_000490,amount_format_variant
490,TXN_000490,category_label_variant
492,TXN_000492,merchant_name_variant
492,TXN_000492,amount_format_variant
493,TXN_000493,inconsistent_date_format
493,TXN_000493,merchant_name_variant
494,TXN_000494,inconsistent_date_format
494,TXN_000494,merchant_name_variant
494,TXN_000494,country_label_variant
495,TXN_000495,inconsistent_date_format
495,TXN_000495,card_present_format_variant
496,TXN_000496,merchant_name_variant
496,TXN_000496,amount_format_variant
497,TXN_000497,inconsistent_date_format
498,TXN_000498,inconsistent_date_format
499,TXN_000499,inconsistent_date_format
500,TXN_000500,inconsistent_date_format
500,TXN_000500,category_label_variant
501,TXN_000501,amount_format_variant
501,TXN_000501,truncated_row_missing_fields
503,TXN_000503,inconsistent_date_format
504,TXN_000504,inconsistent_date_format
504,TXN_000504,category_label_variant
504,TXN_000504,card_present_format_variant
505,TXN_000505,card_present_format_variant
506,TXN_000506,inconsistent_date_format
506,TXN_000506,merchant_name_variant
508,TXN_000508,amount_format_variant
508,TXN_000508,time_format_variant
508,TXN_000508,card_present_format_variant
509,TXN_000509,inconsistent_date_format
509,TXN_000509,amount_format_variant
510,TXN_000510,inconsistent_date_format
510,TXN_000510,amount_format_variant
511,TXN_000511,inconsistent_date_format
512,TXN_000512,inconsistent_date_format
512,TXN_000512,merchant_name_variant
513,TXN_000513,inconsistent_date_format
514,TXN_000514,merchant_name_variant
514,TXN_000514,time_format_variant
514,TXN_000514,country_label_variant
515,TXN_000515,inconsistent_date_format
515,TXN_000515,amount_format_variant
516,TXN_000516,inconsistent_date_format
516,TXN_000516,amount_format_variant
517,TXN_000517,amount_format_variant
518,TXN_000518,merchant_name_variant
518,TXN_000518,missing_location
519,TXN_000519,time_format_variant
521,TXN_000521,inconsistent_date_format
521,TXN_000521,amount_format_variant
522,TXN_000522,inconsistent_date_format
523,TXN_000523,time_format_variant
524,TXN_000524,inconsistent_date_format
524,TXN_000524,amount_format_variant
525,TXN_000525,merchant_name_variant
525,TXN_000525,amount_format_variant
528,TXN_000528,time_format_variant
529,TXN_000529,amount_format_variant
530,TXN_000530,inconsistent_date_format
531,TXN_000531,inconsistent_date_format
533,TXN_000533,inconsistent_date_format
533,TXN_000533,category_label_variant
534,TXN_000534,inconsistent_date_format
534,TXN_000534,category_label_variant
535,TXN_000535,category_label_variant
536,TXN_000536,merchant_name_variant
537,TXN_000537,inconsistent_date_format
537,TXN_000537,merchant_name_variant
537,TXN_000537,time_format_variant
538,TXN_000538,amount_format_variant
538,TXN_000538,missing_location
540,TXN_000540,country_label_variant
541,TXN_000541,merchant_name_variant
541,TXN_000541,amount_format_variant
542,TXN_000542,category_label_variant
543,TXN_000543,inconsistent_date_format
543,TXN_000543,merchant_name_variant
545,TXN_000545,inconsistent_date_format
545,TXN_000545,merchant_name_variant
546,TXN_000546,merchant_name_variant
547,TXN_000547,inconsistent_date_format
547,TXN_000547,amount_format_variant
548,TXN_000548,category_label_variant
550,TXN_000550,country_label_variant
551,TXN_000551,merchant_name_variant
551,TXN_000551,amount_format_variant
551,TXN_000551,card_present_format_variant
553,TXN_000553,inconsistent_date_format
553,TXN_000553,amount_format_variant
554,TXN_000554,inconsistent_date_format
554,TXN_000554,merchant_name_variant
554,TXN_000554,amount_format_variant
555,TXN_000555,merchant_name_variant
557,TXN_000557,inconsistent_date_format
559,TXN_000559,merchant_name_variant
559,TXN_000559,amount_format_variant
559,TXN_000559,time_format_variant
560,TXN_000560,inconsistent_date_format
561,TXN_000561,amount_format_variant
562,TXN_000562,inconsistent_date_format
563,TXN_000563,time_format_variant
564,TXN_000564,inconsistent_date_format
564,TXN_000564,card_present_format_variant
566,TXN_000566,time_format_variant
567,TXN_000567,amount_format_variant
567,TXN_000567,missing_category
568,TXN_000568,inconsistent_date_format
568,TXN_000568,merchant_name_variant
568,TXN_000568,amount_format_variant
570,TXN_000570,merchant_name_variant
571,TXN_000571,amount_format_variant
572,TXN_000572,amount_format_variant
572,TXN_000572,missing_location
573,TXN_000573,amount_format_variant
573,TXN_000573,missing_category
574,TXN_000574,inconsistent_date_format
574,TXN_000574,merchant_name_variant
574,TXN_000574,country_label_variant
575,TXN_000575,inconsistent_date_format
575,TXN_000575,merchant_name_variant
576,TXN_000576,inconsistent_date_format
576,TXN_000576,time_format_variant
578,TXN_000578,merchant_name_variant
578,TXN_000578,amount_format_variant
580,TXN_000580,merchant_name_variant
580,TXN_000580,amount_format_variant
580,TXN_000580,missing_merchant
580,TXN_000580,country_label_variant
581,TXN_000581,inconsistent_date_format
581,TXN_000581,amount_format_variant
582,TXN_000582,amount_format_variant
583,TXN_000583,inconsistent_date_format
583,TXN_000583,time_format_variant
584,TXN_000584,category_label_variant
584,TXN_000584,card_present_format_variant
585,TXN_000585,merchant_name_variant
586,TXN_000586,amount_format_variant
586,TXN_000586,time_format_variant
587,TXN_000587,inconsistent_date_format
587,TXN_000587,amount_format_variant
588,TXN_000588,merchant_name_variant
588,TXN_000588,amount_format_variant
588,TXN_000588,time_format_variant
589,TXN_000589,category_label_variant
590,TXN_000590,merchant_name_variant
591,TXN_000591,amount_format_variant
592,TXN_000592,inconsistent_date_format
593,TXN_000593,inconsistent_date_format
593,TXN_000593,merchant_name_variant
594,TXN_000594,inconsistent_date_format
594,TXN_000594,merchant_name_variant
594,TXN_000594,amount_format_variant
595,TXN_000595,time_format_variant
596,TXN_000596,amount_format_variant
597,TXN_000597,merchant_name_variant
597,TXN_000597,amount_format_variant
597,TXN_000597,time_format_variant
597,TXN_000597,card_present_format_variant
598,TXN_000598,inconsistent_date_format
599,TXN_000599,merchant_name_variant
599,TXN_000599,amount_format_variant
600,TXN_000600,amount_format_variant
600,TXN_000600,missing_category
600,TXN_000600,time_format_variant
600,TXN_000600,card_present_format_variant
601,TXN_000601,inconsistent_date_format
601,TXN_000601,merchant_name_variant
601,TXN_000601,time_format_variant
602,TXN_000602,country_label_variant
604,TXN_000604,merchant_name_variant
604,TXN_000604,card_present_format_variant
605,TXN_000605,amount_format_variant
607,TXN_000607,amount_format_variant
608,TXN_000608,inconsistent_date_format
608,TXN_000608,merchant_name_variant
608,TXN_000608,amount_format_variant
608,TXN_000608,country_label_variant
610,TXN_000610,time_format_variant
611,TXN_000611,country_label_variant
612,TXN_000612,amount_format_variant
614,TXN_000614,merchant_name_variant
614,TXN_000614,missing_location
615,TXN_000615,inconsistent_date_format
615,TXN_000615,merchant_name_variant
616,TXN_000616,inconsistent_date_format
617,TXN_000617,merchant_name_variant
618,TXN_000618,inconsistent_date_format
618,TXN_000618,merchant_name_variant
619,TXN_000619,amount_format_variant
619,TXN_000619,time_format_variant
619,TXN_000619,country_label_variant
620,TXN_000620,inconsistent_date_format
620,TXN_000620,time_format_variant
621,TXN_000621,inconsistent_date_format
622,TXN_000622,merchant_name_variant
622,TXN_000622,amount_format_variant
623,TXN_000623,inconsistent_date_format
624,TXN_000624,inconsistent_date_format
624,TXN_000624,time_format_variant
626,TXN_000626,inconsistent_date_format
626,TXN_000626,merchant_name_variant
627,TXN_000627,amount_format_variant
628,TXN_000628,merchant_name_variant
629,TXN_000629,country_label_variant
630,TXN_000630,merchant_name_variant
630,TXN_000630,time_format_variant
631,TXN_000631,inconsistent_date_format
631,TXN_000631,amount_format_variant
632,TXN_000632,inconsistent_date_format
633,TXN_000633,missing_category
634,TXN_000634,merchant_name_variant
635,TXN_000635,inconsistent_date_format
636,TXN_000636,inconsistent_date_format
636,TXN_000636,merchant_name_variant
636,TXN_000636,amount_format_variant
637,TXN_000637,inconsistent_date_format
637,TXN_000637,merchant_name_variant
637,TXN_000637,time_format_variant
638,TXN_000638,merchant_name_variant
640,TXN_000640,inconsistent_date_format
640,TXN_000640,amount_format_variant
641,TXN_000641,amount_format_variant
642,TXN_000642,inconsistent_date_format
642,TXN_000642,merchant_name_variant
642,TXN_000642,amount_format_variant
643,TXN_000643,amount_format_variant
644,TXN_000644,inconsistent_date_format
644,TXN_000644,merchant_name_variant
644,TXN_000644,country_label_variant
645,TXN_000645,time_format_variant
646,TXN_000646,inconsistent_date_format
646,TXN_000646,merchant_name_variant
646,TXN_000646,amount_format_variant
647,TXN_000647,inconsistent_date_format
647,TXN_000647,merchant_name_variant
647,TXN_000647,time_format_variant
648,TXN_000648,inconsistent_date_format
648,TXN_000648,card_present_format_variant
649,TXN_000649,amount_format_variant
649,TXN_000649,country_label_variant
650,TXN_000650,inconsistent_date_format
650,TXN_000650,missing_location
650,TXN_000650,country_label_variant
651,TXN_000651,inconsistent_date_format
651,TXN_000651,merchant_name_variant
652,TXN_000652,amount_format_variant
652-dup,TXN_000652,duplicate_row
653,TXN_000653,category_label_variant
653,TXN_000653,missing_location
654,TXN_000654,merchant_name_variant
655,TXN_000655,card_present_format_variant
656,TXN_000656,inconsistent_date_format
658,TXN_000658,amount_format_variant
658,TXN_000658,category_label_variant
659,TXN_000659,inconsistent_date_format
659,TXN_000659,category_label_variant
659,TXN_000659,time_format_variant
661,TXN_000661,inconsistent_date_format
661,TXN_000661,amount_format_variant
662,TXN_000662,amount_format_variant
663,TXN_000663,inconsistent_date_format
663,TXN_000663,amount_format_variant
663,TXN_000663,time_format_variant
665,TXN_000665,merchant_name_variant
668,TXN_000668,inconsistent_date_format
668,TXN_000668,merchant_name_variant
668,TXN_000668,amount_format_variant
669,TXN_000669,inconsistent_date_format
669,TXN_000669,merchant_name_variant
670,TXN_000670,amount_format_variant
671,TXN_000671,inconsistent_date_format
671,TXN_000671,merchant_name_variant
671,TXN_000671,amount_format_variant
671,TXN_000671,time_format_variant
672,TXN_000672,merchant_name_variant
673,TXN_000673,merchant_name_variant
673,TXN_000673,time_format_variant
674,TXN_000674,time_format_variant
674,TXN_000674,country_label_variant
675,TXN_000675,inconsistent_date_format
675,TXN_000675,missing_location
677,TXN_000677,merchant_name_variant
677,TXN_000677,category_label_variant
678,TXN_000678,time_format_variant
679,TXN_000679,inconsistent_date_format
679,TXN_000679,amount_format_variant
680,TXN_000680,merchant_name_variant
680-dup,TXN_000680,duplicate_row
681,TXN_000681,inconsistent_date_format
681,TXN_000681,category_label_variant
682,TXN_000682,inconsistent_date_format
682,TXN_000682,merchant_name_variant
682,TXN_000682,time_format_variant
683,TXN_000683,merchant_name_variant
683,TXN_000683,time_format_variant
686,TXN_000686,inconsistent_date_format
686,TXN_000686,amount_format_variant
687,TXN_000687,merchant_name_variant
687,TXN_000687,category_label_variant
688,TXN_000688,merchant_name_variant
688,TXN_000688,amount_format_variant
688,TXN_000688,description_typo
689,TXN_000689,merchant_name_variant
690,TXN_000690,merchant_name_variant
691,TXN_000691,merchant_name_variant
691,TXN_000691,inconsistent_date_format
691,TXN_000691,amount_format_variant
692,TXN_000692,inconsistent_date_format
692,TXN_000692,time_format_variant
693,TXN_000693,inconsistent_date_format
693,TXN_000693,merchant_name_variant
694,TXN_000694,merchant_name_variant
695,TXN_000695,amount_format_variant
696,TXN_000696,merchant_name_variant
696,TXN_000696,amount_format_variant
697,TXN_000697,inconsistent_date_format
697,TXN_000697,merchant_name_variant
697,TXN_000697,amount_format_variant
697,TXN_000697,time_format_variant
698,TXN_000698,inconsistent_date_format
698,TXN_000698,category_label_variant
698,TXN_000698,time_format_variant
698,TXN_000698,country_label_variant
699,TXN_000699,inconsistent_date_format
699,TXN_000699,merchant_name_variant
700,TXN_000700,inconsistent_date_format
700,TXN_000700,amount_format_variant
700,TXN_000700,card_present_format_variant
701,TXN_000701,category_label_variant
702,TXN_000702,inconsistent_date_format
702,TXN_000702,merchant_name_variant
703,TXN_000703,inconsistent_date_format
703,TXN_000703,merchant_name_variant
703,TXN_000703,amount_format_variant
703,TXN_000703,time_format_variant
704,TXN_000704,amount_format_variant
705,TXN_000705,inconsistent_date_format
705,TXN_000705,amount_format_variant
705,TXN_000705,extra_trailing_field
706,TXN_000706,inconsistent_date_format
707,TXN_000707,inconsistent_date_format
708,TXN_000708,inconsistent_date_format
708,TXN_000708,amount_format_variant
708,TXN_000708,category_label_variant
708,TXN_000708,time_format_variant
709,TXN_000709,time_format_variant
710,TXN_000710,inconsistent_date_format
711,TXN_000711,inconsistent_date_format
711,TXN_000711,amount_format_variant
712,TXN_000712,merchant_name_variant
713,TXN_000713,category_label_variant
714,TXN_000714,amount_format_variant
715,TXN_000715,amount_format_variant
715,TXN_000715,card_present_format_variant
716,TXN_000716,merchant_name_variant
716,TXN_000716,amount_format_variant
716,TXN_000716,time_format_variant
717,TXN_000717,amount_format_variant
718,TXN_000718,inconsistent_date_format
718,TXN_000718,amount_format_variant
719,TXN_000719,merchant_name_variant
719,TXN_000719,amount_format_variant
720,TXN_000720,merchant_name_variant
721,TXN_000721,inconsistent_date_format
722,TXN_000722,inconsistent_date_format
723,TXN_000723,amount_format_variant
723,TXN_000723,time_format_variant
724,TXN_000724,inconsistent_date_format
725,TXN_000725,amount_format_variant
725,TXN_000725,time_format_variant
726,TXN_000726,inconsistent_date_format
727,TXN_000727,inconsistent_date_format
727,TXN_000727,amount_format_variant
728,TXN_000728,time_format_variant
729,TXN_000729,inconsistent_date_format
729,TXN_000729,merchant_name_variant
730,TXN_000730,inconsistent_date_format
731,TXN_000731,amount_format_variant
732,TXN_000732,amount_format_variant
732,TXN_000732,time_format_variant
735,TXN_000735,merchant_name_variant
736,TXN_000736,amount_format_variant
736,TXN_000736,card_present_format_variant
737,TXN_000737,inconsistent_date_format
737,TXN_000737,merchant_name_variant
737,TXN_000737,country_label_variant
739,TXN_000739,category_label_variant
739,TXN_000739,time_format_variant
740,TXN_000740,inconsistent_date_format
740,TXN_000740,amount_format_variant
743,TXN_000743,card_present_format_variant
744,TXN_000744,merchant_name_variant
744,TXN_000744,amount_format_variant
745,TXN_000745,merchant_name_variant
746,TXN_000746,amount_format_variant
746,TXN_000746,time_format_variant
748,TXN_000748,inconsistent_date_format
748,TXN_000748,amount_format_variant
750,TXN_000750,amount_format_variant
750,TXN_000750,time_format_variant
751,TXN_000751,merchant_name_variant
752,TXN_000752,inconsistent_date_format
752,TXN_000752,category_label_variant
753,TXN_000753,inconsistent_date_format
753,TXN_000753,amount_format_variant
753,TXN_000753,card_present_format_variant
754,TXN_000754,amount_format_variant
755,TXN_000755,merchant_name_variant
755,TXN_000755,amount_format_variant
756,TXN_000756,inconsistent_date_format
756,TXN_000756,amount_format_variant
756,TXN_000756,time_format_variant
757,TXN_000757,inconsistent_date_format
757,TXN_000757,amount_format_variant
759,TXN_000759,merchant_name_variant
760,TXN_000760,inconsistent_date_format
760,TXN_000760,description_typo
761,TXN_000761,time_format_variant
762,TXN_000762,inconsistent_date_format
762,TXN_000762,merchant_name_variant
762,TXN_000762,card_present_format_variant
763,TXN_000763,amount_format_variant
766,TXN_000766,merchant_name_variant
766,TXN_000766,amount_format_variant
766,TXN_000766,category_label_variant
766,TXN_000766,time_format_variant
766,TXN_000766,card_present_format_variant
767,TXN_000767,merchant_name_variant
768,TXN_000768,time_format_variant
769,TXN_000769,inconsistent_date_format
769,TXN_000769,merchant_name_variant
769,TXN_000769,amount_format_variant
770,TXN_000770,inconsistent_date_format
772,TXN_000772,merchant_name_variant
772,TXN_000772,amount_format_variant
773,TXN_000773,inconsistent_date_format
773,TXN_000773,amount_format_variant
773,TXN_000773,time_format_variant
774,TXN_000774,merchant_name_variant
775,TXN_000775,category_label_variant
775,TXN_000775,amount_format_variant
777,TXN_000777,inconsistent_date_format
777,TXN_000777,merchant_name_variant
777,TXN_000777,amount_format_variant
779,TXN_000779,amount_format_variant
781,TXN_000781,merchant_name_variant
782,TXN_000782,amount_format_variant
783,TXN_000783,inconsistent_date_format
783,TXN_000783,merchant_name_variant
784,TXN_000784,merchant_name_variant
785,TXN_000785,inconsistent_date_format
785,TXN_000785,amount_format_variant
785,TXN_000785,time_format_variant
786,TXN_000786,inconsistent_date_format
786,TXN_000786,merchant_name_variant
786,TXN_000786,amount_format_variant
786,TXN_000786,category_label_variant
787,TXN_000787,inconsistent_date_format
790,TXN_000790,inconsistent_date_format
791,TXN_000791,country_label_variant
792,TXN_000792,inconsistent_date_format
793,TXN_000793,inconsistent_date_format
793,TXN_000793,time_format_variant
794,TXN_000794,inconsistent_date_format
796,TXN_000796,inconsistent_date_format
796,TXN_000796,missing_location
801,TXN_000801,time_format_variant
803,TXN_000803,amount_format_variant
804,TXN_000804,category_label_variant
805,TXN_000805,inconsistent_date_format
805,TXN_000805,amount_format_variant
807,TXN_000807,category_label_variant
808,TXN_000808,inconsistent_date_format
808,TXN_000808,amount_format_variant
809,TXN_000809,inconsistent_date_format
811,TXN_000811,amount_format_variant
811,TXN_000811,missing_location
811,TXN_000811,country_label_variant
813,TXN_000813,inconsistent_date_format
814,TXN_000814,inconsistent_date_format
814,TXN_000814,amount_format_variant
815,TXN_000815,merchant_name_variant
815,TXN_000815,amount_format_variant
816,TXN_000816,inconsistent_date_format
816,TXN_000816,card_present_format_variant
818,TXN_000818,inconsistent_date_format
818,TXN_000818,amount_format_variant
819,TXN_000819,category_label_variant
820,TXN_000820,merchant_name_variant
820,TXN_000820,amount_format_variant
821,TXN_000821,merchant_name_variant
821,TXN_000821,category_label_variant
822,TXN_000822,merchant_name_variant
822,TXN_000822,amount_format_variant
823,TXN_000823,merchant_name_variant
824,TXN_000824,amount_format_variant
825,TXN_000825,inconsistent_date_format
825,TXN_000825,amount_format_variant
827,TXN_000827,inconsistent_date_format
827,TXN_000827,amount_format_variant
827,TXN_000827,time_format_variant
828,TXN_000828,inconsistent_date_format
828,TXN_000828,amount_format_variant
829,TXN_000829,merchant_name_variant
830,TXN_000830,inconsistent_date_format
830,TXN_000830,merchant_name_variant
830,TXN_000830,category_label_variant
831,TXN_000831,inconsistent_date_format
831,TXN_000831,country_label_variant
832,TXN_000832,time_format_variant
833,TXN_000833,inconsistent_date_format
834,TXN_000834,inconsistent_date_format
834,TXN_000834,amount_format_variant
835,TXN_000835,category_label_variant
835,TXN_000835,country_label_variant
836,TXN_000836,inconsistent_date_format
836,TXN_000836,merchant_name_variant
836,TXN_000836,category_label_variant
837,TXN_000837,amount_format_variant
837,TXN_000837,time_format_variant
838,TXN_000838,merchant_name_variant
841,TXN_000841,inconsistent_date_format
841,TXN_000841,description_typo
841,TXN_000841,country_label_variant
842,TXN_000842,inconsistent_date_format
842,TXN_000842,amount_format_variant
844,TXN_000844,inconsistent_date_format
845,TXN_000845,merchant_name_variant
846,TXN_000846,inconsistent_date_format
849,TXN_000849,inconsistent_date_format
849,TXN_000849,merchant_name_variant
849,TXN_000849,time_format_variant
850,TXN_000850,inconsistent_date_format
850,TXN_000850,merchant_name_variant
850,TXN_000850,category_label_variant
851,TXN_000851,merchant_name_variant
851,TXN_000851,category_label_variant
852,TXN_000852,merchant_name_variant
852,TXN_000852,amount_format_variant
853,TXN_000853,merchant_name_variant
853,TXN_000853,card_present_format_variant
854,TXN_000854,amount_format_variant
854,TXN_000854,country_label_variant
855,TXN_000855,inconsistent_date_format
855,TXN_000855,merchant_name_variant
855,TXN_000855,amount_format_variant
855,TXN_000855,card_present_format_variant
856,TXN_000856,inconsistent_date_format
856,TXN_000856,time_format_variant
857,TXN_000857,merchant_name_variant
857,TXN_000857,amount_format_variant
858,TXN_000858,merchant_name_variant
858,TXN_000858,card_present_format_variant
860,TXN_000860,merchant_name_variant
860,TXN_000860,category_label_variant
861,TXN_000861,inconsistent_date_format
862,TXN_000862,inconsistent_date_format
863,TXN_000863,inconsistent_date_format
864,TXN_000864,inconsistent_date_format
864,TXN_000864,country_label_variant
865,TXN_000865,merchant_name_variant
865,TXN_000865,amount_format_variant
867,TXN_000867,inconsistent_date_format
867,TXN_000867,merchant_name_variant
868,TXN_000868,category_label_variant
868,TXN_000868,card_present_format_variant
869,TXN_000869,merchant_name_variant
869,TXN_000869,card_present_format_variant
870,TXN_000870,amount_format_variant
871,TXN_000871,inconsistent_date_format
872,TXN_000872,merchant_name_variant
873,TXN_000873,inconsistent_date_format
874,TXN_000874,card_present_format_variant
875,TXN_000875,time_format_variant
876,TXN_000876,merchant_name_variant
876,TXN_000876,category_label_variant
877,TXN_000877,merchant_name_variant
877,TXN_000877,amount_format_variant
877,TXN_000877,country_label_variant
878,TXN_000878,merchant_name_variant
878,TXN_000878,amount_format_variant
878,TXN_000878,merged_fields_wrong_column_count
878,TXN_000878,card_present_format_variant
880,TXN_000880,time_format_variant
881,TXN_000881,inconsistent_date_format
881,TXN_000881,card_present_format_variant
882,TXN_000882,amount_format_variant
882,TXN_000882,time_format_variant
883,TXN_000883,inconsistent_date_format
883,TXN_000883,amount_format_variant
883,TXN_000883,time_format_variant
884,TXN_000884,inconsistent_date_format
884,TXN_000884,amount_format_variant
885,TXN_000885,time_format_variant
886,TXN_000886,amount_format_variant
886,TXN_000886,time_format_variant
887,TXN_000887,amount_format_variant
887,TXN_000887,time_format_variant
888,TXN_000888,inconsistent_date_format
888,TXN_000888,merchant_name_variant
889,TXN_000889,inconsistent_date_format
889,TXN_000889,merchant_name_variant
890,TXN_000890,amount_format_variant
890,TXN_000890,category_label_variant
890,TXN_000890,card_present_format_variant
891,TXN_000891,merchant_name_variant
892,TXN_000892,inconsistent_date_format
892,TXN_000892,merchant_name_variant
892,TXN_000892,category_label_variant
892,TXN_000892,card_present_format_variant
893,TXN_000893,merchant_name_variant
894,TXN_000894,merchant_name_variant
894,TXN_000894,category_label_variant
896,TXN_000896,inconsistent_date_format
896,TXN_000896,amount_format_variant
896,TXN_000896,time_format_variant
897,TXN_000897,merchant_name_variant
897,TXN_000897,time_format_variant
898,TXN_000898,time_format_variant
899,TXN_000899,merchant_name_variant
900,TXN_000900,amount_format_variant
901,TXN_000901,inconsistent_date_format
901,TXN_000901,amount_format_variant
901,TXN_000901,missing_location
902,TXN_000902,inconsistent_date_format
902,TXN_000902,time_format_variant
903,TXN_000903,category_label_variant
904,TXN_000904,time_format_variant
905,TXN_000905,inconsistent_date_format
905,TXN_000905,amount_format_variant
906,TXN_000906,merchant_name_variant
906,TXN_000906,amount_format_variant
906,TXN_000906,country_label_variant
907,TXN_000907,inconsistent_date_format
909,TXN_000909,inconsistent_date_format
910,TXN_000910,merchant_name_variant
910,TXN_000910,amount_format_variant
910,TXN_000910,category_label_variant
910,TXN_000910,card_present_format_variant
913,TXN_000913,merchant_name_variant
916,TXN_000916,merchant_name_variant
916,TXN_000916,category_label_variant
916,TXN_000916,inconsistent_date_format
916,TXN_000916,amount_format_variant
916,TXN_000916,time_format_variant
917,TXN_000917,inconsistent_date_format
918,TXN_000918,merchant_name_variant
919,TXN_000919,inconsistent_date_format
919,TXN_000919,merchant_name_variant
919,TXN_000919,amount_format_variant
919,TXN_000919,time_format_variant
920,TXN_000920,amount_format_variant
921,TXN_000921,amount_format_variant
922,TXN_000922,amount_format_variant
922,TXN_000922,time_format_variant
923,TXN_000923,inconsistent_date_format
923,TXN_000923,time_format_variant
924,TXN_000924,amount_format_variant
924,TXN_000924,card_present_format_variant
926,TXN_000926,inconsistent_date_format
926,TXN_000926,missing_merchant
927,TXN_000927,amount_format_variant
928,TXN_000928,amount_format_variant
928,TXN_000928,truncated_row_missing_fields
929,TXN_000929,merchant_name_variant
930,TXN_000930,category_label_variant
931,TXN_000931,merchant_name_variant
932,TXN_000932,amount_format_variant
933,TXN_000933,merchant_name_variant
934,TXN_000934,inconsistent_date_format
935,TXN_000935,inconsistent_date_format
935,TXN_000935,country_label_variant
937,TXN_000937,inconsistent_date_format
937,TXN_000937,merchant_name_variant
938,TXN_000938,inconsistent_date_format
938,TXN_000938,amount_format_variant
938-dup,TXN_000938,duplicate_row
939,TXN_000939,inconsistent_date_format
939,TXN_000939,amount_format_variant
939,TXN_000939,time_format_variant
940,TXN_000940,inconsistent_date_format
940,TXN_000940,amount_format_variant
940,TXN_000940,time_format_variant
940,TXN_000940,card_present_format_variant
941,TXN_000941,amount_format_variant
941,TXN_000941,category_label_variant
942,TXN_000942,inconsistent_date_format
942,TXN_000942,merchant_name_variant
942,TXN_000942,amount_format_variant
943,TXN_000943,merchant_name_variant
943,TXN_000943,amount_format_variant
944,TXN_000944,amount_format_variant
945,TXN_000945,time_format_variant
946,TXN_000946,inconsistent_date_format
947,TXN_000947,card_present_format_variant
948,TXN_000948,inconsistent_date_format
951,TXN_000951,inconsistent_date_format
951,TXN_000951,amount_format_variant
952,TXN_000952,inconsistent_date_format
952,TXN_000952,merchant_name_variant
952,TXN_000952,card_present_format_variant
954,TXN_000954,inconsistent_date_format
954,TXN_000954,card_present_format_variant
955,TXN_000955,inconsistent_date_format
955,TXN_000955,amount_format_variant
956,TXN_000956,amount_format_variant
956,TXN_000956,time_format_variant
957,TXN_000957,merchant_name_variant
958,TXN_000958,amount_format_variant
960,TXN_000960,category_label_variant
960,TXN_000960,amount_format_variant
961,TXN_000961,amount_format_variant
962,TXN_000962,inconsistent_date_format
962,TXN_000962,merchant_name_variant
963,TXN_000963,inconsistent_date_format
963,TXN_000963,amount_format_variant
964,TXN_000964,amount_format_variant
964,TXN_000964,time_format_variant
967,TXN_000967,card_present_format_variant
968,TXN_000968,inconsistent_date_format
969,TXN_000969,inconsistent_date_format
969,TXN_000969,amount_format_variant
970,TXN_000970,inconsistent_date_format
972,TXN_000972,country_label_variant
973,TXN_000973,merchant_name_variant
974,TXN_000974,merchant_name_variant
974,TXN_000974,amount_format_variant
974,TXN_000974,time_format_variant
975,TXN_000975,amount_format_variant
978,TXN_000978,amount_format_variant
980,TXN_000980,amount_format_variant
980,TXN_000980,time_format_variant
981,TXN_000981,inconsistent_date_format
981,TXN_000981,merchant_name_variant
981,TXN_000981,card_present_format_variant
982,TXN_000982,time_format_variant
985,TXN_000985,inconsistent_date_format
985,TXN_000985,time_format_variant
988,TXN_000988,merchant_name_variant
988,TXN_000988,category_label_variant
988,TXN_000988,amount_format_variant
990,TXN_000990,inconsistent_date_format
990,TXN_000990,card_present_format_variant
992,TXN_000992,merchant_name_variant
992,TXN_000992,amount_format_variant
993,TXN_000993,inconsistent_date_format
993,TXN_000993,time_format_variant
994,TXN_000994,merchant_name_variant
994,TXN_000994,amount_format_variant
994,TXN_000994,country_label_variant
996,TXN_000996,inconsistent_date_format
996,TXN_000996,merchant_name_variant
997,TXN_000997,inconsistent_date_format
997,TXN_000997,merchant_name_variant
998,TXN_000998,inconsistent_date_format
998,TXN_000998,merchant_name_variant
998,TXN_000998,amount_format_variant
998,TXN_000998,category_label_variant
999,TXN_000999,merchant_name_variant
999,TXN_000999,amount_format_variant
1001,TXN_001001,amount_format_variant
1002,TXN_001002,inconsistent_date_format
1002,TXN_001002,time_format_variant
1002,TXN_001002,card_present_format_variant
1003,TXN_001003,inconsistent_date_format
1003,TXN_001003,amount_format_variant
1004,TXN_001004,inconsistent_date_format
1004,TXN_001004,amount_format_variant
1004,TXN_001004,time_format_variant
1005,TXN_001005,merchant_name_variant
1006,TXN_001006,merchant_name_variant
1008,TXN_001008,card_present_format_variant
1009,TXN_001009,merchant_name_variant
1009,TXN_001009,amount_format_variant
1009,TXN_001009,card_present_format_variant
1011,TXN_001011,inconsistent_date_format
1012,TXN_001012,inconsistent_date_format
1012,TXN_001012,country_label_variant
1013,TXN_001013,inconsistent_date_format
1014,TXN_001014,inconsistent_date_format
1014,TXN_001014,amount_format_variant
1015,TXN_001015,merchant_name_variant
1016,TXN_001016,inconsistent_date_format
1016,TXN_001016,amount_format_variant
1017,TXN_001017,merchant_name_variant
1017,TXN_001017,amount_format_variant
1018,TXN_001018,amount_format_variant
1019,TXN_001019,inconsistent_date_format
1020,TXN_001020,inconsistent_date_format
1020,TXN_001020,merchant_name_variant
1020,TXN_001020,amount_format_variant
1021,TXN_001021,inconsistent_date_format
1021,TXN_001021,merchant_name_variant
1021,TXN_001021,country_label_variant
1023,TXN_001023,inconsistent_date_format
1023,TXN_001023,amount_format_variant
1023,TXN_001023,category_label_variant
1024,TXN_001024,amount_format_variant
1025,TXN_001025,amount_format_variant
1026,TXN_001026,merchant_name_variant
1027,TXN_001027,amount_format_variant
1027,TXN_001027,category_label_variant
1028,TXN_001028,time_format_variant
1029,TXN_001029,inconsistent_date_format
1029,TXN_001029,merchant_name_variant
1030,TXN_001030,merchant_name_variant
1030,TXN_001030,amount_format_variant
1031,TXN_001031,time_format_variant
1032,TXN_001032,inconsistent_date_format
1033,TXN_001033,amount_format_variant
1034,TXN_001034,inconsistent_date_format
1035,TXN_001035,inconsistent_date_format
1035,TXN_001035,amount_format_variant
1036,TXN_001036,merchant_name_variant
1036,TXN_001036,time_format_variant
1037,TXN_001037,inconsistent_date_format
1037,TXN_001037,merchant_name_variant
1038,TXN_001038,inconsistent_date_format
1038,TXN_001038,card_present_format_variant
1039,TXN_001039,inconsistent_date_format
1039,TXN_001039,merchant_name_variant
1039,TXN_001039,amount_format_variant
1039,TXN_001039,time_format_variant
1039,TXN_001039,card_present_format_variant
1040,TXN_001040,merchant_name_variant
1040,TXN_001040,category_label_variant
1041,TXN_001041,inconsistent_date_format
1041,TXN_001041,merchant_name_variant
1042,TXN_001042,inconsistent_date_format
1042,TXN_001042,amount_format_variant
1043,TXN_001043,inconsistent_date_format
1044,TXN_001044,merged_fields_wrong_column_count
1044,TXN_001044,time_format_variant
1045,TXN_001045,inconsistent_date_format
1045,TXN_001045,merchant_name_variant
1045,TXN_001045,amount_format_variant
1046,TXN_001046,merchant_name_variant
1047,TXN_001047,time_format_variant
1048,TXN_001048,amount_format_variant
1049,TXN_001049,inconsistent_date_format
1049,TXN_001049,merchant_name_variant
1050,TXN_001050,inconsistent_date_format
1050,TXN_001050,amount_format_variant
1051,TXN_001051,inconsistent_date_format
1052,TXN_001052,inconsistent_date_format
1053,TXN_001053,amount_format_variant
1054,TXN_001054,inconsistent_date_format
1054,TXN_001054,merchant_name_variant
1054,TXN_001054,category_label_variant
1054,TXN_001054,time_format_variant
1055,TXN_001055,inconsistent_date_format
1055,TXN_001055,merchant_name_variant
1056,TXN_001056,inconsistent_date_format
1056,TXN_001056,merchant_name_variant
1056,TXN_001056,amount_format_variant
1057,TXN_001057,merchant_name_variant
1057,TXN_001057,amount_format_variant
1058,TXN_001058,amount_format_variant
1059,TXN_001059,inconsistent_date_format
1059,TXN_001059,category_label_variant
1060,TXN_001060,time_format_variant
1061,TXN_001061,merchant_name_variant
1061,TXN_001061,amount_format_variant
1061,TXN_001061,category_label_variant
1061,TXN_001061,time_format_variant
1062,TXN_001062,merchant_name_variant
1062,TXN_001062,inconsistent_date_format
1062,TXN_001062,time_format_variant
1064,TXN_001064,amount_format_variant
1065,TXN_001065,inconsistent_date_format
1066,TXN_001066,merchant_name_variant
1066,TXN_001066,amount_format_variant
1067,TXN_001067,time_format_variant
1068,TXN_001068,inconsistent_date_format
1068,TXN_001068,amount_format_variant
1068,TXN_001068,time_format_variant
1069,TXN_001069,merchant_name_variant
1070,TXN_001070,merchant_name_variant
1071,TXN_001071,inconsistent_date_format
1072,TXN_001072,time_format_variant
1073,TXN_001073,merchant_name_variant
1073,TXN_001073,amount_format_variant
1073,TXN_001073,category_label_variant
1074,TXN_001074,inconsistent_date_format
1075,TXN_001075,inconsistent_date_format
1075,TXN_001075,amount_format_variant
1076,TXN_001076,amount_format_variant
1077,TXN_001077,inconsistent_date_format
1077,TXN_001077,merchant_name_variant
1078,TXN_001078,amount_format_variant
1079,TXN_001079,amount_format_variant
1079,TXN_001079,time_format_variant
1080,TXN_001080,inconsistent_date_format
1082,TXN_001082,merchant_name_variant
1082,TXN_001082,card_present_format_variant
1083,TXN_001083,inconsistent_date_format
1084,TXN_001084,inconsistent_date_format
1085,TXN_001085,inconsistent_date_format
1085,TXN_001085,time_format_variant
1087,TXN_001087,merchant_name_variant
1087,TXN_001087,amount_format_variant
1087,TXN_001087,category_label_variant
1089,TXN_001089,inconsistent_date_format
1089,TXN_001089,merchant_name_variant
1091,TXN_001091,merchant_name_variant
1091,TXN_001091,time_format_variant
1093,TXN_001093,category_label_variant
1094,TXN_001094,inconsistent_date_format
1095,TXN_001095,amount_format_variant
1095,TXN_001095,time_format_variant
1096,TXN_001096,inconsistent_date_format
1097,TXN_001097,amount_format_variant
1098,TXN_001098,inconsistent_date_format
1098,TXN_001098,merchant_name_variant
1098,TXN_001098,description_typo
1099,TXN_001099,merchant_name_variant
1099,TXN_001099,time_format_variant
1100,TXN_001100,merchant_name_variant
1101,TXN_001101,category_label_variant
1101,TXN_001101,inconsistent_date_format
1101,TXN_001101,amount_format_variant
1102,TXN_001102,inconsistent_date_format
1102,TXN_001102,amount_format_variant
1103,TXN_001103,merchant_name_variant
1103,TXN_001103,amount_format_variant
1104,TXN_001104,inconsistent_date_format
1104,TXN_001104,amount_format_variant
1105,TXN_001105,inconsistent_date_format
1107,TXN_001107,missing_location
1107,TXN_001107,time_format_variant
1107,TXN_001107,country_label_variant
1108,TXN_001108,amount_format_variant
1108,TXN_001108,time_format_variant
1110,TXN_001110,amount_format_variant
1111,TXN_001111,inconsistent_date_format
1111,TXN_001111,merchant_name_variant
1112,TXN_001112,inconsistent_date_format
1112,TXN_001112,merchant_name_variant
1113,TXN_001113,merchant_name_variant
1113,TXN_001113,amount_format_variant
1115,TXN_001115,amount_format_variant
1116,TXN_001116,merchant_name_variant
1116,TXN_001116,amount_format_variant
1118,TXN_001118,inconsistent_date_format
1118,TXN_001118,amount_format_variant
1119,TXN_001119,inconsistent_date_format
1119,TXN_001119,missing_location
1120,TXN_001120,inconsistent_date_format
1120,TXN_001120,merchant_name_variant
1121,TXN_001121,amount_format_variant
1121,TXN_001121,card_present_format_variant
1122,TXN_001122,country_label_variant
1123,TXN_001123,inconsistent_date_format
1126,TXN_001126,amount_format_variant
1126,TXN_001126,country_label_variant
1126,TXN_001126,card_present_format_variant
1127,TXN_001127,inconsistent_date_format
1128,TXN_001128,amount_format_variant
1129,TXN_001129,inconsistent_date_format
1129,TXN_001129,amount_format_variant
1129,TXN_001129,country_label_variant
1130,TXN_001130,merchant_name_variant
1130,TXN_001130,amount_format_variant
1131,TXN_001131,merchant_name_variant
1131,TXN_001131,amount_format_variant
1132,TXN_001132,amount_format_variant
1134,TXN_001134,merchant_name_variant
1134,TXN_001134,time_format_variant
1134,TXN_001134,card_present_format_variant
1135,TXN_001135,inconsistent_date_format
1135,TXN_001135,amount_format_variant
1135,TXN_001135,merged_fields_wrong_column_count
1136,TXN_001136,inconsistent_date_format
1137,TXN_001137,inconsistent_date_format
1137,TXN_001137,amount_format_variant
1138,TXN_001138,inconsistent_date_format
1139,TXN_001139,inconsistent_date_format
1140,TXN_001140,inconsistent_date_format
1140,TXN_001140,merchant_name_variant
1141,TXN_001141,inconsistent_date_format
1141,TXN_001141,merchant_name_variant
1143,TXN_001143,merchant_name_variant
1143,TXN_001143,amount_format_variant
1144,TXN_001144,inconsistent_date_format
1144,TXN_001144,amount_format_variant
1145,TXN_001145,inconsistent_date_format
1145,TXN_001145,merchant_name_variant
1146,TXN_001146,merchant_name_variant
1146,TXN_001146,amount_format_variant
1146,TXN_001146,time_format_variant
1147,TXN_001147,inconsistent_date_format
1147,TXN_001147,merchant_name_variant
1147,TXN_001147,amount_format_variant
1147,TXN_001147,time_format_variant
1148,TXN_001148,amount_format_variant
1149,TXN_001149,amount_format_variant
1150,TXN_001150,merchant_name_variant
1151,TXN_001151,merchant_name_variant
1152,TXN_001152,inconsistent_date_format
1152,TXN_001152,merchant_name_variant
1153,TXN_001153,inconsistent_date_format
1154,TXN_001154,inconsistent_date_format
1156,TXN_001156,merchant_name_variant
1156,TXN_001156,amount_format_variant
1157,TXN_001157,card_present_format_variant
1158,TXN_001158,merchant_name_variant
1158,TXN_001158,amount_format_variant
1159,TXN_001159,inconsistent_date_format
1159,TXN_001159,merchant_name_variant
1159,TXN_001159,amount_format_variant
1159,TXN_001159,country_label_variant
1160,TXN_001160,inconsistent_date_format
1160,TXN_001160,merchant_name_variant
1160,TXN_001160,amount_format_variant
1161,TXN_001161,inconsistent_date_format
1161,TXN_001161,amount_format_variant
1162,TXN_001162,merchant_name_variant
1164,TXN_001164,missing_category
1165,TXN_001165,inconsistent_date_format
1165,TXN_001165,merchant_name_variant
1169,TXN_001169,inconsistent_date_format
1169,TXN_001169,merchant_name_variant
1169,TXN_001169,amount_format_variant
1170,TXN_001170,merchant_name_variant
1171,TXN_001171,merchant_name_variant
1172,TXN_001172,amount_format_variant
1173,TXN_001173,merchant_name_variant
1174,TXN_001174,inconsistent_date_format
1175,TXN_001175,inconsistent_date_format
1175,TXN_001175,category_label_variant
1176,TXN_001176,inconsistent_date_format
1176,TXN_001176,merchant_name_variant
1176,TXN_001176,amount_format_variant
1176,TXN_001176,category_label_variant
1177,TXN_001177,inconsistent_date_format
1178,TXN_001178,inconsistent_date_format
1178,TXN_001178,country_label_variant
1179,TXN_001179,time_format_variant
1180,TXN_001180,inconsistent_date_format
1180,TXN_001180,merchant_name_variant
1180,TXN_001180,missing_location
1181,TXN_001181,amount_format_variant
1181,TXN_001181,category_label_variant
1182,TXN_001182,merchant_name_variant
1182,TXN_001182,amount_format_variant
1183,TXN_001183,inconsistent_date_format
1184,TXN_001184,country_label_variant
1185,TXN_001185,merchant_name_variant
1185,TXN_001185,category_label_variant
1187,TXN_001187,inconsistent_date_format
1188,TXN_001188,amount_format_variant
1189,TXN_001189,inconsistent_date_format
1189,TXN_001189,merchant_name_variant
1189,TXN_001189,category_label_variant
1190,TXN_001190,merchant_name_variant
1191,TXN_001191,inconsistent_date_format
1191,TXN_001191,merchant_name_variant
1192,TXN_001192,inconsistent_date_format
1193,TXN_001193,merchant_name_variant
1193,TXN_001193,time_format_variant
1194,TXN_001194,amount_format_variant
1195,TXN_001195,inconsistent_date_format
1196,TXN_001196,inconsistent_date_format
1196,TXN_001196,category_label_variant
1196,TXN_001196,time_format_variant
1196,TXN_001196,country_label_variant
1197,TXN_001197,inconsistent_date_format
1197,TXN_001197,category_label_variant
1197,TXN_001197,country_label_variant
1198,TXN_001198,amount_format_variant
1198,TXN_001198,card_present_format_variant
1199,TXN_001199,inconsistent_date_format
1199,TXN_001199,merchant_name_variant
1199,TXN_001199,amount_format_variant
1199,TXN_001199,time_format_variant
1200,TXN_001200,merchant_name_variant
1200,TXN_001200,time_format_variant
1200,TXN_001200,country_label_variant
1201,TXN_001201,merchant_name_variant
1201,TXN_001201,amount_format_variant
1202,TXN_001202,inconsistent_date_format
1204,TXN_001204,merchant_name_variant
1204,TXN_001204,inconsistent_date_format
1205,TXN_001205,inconsistent_date_format
1205,TXN_001205,card_present_format_variant
1206,TXN_001206,merchant_name_variant
1207,TXN_001207,inconsistent_date_format
1207,TXN_001207,time_format_variant
1207,TXN_001207,card_present_format_variant
1208,TXN_001208,inconsistent_date_format
1208,TXN_001208,amount_format_variant
1209,TXN_001209,amount_format_variant
1209,TXN_001209,time_format_variant
1210,TXN_001210,inconsistent_date_format
1210,TXN_001210,amount_format_variant
1210,TXN_001210,category_label_variant
1211,TXN_001211,merchant_name_variant
1211,TXN_001211,amount_format_variant
1212,TXN_001212,merchant_name_variant
1212,TXN_001212,amount_format_variant
1213,TXN_001213,inconsistent_date_format
1213,TXN_001213,merchant_name_variant
1213,TXN_001213,amount_format_variant
1215,TXN_001215,inconsistent_date_format
1217,TXN_001217,inconsistent_date_format
1218,TXN_001218,inconsistent_date_format
1219,TXN_001219,inconsistent_date_format
1219,TXN_001219,country_label_variant
1220,TXN_001220,inconsistent_date_format
1220,TXN_001220,amount_format_variant
1221,TXN_001221,inconsistent_date_format
1223,TXN_001223,inconsistent_date_format
1224,TXN_001224,category_label_variant
1225,TXN_001225,merchant_name_variant
1225,TXN_001225,amount_format_variant
1227,TXN_001227,inconsistent_date_format
1227,TXN_001227,merchant_name_variant
1228,TXN_001228,time_format_variant
1229,TXN_001229,merchant_name_variant
1229,TXN_001229,card_present_format_variant
1230,TXN_001230,inconsistent_date_format
1230,TXN_001230,amount_format_variant
1232,TXN_001232,merchant_name_variant
1232,TXN_001232,card_present_format_variant
1233,TXN_001233,category_label_variant
1233,TXN_001233,country_label_variant
1235,TXN_001235,inconsistent_date_format
1235,TXN_001235,amount_format_variant
1235,TXN_001235,card_present_format_variant
1236,TXN_001236,inconsistent_date_format
1236,TXN_001236,merchant_name_variant
1236,TXN_001236,amount_format_variant
1236-dup,TXN_001236,duplicate_row
1237,TXN_001237,inconsistent_date_format
1237,TXN_001237,amount_format_variant
1239,TXN_001239,merchant_name_variant
1239,TXN_001239,amount_format_variant
1239,TXN_001239,category_label_variant
1239,TXN_001239,description_typo
1240,TXN_001240,inconsistent_date_format
1240,TXN_001240,amount_format_variant
1240,TXN_001240,category_label_variant
1241,TXN_001241,merchant_name_variant
1241,TXN_001241,inconsistent_date_format
1241,TXN_001241,amount_format_variant
1241,TXN_001241,country_label_variant
1242,TXN_001242,amount_format_variant
1243,TXN_001243,inconsistent_date_format
1243,TXN_001243,merchant_name_variant
1243,TXN_001243,card_present_format_variant
1244,TXN_001244,inconsistent_date_format
1244,TXN_001244,category_label_variant
1245,TXN_001245,inconsistent_date_format
1245,TXN_001245,amount_format_variant
1245,TXN_001245,time_format_variant
1246,TXN_001246,merchant_name_variant
1247,TXN_001247,time_format_variant
1248,TXN_001248,inconsistent_date_format
1248,TXN_001248,truncated_row_missing_fields
1250,TXN_001250,inconsistent_date_format
1250,TXN_001250,card_present_format_variant
1252,TXN_001252,inconsistent_date_format
1252,TXN_001252,time_format_variant
1252,TXN_001252,card_present_format_variant
1253,TXN_001253,inconsistent_date_format
1253,TXN_001253,amount_format_variant
1256,TXN_001256,inconsistent_date_format
1256,TXN_001256,merchant_name_variant
1256,TXN_001256,amount_format_variant
1256,TXN_001256,card_present_format_variant
1257,TXN_001257,inconsistent_date_format
1257,TXN_001257,time_format_variant
1258,TXN_001258,amount_format_variant
1259,TXN_001259,inconsistent_date_format
1259,TXN_001259,amount_format_variant
1260,TXN_001260,inconsistent_date_format
1263,TXN_001263,card_present_format_variant
1264,TXN_001264,category_label_variant
1265,TXN_001265,inconsistent_date_format
1265,TXN_001265,amount_format_variant
1266,TXN_001266,inconsistent_date_format
1267,TXN_001267,category_label_variant
1267,TXN_001267,inconsistent_date_format
1267,TXN_001267,time_format_variant
1268,TXN_001268,inconsistent_date_format
1268,TXN_001268,merchant_name_variant
1269,TXN_001269,inconsistent_date_format
1269,TXN_001269,country_label_variant
1270,TXN_001270,time_format_variant
1271,TXN_001271,amount_format_variant
1272,TXN_001272,amount_format_variant
1272,TXN_001272,time_format_variant
1273,TXN_001273,merchant_name_variant
1273,TXN_001273,amount_format_variant
1273,TXN_001273,missing_location
1273,TXN_001273,time_format_variant
1274,TXN_001274,amount_format_variant
1275,TXN_001275,inconsistent_date_format
1275,TXN_001275,category_label_variant
1275,TXN_001275,time_format_variant
1276,TXN_001276,merchant_name_variant
1276,TXN_001276,time_format_variant
1277,TXN_001277,category_label_variant
1277,TXN_001277,time_format_variant
1278,TXN_001278,inconsistent_date_format
1278,TXN_001278,amount_format_variant
1279,TXN_001279,amount_format_variant
1281,TXN_001281,merchant_name_variant
1281,TXN_001281,amount_format_variant
1281,TXN_001281,time_format_variant
1281,TXN_001281,country_label_variant
1282,TXN_001282,time_format_variant
1282,TXN_001282,card_present_format_variant
1283,TXN_001283,merchant_name_variant
1284,TXN_001284,merchant_name_variant
1285,TXN_001285,inconsistent_date_format
1288,TXN_001288,inconsistent_date_format
1288,TXN_001288,card_present_format_variant
1289,TXN_001289,inconsistent_date_format
1289,TXN_001289,merchant_name_variant
1289,TXN_001289,amount_format_variant
1291,TXN_001291,merchant_name_variant
1291,TXN_001291,amount_format_variant
1291,TXN_001291,time_format_variant
1293,TXN_001293,merchant_name_variant
1293,TXN_001293,amount_format_variant
1294,TXN_001294,inconsistent_date_format
1294,TXN_001294,category_label_variant
1295,TXN_001295,time_format_variant
1296,TXN_001296,inconsistent_date_format
1298,TXN_001298,inconsistent_date_format
1298,TXN_001298,amount_format_variant
1299,TXN_001299,inconsistent_date_format
1300,TXN_001300,inconsistent_date_format
1301,TXN_001301,time_format_variant
1302,TXN_001302,merchant_name_variant
1302,TXN_001302,time_format_variant
1303,TXN_001303,inconsistent_date_format
1304,TXN_001304,merchant_name_variant
1305,TXN_001305,country_label_variant
1306,TXN_001306,inconsistent_date_format
1306,TXN_001306,merchant_name_variant
1306,TXN_001306,amount_format_variant
1306,TXN_001306,category_label_variant
1306,TXN_001306,time_format_variant
1307,TXN_001307,inconsistent_date_format
1308,TXN_001308,merchant_name_variant
1309,TXN_001309,inconsistent_date_format
1309,TXN_001309,merchant_name_variant
1309,TXN_001309,amount_format_variant
1309,TXN_001309,truncated_row_missing_fields
1310,TXN_001310,amount_format_variant
1310,TXN_001310,merged_fields_wrong_column_count
1311,TXN_001311,inconsistent_date_format
1312,TXN_001312,country_label_variant
1315,TXN_001315,inconsistent_date_format
1315,TXN_001315,time_format_variant
1316,TXN_001316,inconsistent_date_format
1316,TXN_001316,merchant_name_variant
1316,TXN_001316,time_format_variant
1317,TXN_001317,inconsistent_date_format
1317,TXN_001317,time_format_variant
1318,TXN_001318,inconsistent_date_format
1319,TXN_001319,merchant_name_variant
1319,TXN_001319,inconsistent_date_format
1319,TXN_001319,amount_format_variant
1320,TXN_001320,inconsistent_date_format
1320,TXN_001320,truncated_row_missing_fields
1321,TXN_001321,inconsistent_date_format
1321,TXN_001321,amount_format_variant
1322,TXN_001322,merchant_name_variant
1322,TXN_001322,time_format_variant
1323,TXN_001323,missing_category
1325,TXN_001325,inconsistent_date_format
1326,TXN_001326,inconsistent_date_format
1326,TXN_001326,amount_format_variant
1326,TXN_001326,country_label_variant
1327,TXN_001327,inconsistent_date_format
1327,TXN_001327,amount_format_variant
1328,TXN_001328,amount_format_variant
1329,TXN_001329,inconsistent_date_format
1329,TXN_001329,merchant_name_variant
1329,TXN_001329,amount_format_variant
1330,TXN_001330,inconsistent_date_format
1330,TXN_001330,card_present_format_variant
1331,TXN_001331,merchant_name_variant
1331,TXN_001331,time_format_variant
1333,TXN_001333,merchant_name_variant
1333,TXN_001333,amount_format_variant
1333,TXN_001333,card_present_format_variant
1334,TXN_001334,inconsistent_date_format
1334,TXN_001334,merchant_name_variant
1335,TXN_001335,inconsistent_date_format
1335,TXN_001335,time_format_variant
1336,TXN_001336,merchant_name_variant
1337,TXN_001337,inconsistent_date_format
1339,TXN_001339,inconsistent_date_format
1339,TXN_001339,amount_format_variant
1339,TXN_001339,country_label_variant
1340,TXN_001340,merchant_name_variant
1340,TXN_001340,amount_format_variant
1340,TXN_001340,missing_category
1340,TXN_001340,time_format_variant
1342,TXN_001342,merchant_name_variant
1343,TXN_001343,merchant_name_variant
1344,TXN_001344,inconsistent_date_format
1345,TXN_001345,inconsistent_date_format
1345,TXN_001345,merchant_name_variant
1348,TXN_001348,time_format_variant
1349,TXN_001349,inconsistent_date_format
1350,TXN_001350,time_format_variant
1351,TXN_001351,inconsistent_date_format
1352,TXN_001352,time_format_variant
1352-dup,TXN_001352,duplicate_row
1353-dup,TXN_001353,duplicate_row
1355,TXN_001355,amount_format_variant
1356,TXN_001356,inconsistent_date_format
1356,TXN_001356,merchant_name_variant
1357,TXN_001357,inconsistent_date_format
1358,TXN_001358,inconsistent_date_format
1358,TXN_001358,merchant_name_variant
1359,TXN_001359,merchant_name_variant
1360,TXN_001360,card_present_format_variant
1361,TXN_001361,merchant_name_variant
1362,TXN_001362,amount_format_variant
1363,TXN_001363,inconsistent_date_format
1363,TXN_001363,category_label_variant
1365,TXN_001365,inconsistent_date_format
1365,TXN_001365,time_format_variant
1365,TXN_001365,country_label_variant
1366,TXN_001366,inconsistent_date_format
1366,TXN_001366,amount_format_variant
1366,TXN_001366,time_format_variant
1366,TXN_001366,country_label_variant
1367,TXN_001367,inconsistent_date_format
1367,TXN_001367,merchant_name_variant
1367,TXN_001367,amount_format_variant
1367,TXN_001367,time_format_variant
1368,TXN_001368,category_label_variant
1370,TXN_001370,amount_format_variant
1371,TXN_001371,merchant_name_variant
1371,TXN_001371,time_format_variant
1372,TXN_001372,inconsistent_date_format
1372,TXN_001372,merchant_name_variant
1374,TXN_001374,inconsistent_date_format
1374,TXN_001374,card_present_format_variant
1375,TXN_001375,amount_format_variant
1376,TXN_001376,amount_format_variant
1377,TXN_001377,inconsistent_date_format
1378,TXN_001378,amount_format_variant
1378,TXN_001378,time_format_variant
1379,TXN_001379,inconsistent_date_format
1380,TXN_001380,inconsistent_date_format
1380,TXN_001380,merchant_name_variant
1381,TXN_001381,inconsistent_date_format
1381,TXN_001381,amount_format_variant
1382,TXN_001382,merchant_name_variant
1383,TXN_001383,inconsistent_date_format
1383,TXN_001383,merchant_name_variant
1383,TXN_001383,amount_format_variant
1383,TXN_001383,missing_category
1384,TXN_001384,inconsistent_date_format
1386,TXN_001386,inconsistent_date_format
1387,TXN_001387,amount_format_variant
1387,TXN_001387,country_label_variant
1388,TXN_001388,inconsistent_date_format
1389,TXN_001389,inconsistent_date_format
1391,TXN_001391,inconsistent_date_format
1391,TXN_001391,category_label_variant
1391,TXN_001391,time_format_variant
1392,TXN_001392,inconsistent_date_format
1392,TXN_001392,merchant_name_variant
1393,TXN_001393,merchant_name_variant
1394,TXN_001394,merchant_name_variant
1394,TXN_001394,amount_format_variant
1394,TXN_001394,country_label_variant
1395,TXN_001395,category_label_variant
1397,TXN_001397,amount_format_variant
1398,TXN_001398,inconsistent_date_format
1398,TXN_001398,amount_format_variant
1399,TXN_001399,amount_format_variant
1400,TXN_001400,inconsistent_date_format
1401,TXN_001401,amount_format_variant
1402,TXN_001402,merchant_name_variant
1403,TXN_001403,inconsistent_date_format
1403,TXN_001403,merchant_name_variant
1403,TXN_001403,card_present_format_variant
1405,TXN_001405,merchant_name_variant
1405,TXN_001405,amount_format_variant
1407,TXN_001407,country_label_variant
1408,TXN_001408,time_format_variant
1408,TXN_001408,country_label_variant
1409,TXN_001409,inconsistent_date_format
1409,TXN_001409,amount_format_variant
1409,TXN_001409,category_label_variant
1409,TXN_001409,missing_category
1409,TXN_001409,card_present_format_variant
1410,TXN_001410,merchant_name_variant
1413,TXN_001413,inconsistent_date_format
1413,TXN_001413,amount_format_variant
1414,TXN_001414,inconsistent_date_format
1414,TXN_001414,time_format_variant
1417,TXN_001417,inconsistent_date_format
1418,TXN_001418,inconsistent_date_format
1418,TXN_001418,merchant_name_variant
1419,TXN_001419,merchant_name_variant
1420,TXN_001420,inconsistent_date_format
1420,TXN_001420,merchant_name_variant
1421,TXN_001421,inconsistent_date_format
1421,TXN_001421,card_present_format_variant
1422,TXN_001422,inconsistent_date_format
1422,TXN_001422,time_format_variant
1423,TXN_001423,amount_format_variant
1423,TXN_001423,time_format_variant
1424,TXN_001424,merchant_name_variant
1426,TXN_001426,amount_format_variant
1427,TXN_001427,inconsistent_date_format
1427,TXN_001427,merchant_name_variant
1428,TXN_001428,inconsistent_date_format
1428,TXN_001428,amount_format_variant
1428,TXN_001428,card_present_format_variant
1429,TXN_001429,inconsistent_date_format
1429,TXN_001429,amount_format_variant
1430,TXN_001430,amount_format_variant
1432,TXN_001432,amount_format_variant
1433,TXN_001433,inconsistent_date_format
1433,TXN_001433,merchant_name_variant
1434,TXN_001434,inconsistent_date_format
1434,TXN_001434,merchant_name_variant
1434,TXN_001434,amount_format_variant
1434,TXN_001434,time_format_variant
1436,TXN_001436,inconsistent_date_format
1436,TXN_001436,amount_format_variant
1437,TXN_001437,inconsistent_date_format
1438,TXN_001438,amount_format_variant
1438,TXN_001438,time_format_variant
1438-dup,TXN_001438,duplicate_row
1439,TXN_001439,inconsistent_date_format
1439,TXN_001439,merchant_name_variant
1440,TXN_001440,merchant_name_variant
1440,TXN_001440,category_label_variant
1440,TXN_001440,time_format_variant
1441,TXN_001441,inconsistent_date_format
1441,TXN_001441,amount_format_variant
1441,TXN_001441,country_label_variant
1442,TXN_001442,inconsistent_date_format
1442,TXN_001442,merchant_name_variant
1442,TXN_001442,amount_format_variant
1444,TXN_001444,inconsistent_date_format
1444,TXN_001444,merchant_name_variant
1445,TXN_001445,inconsistent_date_format
1445,TXN_001445,merchant_name_variant
1445,TXN_001445,amount_format_variant
1446,TXN_001446,inconsistent_date_format
1446,TXN_001446,country_label_variant
1447,TXN_001447,inconsistent_date_format
1447,TXN_001447,time_format_variant
1448,TXN_001448,inconsistent_date_format
1448,TXN_001448,missing_category
1448,TXN_001448,time_format_variant
1449,TXN_001449,inconsistent_date_format
1449,TXN_001449,amount_format_variant
1449,TXN_001449,country_label_variant
1450,TXN_001450,category_label_variant
1451,TXN_001451,merchant_name_variant
1451,TXN_001451,card_present_format_variant
1452,TXN_001452,inconsistent_date_format
1454,TXN_001454,merchant_name_variant
1454,TXN_001454,category_label_variant
1455,TXN_001455,inconsistent_date_format
1455,TXN_001455,merchant_name_variant
1455,TXN_001455,amount_format_variant
1455,TXN_001455,country_label_variant
1456,TXN_001456,inconsistent_date_format
1456,TXN_001456,merchant_name_variant
1456,TXN_001456,category_label_variant
1457,TXN_001457,inconsistent_date_format
1459,TXN_001459,inconsistent_date_format
1459,TXN_001459,time_format_variant
1459,TXN_001459,card_present_format_variant
1460,TXN_001460,amount_format_variant
1461,TXN_001461,inconsistent_date_format
1461,TXN_001461,amount_format_variant
1463,TXN_001463,inconsistent_date_format
1463,TXN_001463,merchant_name_variant
1464,TXN_001464,inconsistent_date_format
1464,TXN_001464,amount_format_variant
1464,TXN_001464,category_label_variant
1464,TXN_001464,card_present_format_variant
1465,TXN_001465,merchant_name_variant
1466,TXN_001466,inconsistent_date_format
1466,TXN_001466,merchant_name_variant
1466,TXN_001466,amount_format_variant
1466,TXN_001466,country_label_variant
1467,TXN_001467,inconsistent_date_format
1467,TXN_001467,merchant_name_variant
1468,TXN_001468,inconsistent_date_format
1468,TXN_001468,time_format_variant
1469,TXN_001469,merchant_name_variant
1469,TXN_001469,amount_format_variant
1470,TXN_001470,inconsistent_date_format
1470,TXN_001470,time_format_variant
1472,TXN_001472,inconsistent_date_format
1472,TXN_001472,time_format_variant
1472,TXN_001472,card_present_format_variant
1473,TXN_001473,inconsistent_date_format
1475,TXN_001475,inconsistent_date_format
1475,TXN_001475,merchant_name_variant
1475,TXN_001475,amount_format_variant
1476,TXN_001476,amount_format_variant
1476,TXN_001476,category_label_variant
1477,TXN_001477,inconsistent_date_format
1477,TXN_001477,amount_format_variant
1477,TXN_001477,missing_location
1478,TXN_001478,category_label_variant
1478,TXN_001478,time_format_variant
1479,TXN_001479,amount_format_variant
1480,TXN_001480,inconsistent_date_format
1481,TXN_001481,inconsistent_date_format
1481,TXN_001481,amount_format_variant
1482,TXN_001482,inconsistent_date_format
1482,TXN_001482,amount_format_variant
1483,TXN_001483,inconsistent_date_format
1483,TXN_001483,missing_category
1484,TXN_001484,inconsistent_date_format
1484,TXN_001484,time_format_variant
1485,TXN_001485,merchant_name_variant
1486,TXN_001486,inconsistent_date_format
1486,TXN_001486,category_label_variant
1487,TXN_001487,inconsistent_date_format
1488,TXN_001488,inconsistent_date_format
1488,TXN_001488,amount_format_variant
1489,TXN_001489,inconsistent_date_format
1489,TXN_001489,merchant_name_variant
1489,TXN_001489,amount_format_variant
1489,TXN_001489,category_label_variant
1490,TXN_001490,amount_format_variant
1491,TXN_001491,inconsistent_date_format
1491,TXN_001491,amount_format_variant
1491,TXN_001491,time_format_variant
1492,TXN_001492,inconsistent_date_format
1492,TXN_001492,merchant_name_variant
1493,TXN_001493,amount_format_variant
1493,TXN_001493,country_label_variant
1494,TXN_001494,inconsistent_date_format
1494,TXN_001494,merchant_name_variant
1494,TXN_001494,amount_format_variant
1495,TXN_001495,inconsistent_date_format
1496,TXN_001496,category_label_variant
1497,TXN_001497,card_present_format_variant
1498,TXN_001498,inconsistent_date_format
1498,TXN_001498,merchant_name_variant
1500,TXN_001500,amount_format_variant
1500,TXN_001500,card_present_format_variant
1501,TXN_001501,inconsistent_date_format
1501,TXN_001501,merchant_name_variant
1502,TXN_001502,country_label_variant
1503,TXN_001503,inconsistent_date_format
1503,TXN_001503,merchant_name_variant
1504,TXN_001504,amount_format_variant
1504,TXN_001504,time_format_variant
1506,TXN_001506,inconsistent_date_format
1506,TXN_001506,amount_format_variant
1507,TXN_001507,merchant_name_variant
1507,TXN_001507,amount_format_variant
1507,TXN_001507,category_label_variant
1508,TXN_001508,inconsistent_date_format
1508,TXN_001508,merchant_name_variant
1508,TXN_001508,amount_format_variant
1508,TXN_001508,time_format_variant
1509,TXN_001509,time_format_variant
1509,TXN_001509,card_present_format_variant
1510,TXN_001510,inconsistent_date_format
1510,TXN_001510,country_label_variant
1511,TXN_001511,time_format_variant
1512,TXN_001512,inconsistent_date_format
1512,TXN_001512,time_format_variant
1514,TXN_001514,inconsistent_date_format
1516,TXN_001516,inconsistent_date_format
1516,TXN_001516,merchant_name_variant
1517,TXN_001517,merchant_name_variant
1517,TXN_001517,amount_format_variant
1518,TXN_001518,inconsistent_date_format
1519,TXN_001519,merchant_name_variant
1519,TXN_001519,inconsistent_date_format
1519,TXN_001519,amount_format_variant
1520,TXN_001520,inconsistent_date_format
1521,TXN_001521,amount_format_variant
1522,TXN_001522,merchant_name_variant
1522,TXN_001522,amount_format_variant
1522,TXN_001522,time_format_variant
1523,TXN_001523,time_format_variant
1524,TXN_001524,amount_format_variant
1525,TXN_001525,inconsistent_date_format
1525,TXN_001525,merchant_name_variant
1526,TXN_001526,inconsistent_date_format
1527,TXN_001527,inconsistent_date_format
1528,TXN_001528,inconsistent_date_format
1529,TXN_001529,inconsistent_date_format
1530,TXN_001530,inconsistent_date_format
1530,TXN_001530,merchant_name_variant
1530,TXN_001530,amount_format_variant
1531,TXN_001531,inconsistent_date_format
1531,TXN_001531,merchant_name_variant
1532,TXN_001532,category_label_variant
1535,TXN_001535,inconsistent_date_format
1535,TXN_001535,amount_format_variant
1535,TXN_001535,category_label_variant
1536,TXN_001536,merchant_name_variant
1541,TXN_001541,amount_format_variant
1541,TXN_001541,time_format_variant
1542,TXN_001542,merchant_name_variant
1543,TXN_001543,inconsistent_date_format
1544,TXN_001544,inconsistent_date_format
1545,TXN_001545,inconsistent_date_format
1545,TXN_001545,category_label_variant
1546,TXN_001546,inconsistent_date_format
1546,TXN_001546,merchant_name_variant
1546,TXN_001546,card_present_format_variant
1547,TXN_001547,category_label_variant
1548,TXN_001548,merchant_name_variant
1549,TXN_001549,inconsistent_date_format
1549,TXN_001549,merchant_name_variant
1549,TXN_001549,card_present_format_variant
1550,TXN_001550,inconsistent_date_format
1550,TXN_001550,merchant_name_variant
1552,TXN_001552,inconsistent_date_format
1554,TXN_001554,inconsistent_date_format
1554,TXN_001554,merchant_name_variant
1555,TXN_001555,inconsistent_date_format
1555,TXN_001555,time_format_variant
1556,TXN_001556,inconsistent_date_format
1556,TXN_001556,merchant_name_variant
1556,TXN_001556,amount_format_variant
1556,TXN_001556,category_label_variant
1556,TXN_001556,time_format_variant
1557,TXN_001557,amount_format_variant
1559,TXN_001559,inconsistent_date_format
1559,TXN_001559,merchant_name_variant
1560,TXN_001560,inconsistent_date_format
1560,TXN_001560,merchant_name_variant
1561,TXN_001561,inconsistent_date_format
1561,TXN_001561,merchant_name_variant
1561,TXN_001561,missing_location
1561,TXN_001561,time_format_variant
1562,TXN_001562,inconsistent_date_format
1563,TXN_001563,merchant_name_variant
1563,TXN_001563,amount_format_variant
1563,TXN_001563,category_label_variant
1564,TXN_001564,inconsistent_date_format
1564,TXN_001564,amount_format_variant
1564,TXN_001564,category_label_variant
1565,TXN_001565,merchant_name_variant
1565,TXN_001565,country_label_variant
1567,TXN_001567,inconsistent_date_format
1567,TXN_001567,merchant_name_variant
1567,TXN_001567,amount_format_variant
1568,TXN_001568,merchant_name_variant
1569,TXN_001569,amount_format_variant
1569,TXN_001569,missing_location
1569,TXN_001569,card_present_format_variant
1570,TXN_001570,merchant_name_variant
1570,TXN_001570,amount_format_variant
1570,TXN_001570,time_format_variant
1571,TXN_001571,amount_format_variant
1572,TXN_001572,category_label_variant
1573,TXN_001573,amount_format_variant
1574,TXN_001574,amount_format_variant
1574,TXN_001574,time_format_variant
1575,TXN_001575,inconsistent_date_format
1575,TXN_001575,description_typo
1576,TXN_001576,inconsistent_date_format
1576,TXN_001576,category_label_variant
1576,TXN_001576,time_format_variant
1577,TXN_001577,amount_format_variant
1577,TXN_001577,category_label_variant
1577,TXN_001577,time_format_variant
1578,TXN_001578,amount_format_variant
1578,TXN_001578,category_label_variant
1578,TXN_001578,country_label_variant
1579,TXN_001579,inconsistent_date_format
1579,TXN_001579,merchant_name_variant
1579,TXN_001579,missing_category
1580,TXN_001580,merchant_name_variant
1581,TXN_001581,inconsistent_date_format
1581,TXN_001581,amount_format_variant
1582,TXN_001582,card_present_format_variant
1583,TXN_001583,merchant_name_variant
1584,TXN_001584,inconsistent_date_format
1585,TXN_001585,merchant_name_variant
1585,TXN_001585,category_label_variant
1585,TXN_001585,time_format_variant
1587,TXN_001587,category_label_variant
1588,TXN_001588,card_present_format_variant
1589,TXN_001589,time_format_variant
1590,TXN_001590,inconsistent_date_format
1590,TXN_001590,missing_category
1590,TXN_001590,time_format_variant
1591,TXN_001591,category_label_variant
1592,TXN_001592,inconsistent_date_format
1593,TXN_001593,inconsistent_date_format
1594,TXN_001594,merchant_name_variant
1594,TXN_001594,amount_format_variant
1594,TXN_001594,time_format_variant
1594,TXN_001594,card_present_format_variant
1595,TXN_001595,merchant_name_variant
1595,TXN_001595,time_format_variant
1597,TXN_001597,inconsistent_date_format
1597,TXN_001597,merchant_name_variant
1597,TXN_001597,amount_format_variant
1597,TXN_001597,time_format_variant
1598,TXN_001598,inconsistent_date_format
1598,TXN_001598,amount_format_variant
1599,TXN_001599,amount_format_variant
1600,TXN_001600,amount_format_variant
1600,TXN_001600,time_format_variant
1601,TXN_001601,inconsistent_date_format
1602,TXN_001602,inconsistent_date_format
1602,TXN_001602,merchant_name_variant
1602,TXN_001602,amount_format_variant
1603,TXN_001603,merchant_name_variant
1604,TXN_001604,card_present_format_variant
1605,TXN_001605,inconsistent_date_format
1605,TXN_001605,merchant_name_variant
1605,TXN_001605,card_present_format_variant
1606,TXN_001606,merchant_name_variant
1607,TXN_001607,inconsistent_date_format
1607,TXN_001607,amount_format_variant
1608,TXN_001608,amount_format_variant
1608,TXN_001608,country_label_variant
1609,TXN_001609,inconsistent_date_format
1609,TXN_001609,time_format_variant
1609,TXN_001609,country_label_variant
1610,TXN_001610,inconsistent_date_format
1610,TXN_001610,amount_format_variant
1611,TXN_001611,merchant_name_variant
1611,TXN_001611,card_present_format_variant
1612,TXN_001612,merchant_name_variant
1613,TXN_001613,inconsistent_date_format
1613,TXN_001613,merchant_name_variant
1614,TXN_001614,category_label_variant
1614,TXN_001614,country_label_variant
1615,TXN_001615,inconsistent_date_format
1615,TXN_001615,amount_format_variant
1615,TXN_001615,card_present_format_variant
1616,TXN_001616,inconsistent_date_format
1617,TXN_001617,merchant_name_variant
1617,TXN_001617,card_present_format_variant
1618,TXN_001618,inconsistent_date_format
1619,TXN_001619,category_label_variant
1620,TXN_001620,inconsistent_date_format
1620,TXN_001620,merchant_name_variant
1621,TXN_001621,inconsistent_date_format
1621,TXN_001621,merchant_name_variant
1621,TXN_001621,amount_format_variant
1621,TXN_001621,country_label_variant
1622,TXN_001622,card_present_format_variant
1623,TXN_001623,inconsistent_date_format
1623,TXN_001623,merchant_name_variant
1623,TXN_001623,time_format_variant
1624,TXN_001624,inconsistent_date_format
1624,TXN_001624,merchant_name_variant
1624,TXN_001624,card_present_format_variant
1625,TXN_001625,merchant_name_variant
1625,TXN_001625,amount_format_variant
1626,TXN_001626,inconsistent_date_format
1626,TXN_001626,merchant_name_variant
1626,TXN_001626,amount_format_variant
1627,TXN_001627,inconsistent_date_format
1627,TXN_001627,amount_format_variant
1628,TXN_001628,inconsistent_date_format
1628,TXN_001628,amount_format_variant
1629,TXN_001629,inconsistent_date_format
1629,TXN_001629,merchant_name_variant
1629,TXN_001629,time_format_variant
1631,TXN_001631,inconsistent_date_format
1631,TXN_001631,time_format_variant
1632,TXN_001632,inconsistent_date_format
1633,TXN_001633,merchant_name_variant
1634,TXN_001634,inconsistent_date_format
1634,TXN_001634,merchant_name_variant
1634,TXN_001634,card_present_format_variant
1635,TXN_001635,amount_format_variant
1636,TXN_001636,amount_format_variant
1636,TXN_001636,time_format_variant
1637,TXN_001637,inconsistent_date_format
1638,TXN_001638,category_label_variant
1641,TXN_001641,amount_format_variant
1642,TXN_001642,inconsistent_date_format
1642,TXN_001642,merchant_name_variant
1642,TXN_001642,time_format_variant
1644,TXN_001644,inconsistent_date_format
1644,TXN_001644,amount_format_variant
1645,TXN_001645,inconsistent_date_format
1645,TXN_001645,merchant_name_variant
1646,TXN_001646,inconsistent_date_format
1646,TXN_001646,amount_format_variant
1647,TXN_001647,inconsistent_date_format
1648,TXN_001648,inconsistent_date_format
1648,TXN_001648,missing_category
1649,TXN_001649,inconsistent_date_format
1649,TXN_001649,merchant_name_variant
1650,TXN_001650,inconsistent_date_format
1652,TXN_001652,inconsistent_date_format
1652,TXN_001652,merchant_name_variant
1652,TXN_001652,time_format_variant
1653,TXN_001653,card_present_format_variant
1654,TXN_001654,inconsistent_date_format
1654,TXN_001654,merchant_name_variant
1654,TXN_001654,card_present_format_variant
1655,TXN_001655,merchant_name_variant
1656,TXN_001656,inconsistent_date_format
1656,TXN_001656,merchant_name_variant
1656,TXN_001656,card_present_format_variant
1657,TXN_001657,inconsistent_date_format
1659,TXN_001659,time_format_variant
1659,TXN_001659,card_present_format_variant
1660,TXN_001660,amount_format_variant
1661,TXN_001661,inconsistent_date_format
1661,TXN_001661,merchant_name_variant
1662,TXN_001662,merchant_name_variant
1662,TXN_001662,amount_format_variant
1663,TXN_001663,inconsistent_date_format
1664,TXN_001664,amount_format_variant
1665,TXN_001665,inconsistent_date_format
1665,TXN_001665,merchant_name_variant
1666,TXN_001666,inconsistent_date_format
1666,TXN_001666,merchant_name_variant
1667,TXN_001667,amount_format_variant
1668,TXN_001668,inconsistent_date_format
1668,TXN_001668,merchant_name_variant
1668,TXN_001668,amount_format_variant
1669,TXN_001669,category_label_variant
1669,TXN_001669,time_format_variant
1669,TXN_001669,card_present_format_variant
1670,TXN_001670,amount_format_variant
1671,TXN_001671,merchant_name_variant
1671,TXN_001671,amount_format_variant
1671,TXN_001671,category_label_variant
1672,TXN_001672,inconsistent_date_format
1673,TXN_001673,inconsistent_date_format
1674,TXN_001674,merchant_name_variant
1675,TXN_001675,amount_format_variant
1675,TXN_001675,missing_merchant
1676,TXN_001676,merchant_name_variant
1676,TXN_001676,amount_format_variant
1677,TXN_001677,amount_format_variant
1677,TXN_001677,country_label_variant
1677,TXN_001677,card_present_format_variant
1679,TXN_001679,merchant_name_variant
1679,TXN_001679,country_label_variant
1679,TXN_001679,card_present_format_variant
1680,TXN_001680,amount_format_variant
1681,TXN_001681,inconsistent_date_format
1681,TXN_001681,merchant_name_variant
1681,TXN_001681,amount_format_variant
1681,TXN_001681,time_format_variant
1682,TXN_001682,inconsistent_date_format
1682,TXN_001682,amount_format_variant
1683,TXN_001683,inconsistent_date_format
1683,TXN_001683,merchant_name_variant
1684,TXN_001684,merchant_name_variant
1685,TXN_001685,inconsistent_date_format
1685,TXN_001685,country_label_variant
1686,TXN_001686,inconsistent_date_format
1687,TXN_001687,card_present_format_variant
1688,TXN_001688,merchant_name_variant
1688,TXN_001688,amount_format_variant
1689,TXN_001689,inconsistent_date_format
1690,TXN_001690,inconsistent_date_format
1691,TXN_001691,inconsistent_date_format
1691,TXN_001691,category_label_variant
1693,TXN_001693,inconsistent_date_format
1693,TXN_001693,merchant_name_variant
1693,TXN_001693,amount_format_variant
1695,TXN_001695,country_label_variant
1696,TXN_001696,inconsistent_date_format
1696,TXN_001696,category_label_variant
1697,TXN_001697,inconsistent_date_format
1698,TXN_001698,merchant_name_variant
1699,TXN_001699,inconsistent_date_format
1699,TXN_001699,merchant_name_variant
1700,TXN_001700,merchant_name_variant
1700,TXN_001700,amount_format_variant
1701,TXN_001701,inconsistent_date_format
1701,TXN_001701,merchant_name_variant
1701,TXN_001701,country_label_variant
1702,TXN_001702,time_format_variant
1703,TXN_001703,inconsistent_date_format
1703,TXN_001703,merchant_name_variant
1704,TXN_001704,amount_format_variant
1705,TXN_001705,merchant_name_variant
1705,TXN_001705,amount_format_variant
1705,TXN_001705,category_label_variant
1706,TXN_001706,merchant_name_variant
1706,TXN_001706,amount_format_variant
1707,TXN_001707,inconsistent_date_format
1707,TXN_001707,merchant_name_variant
1708,TXN_001708,truncated_row_missing_fields
1709,TXN_001709,amount_format_variant
1709,TXN_001709,time_format_variant
1709,TXN_001709,country_label_variant
1710,TXN_001710,merchant_name_variant
1710,TXN_001710,amount_format_variant
1712,TXN_001712,inconsistent_date_format
1712,TXN_001712,amount_format_variant
1713,TXN_001713,inconsistent_date_format
1713,TXN_001713,merchant_name_variant
1713,TXN_001713,amount_format_variant
1714,TXN_001714,inconsistent_date_format
1714,TXN_001714,amount_format_variant
1715,TXN_001715,amount_format_variant
1718,TXN_001718,category_label_variant
1719,TXN_001719,merchant_name_variant
1720,TXN_001720,amount_format_variant
1720,TXN_001720,card_present_format_variant
1721,TXN_001721,card_present_format_variant
1722,TXN_001722,merchant_name_variant
1723,TXN_001723,merchant_name_variant
1724,TXN_001724,inconsistent_date_format
1724,TXN_001724,amount_format_variant
1724,TXN_001724,country_label_variant
1725,TXN_001725,amount_format_variant
1727,TXN_001727,inconsistent_date_format
1728,TXN_001728,inconsistent_date_format
1728,TXN_001728,time_format_variant
1729,TXN_001729,inconsistent_date_format
1729,TXN_001729,amount_format_variant
1729,TXN_001729,country_label_variant
1732,TXN_001732,inconsistent_date_format
1732,TXN_001732,amount_format_variant
1733,TXN_001733,inconsistent_date_format
1733,TXN_001733,amount_format_variant
1733,TXN_001733,time_format_variant
1734,TXN_001734,inconsistent_date_format
1734,TXN_001734,time_format_variant
1735,TXN_001735,inconsistent_date_format
1735,TXN_001735,merchant_name_variant
1735,TXN_001735,amount_format_variant
1735,TXN_001735,time_format_variant
1737,TXN_001737,inconsistent_date_format
1737,TXN_001737,merchant_name_variant
1738,TXN_001738,merchant_name_variant
1738,TXN_001738,amount_format_variant
1739,TXN_001739,category_label_variant
1739,TXN_001739,time_format_variant
1740,TXN_001740,inconsistent_date_format
1740,TXN_001740,merchant_name_variant
1742,TXN_001742,merchant_name_variant
1743,TXN_001743,inconsistent_date_format
1743,TXN_001743,merchant_name_variant
1743,TXN_001743,amount_format_variant
1745,TXN_001745,inconsistent_date_format
1745,TXN_001745,category_label_variant
1745,TXN_001745,country_label_variant
1746,TXN_001746,amount_format_variant
1748,TXN_001748,inconsistent_date_format
1748,TXN_001748,merchant_name_variant
1748,TXN_001748,amount_format_variant
1748,TXN_001748,country_label_variant
1749,TXN_001749,inconsistent_date_format
