raw_id,txn_ref,date,amount,type,description,merchant,location,category,payment_method,currency,balance,transaction_time,country,card_present,device_id,is_fraud,fraud_type
1,TXN_000001,2024-01-01,720.000,DEBIT,STE IMMOBILIERE LOYER,STE Immobiliere,Ariana,Rent,Standing Order,TND,2920.250,04:15:13,TN,,,False,
2,TXN_000002,2024-01-01,3.370,DEBIT,BOLT *TRIP 62530,BOLT,La Marsa,Transportation,Online Card,TND,2916.880,06:43:05,TN,False,DEV_A1,False,
3,TXN_000003,2024-01-02,5.000,DEBIT,COFFEE BREAK TUNIS,COFFEE BREAK,Tunis,Dining,POS Card,TND,2911.880,17:15:13,TN,True,,False,
4,TXN_000004,2024-01-03,11.350,DEBIT,COFFEE BREAK ARIANA,Coffee Break,Ariana,Dining,POS Card,TND,2900.530,09:39:39,TN,yes,,False,
5,TXN_000005,2024-01-05,-5.600,DEBIT,TPE CAFE EL MENZAH 57513,CAFE EL MENZAH,Tunis,Dining,POS Card,TND,2894.930,14:00:46,TN,True,,False,
6,TXN_000006,2024-01-06,65.000,DEBIT,FITNESS ZONE MEMBERSHIP,Fitness_Zone,La Marsa,Subscriptions,Direct Debit,TND,2829.930,02:36:12,tn,,,False,
7,TXN_000007,06/01/2024,"7,450",DEBIT,BOLT RIDE TUNIS,Bolt,Ariana,Transportation,Online Card,TND,2822.480,07:05:28,TN,False,DEV_A1,False,
8,TXN_000008,07/01/2024,55.100,DEBIT,GLOVO*23586,Glovo ,Online,Dining,Online Card,TND,2767.380,13:34:53,TN,False,DEV_A1,False,
9,TXN_000009,2024-01-07,5.100,DEBIT,BOLT RIDE TUNIS,Bolt,La Marsa,Transportation,Online Card,TND,2762.280,22:16:11,TN,False,DEV_B2,False,
10,TXN_000010,2024-01-09,4.200,DEBIT,APPLE.COM/BILL,Apple,Online,Subscriptions,Online Card,TND,2758.080,00:36:57,ie,0,DEV_B2,False,
11,TXN_000011,2024-01-09,-3.400,DEBIT,PARKING TUNIS,PARKING,Tunis,Transportation,POS Card,TND,2754.680,14:10:36,TN,True,,False,
12,TXN_000012,2024-01-10,11.000,DEBIT,BOULANGERIE LE FOURNIL,BOULANGERIE LE FOURNIL,Ariana,Groceries,POS Card,TND,2743.680,09:04:47,TN,True,,False,
13,TXN_000013,11/01/2024,80.710,DEBIT,DR TRABELSI CONSULT 97957,Cabinet Dr Trabelsi,Tunis,Healthcare,POS Card,TND,2662.970,09:43:02,TN,True,,False,
14,TXN_000014,11/01/2024,TND 18.95,DEBIT,PHCIE CENTRALE 22011,Pharmacie_Centrale,Ariana,Healthcare,POS Card,TND,2644.020,15:58:55,TN,True,,False,
15,TXN_000015,12/01/2024,36.000,DEBIT,TT FIXE INTERNET 87956,Tunisie Telecom,Online,Utilities,Direct Debit,TND,2608.020,02:23:00,TN,,,False,
16,TXN_000016,2024-01-12,13.250,DEBIT,BOLT *TRIP 35956,BOLT,La Marsa,Transport,Online Card,TND,2594.770,07:45:12,Tunisia,False,DEV_A1,False,
16-dup,TXN_000016,2024-01-12,13.250,DEBIT,BOLT *TRIP 35956,BOLT,La Marsa,Transport,Online Card,TND,2594.770,07:45:12,Tunisia,False,DEV_A1,False,
17,TXN_000017,12-01-2024,5.700,DEBIT,COFFEE BREAK ARIANA,Coffee Break,Ariana,,POS Card,TND,2589.070,10:04:37,TN,True,,False,
17-dup,TXN_000017,12-01-2024,5.700,DEBIT,COFFEE BREAK ARIANA,Coffee Break,Ariana,,POS Card,TND,2589.070,10:04:37,TN,True,,False,
18,TXN_000018,2024-01-13,11.000,DEBIT,Coffee Break Tunis,Coffee Break,Tunis,DINING,POS Card,TND,2578.070,15:31:26,TN,yes,,False,
19,TXN_000019,2024-01-13,3.550,DEBIT,BOLT *TRIP 48880,Bolt,La Marsa,Transportation,Online Card,TND,2574.520,22:30:47,TN,False,DEV_A1,False,
20,TXN_000020,01/14/2024,"29,900",DEBIT,NETFLIX.COM,Netflix,Online,Subscriptions,Online Card,TND,2544.620,03:54:40,NL,no,DEV_A1,False,
21,TXN_000021,2024-01-14,"105,600",DEBIT,MG ARIANA,MG,Ariana,Groceries,POS Card,TND,2439.020,12:15:00,TN,True,,False,
22,TXN_000022,2024-01-15,79.750,DEBIT,STEG FACTURE ELEC GAZ,STEG,Online,Utilities,Direct Debit,TND,2359.270,00:48:49,TN,,,False,
23,TXN_000023,2024-01-15,36.500,DEBIT,GAT ASSURANCES PRELEVEMENT,GAT Assurances,Tunis,Insurance,Direct Debit,TND,2322.770,02:46:02,TN,,,False,
24,TXN_000024,16/01/2024,8.250,DEBIT,Coffee Break Tunis,Coffee Break,Tunis,Dining,POS Card,TND,2314.520,09:16,TN,yes,,False,
25,TXN_000025,17/01/2024,32.000,DEBIT,OOREDOO TUNISIE FACTURE 64629,Ooredoo,Online,Utilities,Direct Debit,TND,2282.520,04:51:24,TN,,,False,
26,TXN_000026,2024-01-17,-5.450,DEBIT,Coffee Break Tunis,Coffee Break,Tunis,Dining,POS Card,TND,2277.070,07:57,TN,True,,False,
27,TXN_000027,2024-01-17,9.000,DEBIT,PAIEMENT PAUL 69484,Paul,Tunis,Dining,POS Card,TND,2268.070,08:42:03,TN,True,,False,
28,TXN_000028,2024-01-17,2.900,DEBIT,SMART PARKING LAC 16927,Parking,Tunis,Transportation,POS Card,TND,2265.170,16:33,TN,True,,False,
29,TXN_000029,17/01/2024,3.500,DEBIT,CAFE EL MENZAH,CAFE EL MENZAH,Tunis,Dining,POS Card,TND,2261.670,5:48 PM,TN,Y,,False,
30,TXN_000030,2024-01-18,13.000,DEBIT,Coffee Break Ariana,COFFEE BREAK,Ariana,Dining,POS Card,TND,2248.670,17:35:28,TN,True,,False,
31,TXN_000031,2024-01-19,"45,540",DEBIT,RESTAURANT LE PORT,Restaurant Le Port,Tunis,Dining,POS Card,TND,2203.130,21:26:14,TN,True,,False,
32,TXN_000032,20/01/2024,110.000,DEBIT,JUMIA TUNISIE ORDER 92924,Jumia,Online,Shopping,Online Card,TND,2093.130,13:58:05,TN,False,DEV_A1,False,
33,TXN_000033,2024-01-20,"12,000",DEBIT,COFFEE BREAK TUNIS,Coffee Break,Tunis,Dining,POS Card,TND,2081.130,17:13:39,TN,True,,False,
34,TXN_000034,2024-01-21,29.300,DEBIT,PATHE TUNIS CITY,Pathe Tunis City,Tunis,Entertainment,POS Card,TND,2051.830,20:49:28,TN,True,,False,
35,TXN_000035,22/01/2024,18.500 TND,DEBIT,SPOTIFY PREMIUM,Spotify,Online,Subscriptions,Online Card,TND,2033.330,03:43:28,SE,N,DEV_A1,False,
36,TXN_000036,2024-01-24,8.260 TND,DEBIT,CAFE EL MENZAH,cafe el menzah,Tunis,Dining,POS Card,TND,2025.070,9:19 AM,TN,True,,False,
37,TXN_000037,01/25/2024,2.000 TND,DEBIT,PARKING TUNIS,Parking,Tunis,Transportation,POS Card,TND,2023.070,08:28:29,TN,True,,False,
38,TXN_000038,2024-01-25,5.400 TND,DEBIT,PARKING ARIANA,Parking,Ariana,Transportation,POS Card,TND,2017.670,16:57:01,TN,True,,False,
39,TXN_000039,2024-01-26,3200.000,CREDIT,VIR SALAIRE NEXORA SOLUTIONS,Nexora Solutions,Online,Salary,Bank Transfer,TND,5217.670,07:03:23,TN,,,False,
40,TXN_000040,2024-01-26,-4.390,DEBIT,Coffee Break Ariana,Coffee Break,Ariana,Food & Dining,POS Card,TND,5213.280,15:13:23,TN,True,,False,
41,TXN_000041,2024-01-27,1500.000,DEBIT,VIR PERMANENT EPARGNE,Savings Account,Online,Transfer,Standing Order,TND,3713.280,1:30 AM,TN,,,False,
42,TXN_000042,27/01/2024,10.100,DEBIT,BOULANGERIE LE FOURNIL,BOULANGERIE LE FOURNIL,Tunis,Groceries,POS Card,TND,3703.180,11:04:36,TN,True,,False,
43,TXN_000043,27-01-2024,-49.850,DEBIT,PHCIE CENTRALE 55197,Pharmacie Centrale,Ariana,Healthcare,POS Card,TND,3653.330,13:09:04,TN,True,,False,
44,TXN_000044,2024-01-27,"7,300",DEBIT,EPICERIE BEN SALEM,Epicerie Ben Salem,Ariana,Groceries,POS Card,TND,3646.030,13:29,TN,True,,False,
45,TXN_000045,2024-01-27,33.260,DEBIT,STEAMGAMES.COM 93379,STEAM,Online,entertainment,Online Card,TND,3612.770,19:19:17,US,False,DEV_A1,False,
46,TXN_000046,01/27/2024,24.750,DEBIT,CINEMAS PATHE 77131,Pathe Tunis City,Tunis,Entertainment,POS Card,TND,3588.020,19:58:07,TN,True,,False,
47,TXN_000047,27-01-2024,31.020,DEBIT,GLOVO TUNIS,Glovo,Online,Dining,Online Card,TND,3557.000,22:21:59,TN,False,DEV_B2,False,
48,TXN_000048,2024-01-28,6.650,DEBIT,BOULANGERIE LE FOURNIL ARIANA,Boulangerie Le Fournil,Ariana,Groceries,POS Card,TND,3550.350,7:29 AM,TN,True,,False,
49,TXN_000049,2024-01-28,8.000,DEBIT,EPICERIE BEN SALEM,epicerie ben salem,Ariana,Groceries,POS Card,TND,3542.350,1:54 PM,TN,True,,False,
50,TXN_000050,2024-01-29,5.650,DEBIT,Coffee Break Ariana,COFFEE BREAK,Ariana,Dining,POS Card,TND,3536.700,08:09:15,TN,True,,False,
51,TXN_000051,29/01/2024,11.300,DEBIT,Coffee Break Tunis,Coffee Break,Tunis,Dining,POS Card,TND,3525.400,08:42:34,TN,True,,False,
52,TXN_000052,29/01/2024,13.530,DEBIT,PAIEMENT PAUL 68616,Paul,La Marsa,Dining,POS Card,TND,3511.870,14:26:48,TN,1,,False,
53,TXN_000053,2024-01-29,10.010 TND,DEBIT,Coffee Break Tunis,coffee break,Tunis,Dining,POS Card,TND,3501.860,16:37:43,TN,1,,False,
54,TXN_000054,2024-01-29,10.050,DEBIT,BOLT *TRIP 72081,bolt,La Marsa,Transportation,Online Card,TND,3491.810,18:53:34,TN,False,DEV_A1,False,
55,TXN_000055,2024-01-30,4.800,DEBIT,COMMISSION TENUE COMPTE 95866,Bank Fees,Online,Other,Direct Debit,TND,3487.010,03:15:42,TN,,,False,
56,TXN_000056,2024-01-30,"50,000",DEBIT,RETRAIT GAB AMEN BANK ARIANA,ATM Withdrawal,Ariana,Cash Withdrawal,ATM,TND,3437.010,20:23:04,TN,True,,False,
57,TXN_000057,31 Jan 2024,12.100,DEBIT,Coffee Break Ariana,Coffee Break ,Ariana,Dining,POS Card,TND,3424.910,08:20:24,tn,True,,False,
57-dup,TXN_000057,31 Jan 2024,12.100,DEBIT,Coffee Break Ariana,Coffee Break ,Ariana,Dining,POS Card,TND,3424.910,08:20:24,tn,True,,False,
58,TXN_000058,2024-01-31,9.850,DEBIT,COFFEE BREAK TUNIS,Coffee Break,Tunis,Dining,POS Card,TND,3415.060,09:01:17,TN,True,,False,
59,TXN_000059,01-02-2024,720.000,DEBIT,VIR PERMANENT STE IMMOBILIERE,STE IMMOBILIERE,Ariana,Rent,Standing Order,TND,2695.060,03:39:42,TN,,,False,
60,TXN_000060,2024-02-01,8.800,DEBIT,BOLT RIDE TUNIS,BOLT,La Marsa,Transportation,Online Card,TND,2686.260,10:57 PM,TN,False,DEV_B2,False,
61,TXN_000061,2024-02-02,TND 11.00,DEBIT,COFFEE BREAK TUNIS,Coffee Break,Tunis,Dining,POS Card,TND,2675.260,07:42:05,TN,True,,False,
62,TXN_000062,2024-02-02,3.780,DEBIT,COFFEE BREAK ARIANA,Coffee Break,Ariana,Dining,POS Card,TND,2671.480,09:10:34,TN,True,,False,
63,TXN_000063,2024-02-02,13.250,DEBIT,BOULANGERIE LE FOURNIL,Boulangerie Le Fournil,Tunis,Groceries,POS Card,TND,2658.230,11:34:07,TN,True,,False,
64,TXN_000064,02 Feb 2024,131.560,DEBIT,TOTAL SERVICE STATION TUNIS #77368,TotalEnergies,Tunis,Fuel,POS Card,TND,2526.670,12:12:09,TN,True,,False,
65,TXN_000065,03/02/2024,5.900,DEBIT,BOULANGERIE LE FOURNIL,Boulangerie Le Fournil,Tunis,,POS Card,TND,2520.770,11:48,TN,True,,False,
66,TXN_000066,2024-02-05,"2,000",DEBIT,SMART PARKING LAC 18345,Parking,Ariana,transport,POS Card,TND,2518.770,12:36:17,TN,True,,False,
67,TXN_000067,2024-02-05,15.000,DEBIT,PAUL TUNIS,PAUL,Tunis,Dining,POS Card,TND,2503.770,15:43,TN,True,,False,
67-dup,TXN_000067,2024-02-05,15.000,DEBIT,PAUL TUNIS,PAUL,Tunis,Dining,POS Card,TND,2503.770,15:43,TN,True,,False,
68,TXN_000068,2024-02-06,54.970,DEBIT,DR TRABELSI CONSULT 60885,Cabinet Dr Trabelsi,Tunis,Healthcare,POS Card,TND,2448.800,11:37:35,TN,True,,False,
69,TXN_000069,2024-02-06,25.950,DEBIT,EPICERIE BEN SALEM ARIANA,Epicerie Ben Salem,Ariana,Groceries,POS Card,TND,2422.850,18:17:24,TN,True,,False,
70,TXN_000070,2024-02-07,"40,000",DEBIT,RETRAIT GAB AMEN BANK BEN AROUS,ATM Withdrawal,Ben Arous,cash,ATM,TND,2382.850,14:08:50,TN,True,,False,
71,TXN_000071,08-02-2024,7.000,DEBIT,BOLT *TRIP 71384,Bolt,Ariana,transport,Online Card,TND,2375.850,07:48:03,TN,False,DEV_A1,False,
72,TXN_000072,2024-02-08,12.040,DEBIT,BOLT *TRIP 50485,Bolt,La Marsa,Transportation,Online Card,TND,2363.810,7:05 PM,TN,False,DEV_A1,False,
73,TXN_000073,2024-02-08,35.000,DEBIT,PATHE TUNIS CITY,PATHE TUNIS CITY,Tunis,Entertainment,POS Card,TND,2328.810,8:52 PM,TN,True,,False,
74,TXN_000074,2024-02-09,65.000,DEBIT,FITNESS ZONE ARIANA ABONNEMENT,Fitness Zone,Ariana,Subscriptions & Streaming,Direct Debit,TND,2263.810,1:05 AM,TN,,,False,
75,TXN_000075,2024-02-09,4.200,DEBIT,APPLE.COM/BILL,Apple,Online,Subscriptions,Online Card,TND,2259.610,04:57:55,IE,False,DEV_A1,False,
76,TXN_000076,2024-02-09,13.000,DEBIT,BOLT RIDE TUNIS,Bolt,Ariana,Transportation,Online Card,TND,2246.610,17:54:11,TN,False,DEV_A1,False,
77,TXN_000077,10 Feb 2024,-36.000,DEBIT,TT FIXE INTERNET 98114,Tunisie_Telecom,Online,Utilities,Direct Debit,TND,2210.610,05:21:34,TN,,,False,
78,TXN_000078,2024-02-10,"10,050",DEBIT,BOLT *TRIP 2803,Bolt,Ariana,Transportation,Online Card,TND,2200.560,19:36:58,TN,False,DEV_A1,False,
79,TXN_000079,2024-02-13,TND 5.95,DEBIT,CAFE EL MENZAH,Cafe El Menzah,Tunis,Dining,POS Card,TND,2194.610,09:34:52,TN,True,,False,
80,TXN_000080,02/14/2024,TND 29.90,DEBIT,NETFLIX.COM AMSTERDAM,NETFLIX,Online,Subscriptions,Online Card,TND,2164.710,01:53:04,NL,False,DEV_A1,False,
81,TXN_000081,2024-02-14,2.610,DEBIT,SMART PARKING LAC 52462,Parking,Tunis,Transportation,POS Card,TND,2162.100,10:13:20,TN,True,,False,
82,TXN_000082,02/14/2024,10.300,DEBIT,EPICERIE BEN SALEM,Epicerie Ben Salem,Ariana,GROCERIES,POS Card,TND,2151.800,11:30:43,TN,True,,False,
83,TXN_000083,2024-02-14,-286.500,DEBIT,LE GRILL LA MARSA #5521,Le_Grill,,Dining,POS Card,TND,1865.300,12:40:00,Tunisia,True,,False,
84,TXN_000084,2024-02-14,4.950,DEBIT,BOLT RIDE TUNIS,Bolt,La Marsa,Transportation,Online Card,TND,1860.350,18:25:46,TN,False,DEV_A1,False,
85,TXN_000085,2024-02-15,36.500,DEBIT,GAT ASSURANCE SANTE,GAT Assurances,Tunis,Insurance,Direct Debit,TND,1823.850,03:47:19,TN,,,False,
86,TXN_000086,2024-02-16,35.270,DEBIT,OOREDOO TUNISIE FACTURE 24050,Ooredoo ,Online,Bills,Direct Debit,TND,1788.580,04:54:49,TN,,,False,
87,TXN_000087,16/02/2024,TND 6.15,DEBIT,BOULANGERIE LE FOURNIL,Boulangerie Le Fournil,Tunis,Groceries,POS Card,TND,1782.430,11:19,TN,True,,False,
88,TXN_000088,2024-02-16,11.950,DEBIT,EPICERIE BEN SALEM ARIANA,Epicerie Ben Salem,Ariana,GROCERIES,POS Card,TND,1770.480,18:27:37,TN,True,,False,
89,TXN_000089,2024-02-17,8.200 TND,DEBIT,COFFEE BREAK ARIANA,Coffee Break,Ariana,DINING,POS Card,TND,1762.280,09:44:16,TN,True,,False,
90,TXN_000090,2024-02-18,11.240,DEBIT,EPICERIE BEN SALEM,Epicerie Ben Salem,Ariana,Groceries,POS Card,TND,1751.040,12:46:19,TN,True,,False,
91,TXN_000091,18-02-2024,TND 9.24,DEBIT,ORANGE TUNISIE RECHARGE 17383,Orange,Online,Utilities,Online Card,TND,1741.800,16:26:57,TN,False,DEV_A1,False,
92,TXN_000092,18/02/2024,40.000,DEBIT,SHELL ARIANA,SHELL,Ariana,Fuel,POS Card,TND,1701.800,19:00:17,TN,True,,False,
93,TXN_000093,18-02-2024,24.090,DEBIT,UBER TRIP HELP.UBER.COM,Uber,Tunis,Transportation,Online Card,TND,1677.710,19:02:07,Tunisia,False,DEV_B2,False,
94,TXN_000094,19/02/2024,"46,140",DEBIT,SONEDE FACTURE EAU,SONEDE,Online,utilities,Direct Debit,TND,1631.570,3:34 AM,TN,,,False,
95,TXN_000095,2024-02-19,8.000,DEBIT,BOULANGERIE LE FOURNIL TUNIS,Boulangerie Le Fournil,Tunis,Groceries,POS Card,TND,1623.570,08:47:14,TN,True,,False,
96,TXN_000096,2024-02-19,5.430,DEBIT,TPE CAFE EL MENZAH 66605,Cafe El Menzah,Tunis,DINING,POS Card,TND,1618.140,11:18:52,TN,True,,False,
97,TXN_000097,20-02-2024,"12,500",DEBIT,COFFEE BREAK ARIANA,Coffee Break,Ariana,Restaurants,POS Card,TND,1605.640,08:17:20,TN,True,,False,
97-dup,TXN_000097,20-02-2024,"12,500",DEBIT,COFFEE BREAK ARIANA,Coffee Break,Ariana,Restaurants,POS Card,TND,1605.640,08:17:20,TN,True,,False,
98,TXN_000098,02/20/2024,7.390,DEBIT,COFFEE BREAK TUNIS,Coffee Break,Tunis,Dining,POS Card,TND,1598.250,17:08:12,TN,True,,False,
99,TXN_000099,21/02/2024,"11,750",DEBIT,TPE CAFE EL MENZAH 47489,Cafe El Menzah,Tunis,Dining,POS Card,TND,1586.500,16:50,TN,True,,False,
100,TXN_000100,2024-02-22,-18.500,DEBIT,SPOTIFY AB STOCKHOLM,SPOTIFY,Online,Subscriptions,Online Card,TND,1568.000,01:21:12,SE,False,DEV_A1,False,
101,TXN_000101,22/02/2024,7.000,DEBIT,Coffee Break Tunis,Coffee Break,Tunis,Dining,POS Card,TND,1561.000,11:02:38,Tunisia,1,,False,
102,TXN_000102,2024-02-22,57.300,DEBIT,RESTAURANT LE PORT CARTHAGE,Restaurant Le Port,Carthage,Dining,POS Card,TND,1503.700,13:51:33,TN,True,,False,
103,TXN_000103,2024-02-22,8.880,DEBIT,Coffee Break Tunis,COFFEE BREAK,Tunis,Dining,POS Card,TND,1494.820,15:19:40,TN,True,,False,
104,TXN_000104,2024-02-23,TND 9.60,DEBIT,PAIEMENT PAUL 4302,Paul,Tunis,dining,POS Card,TND,1485.220,14:54,TN,True,,False,
105,TXN_000105,2024-02-23,TND 10.00,DEBIT,RECHARGE DATA ORANGE,Orange,Online,Utilities,Online Card,TND,1475.220,14:58:33,TN,False,DEV_A1,False,
106,TXN_000106,23 Feb 2024,9.200,DEBIT,EPICERIE BEN SALEM ARIANA,EPICERIE BEN SALEM,Ariana,Grocery,POS Card,TND,1466.020,20:25:31,TN,True,,False,
107,TXN_000107,24/02/2024,170.000,DEBIT,RETRAIT GAB AMEN BANK LA MARSA,ATM Withdrawal,La Marsa,Cash Withdrawal,ATM,TND,1296.020,10:56:53,TN,True,,False,
108,TXN_000108,2024-02-24,36.200,DEBIT,GLOVO*33379,Glovo,Online,Dining,Online Card,TND,1259.820,12:02:47,TN,False,DEV_A1,False,
109,TXN_000109,02/24/2024,25.900,DEBIT,CINEMAS PATHE 95910,PATHE TUNIS CITY,Tunis,Entertainment,POS Card,TND,1233.920,19:54:15,TN,True,,False,
110,TXN_000110,2024-02-25,28.950,DEBIT,GLOVO*59959,Glovo,Online,DINING,Online Card,TND,1204.970,13:47:35,TN,False,DEV_A1,False,
111,TXN_000111,26 Feb 2024,12.500,DEBIT,COFFEE BREAK TUNIS,COFFEE BREAK,Tunis,Dining,POS Card,TND,1192.470,09:48,TN,1,,False,
112,TXN_000112,2024-02-27,3312.500,CREDIT,VIR SALAIRE NEXORA SOLUTIONS,Nexora Solutions,Online,Salary,Bank Transfer,TND,4504.970,06:42:01,Tunisia,,,False,
113,TXN_000113,27-02-2024,50.000 TND,DEBIT,CABINET DR TRABELSI,Cabinet Dr Trabelsi,Tunis,HEALTHCARE,POS Card,TND,4454.970,1:48 PM,TN,True,,False,
114,TXN_000114,28/02/2024,1500.000,DEBIT,VIR PERMANENT EPARGNE,Savings Account,Online,Transfer,Standing Order,TND,2954.970,00:46:37,TN,,,False,
115,TXN_000115,28 Feb 2024,8.000,DEBIT,SMART PARKING LAC 12901,parking,Ariana,TRANSPORTATION,POS Card,TND,2946.970,10:46:56,tn,True,,False,
116,TXN_000116,29 Feb 2024,4.500,DEBIT,COMMISSION TENUE COMPTE 78916,bank fees,Online,Other,Direct Debit,TND,2942.470,04:55:21,TN,,,False,
117,TXN_000117,2024-02-29,50.000,DEBIT,FLOUCI P2P 95750,Friend Transfer,Online,Transfer,Mobile Wallet,TND,2892.470,10:36:54,TN,False,DEV_A1,False,
118,TXN_000118,2024-03-01,100.000,CREDIT,VIREMENT EPARGNE VERS COMPTE COURANT,Savings Account,Online,Transfer,Standing Order,TND,2992.470,01:14:22,TN,,,False,
119,TXN_000119,2024-03-01,"10,200",DEBIT,BOULANGERIE LE FOURNIL,BOULANGERIE LE FOURNIL,Tunis,Groceries,POS Card,TND,2982.270,08:36:42,TN,Y,,False,
120,TXN_000120,02/03/2024,720.000,DEBIT,VIR PERMANENT STE IMMOBILIERE,STE Immobiliere,Ariana,Rent,Standing Order,TND,2262.270,02:26,TN,,,False,
121,TXN_000121,2024-03-02,10.370,DEBIT,PAUL LA MARSA,paul,La Marsa,Dining,POS Card,TND,2251.900,10:12:54,TN,True,,False,
122,TXN_000122,03 Mar 2024,78.300,DEBIT,PHCIE CENTRALE 88691,Pharmacie Centrale,Ariana,Healthcare,POS Card,TND,2173.600,17:56:25,TN,True,,False,
123,TXN_000123,2024-03-03,120.000,DEBIT,RETRAIT DAB BIAT LA MARSA,ATM Withdrawal,La Marsa,,ATM,TND,2053.600,18:39:46,TN,True,,False,
124,TXN_000124,04-03-2024,412.600,DEBIT,STAR ASSURANCES AUTO,STAR Assurances,Tunis,Insurance,Direct Debit,TND,1641.000,03:07:48,TN,,,False,
125,TXN_000125,04/03/2024,15.940,DEBIT,PHARMACIE CENTRALE ARIANA,Pharmacie Centrale,Ariana,Healthcare,POS Card,TND,1625.060,11:22,TN,True,,False,
126,TXN_000126,04 Mar 2024,9.000,DEBIT,EPICERIE BEN SALEM ARIANA,Epicerie Ben Salem,Ariana,Groceries,POS Card,TND,1616.060,16:29:24,TN,True,,False,
127,TXN_000127,05-03-2024,-8.300,DEBIT,COFFEE BREAK TUNIS,COFFEE BREAK,Tunis,Dining,POS Card,TND,1607.760,14:29:51,TN,yes,,False,
128,TXN_000128,07-03-2024,-8.310,DEBIT,COFFEE BREAK TUNIS,Coffee Break,Tunis,DINING,POS Card,TND,1599.450,17:52:12,TN,True,,False,
129,TXN_000129,2024-03-08,65.000,DEBIT,FITNESS ZONE MEMBERSHIP,fitness zone,La Marsa,Subscriptions,Direct Debit,TND,1534.450,01:24:25,TN,,,False,
130,TXN_000130,03/08/2024,36.000 TND,DEBIT,TUNISIE TELECOM ADSL FACTURE,Tunisie Telecom,Online,Utilities,Direct Debit,TND,1498.450,02:00:16,TN,,,False,
131,TXN_000131,08/03/2024,4.800,DEBIT,BOULANGERIE LE FOURNIL,Boulangerie Le Fournil,Ariana,Groceries,POS Card,TND,1493.650,07:29:22,TN,True,,False,
132,TXN_000132,08/03/2024,190.970,DEBIT,VIREMENT EMIS MAMAN,FAMILY TRANSFER,Online,Transfer,Bank Transfer,TND,1302.680,13:01:26,TN,,DEV_A1,False,
133,TXN_000133,09/03/2024,"4,200",DEBIT,ICLOUD+ 50GB,APPLE,Online,subscription,Online Card,TND,1298.480,2:03 AM,IE,False,DEV_A1,False,
134,TXN_000134,2024-03-09,"492,350",DEBIT,CARREFOUR LA MARSA #32494,CARREFOUR,La Marsa,Groceries,POS Card,TND,806.130,12:09:56,TN,True,,False,
135,TXN_000135,03/10/2024,"11,500",DEBIT,BOLT *TRIP 89147,Bolt,Ariana,Transportation,Online Card,TND,794.630,17:10,TN,False,DEV_A1,False,
136,TXN_000136,2024-03-11,-79.230,DEBIT,STEG FACTURE ELEC GAZ,STEG,Online,,Direct Debit,TND,715.400,02:24:57,TN,,,False,
137,TXN_000137,2024-03-11,"5,310",DEBIT,Coffee Break Ariana,Coffee Break,Ariana,Dining,POS Card,TND,710.090,08:21:57,TN,True,,False,
138,TXN_000138,12 Mar 2024,80.000,DEBIT,ATM WDL 74387 TUNIS,ATM WITHDRAWAL,Tunis,Cash Withdrawal,ATM,TND,630.090,12:31:49,TN,Y,,False,
139,TXN_000139,12/03/2024,3.260,DEBIT,PARKING TUNIS,Parking,Tunis,Transportation,POS Card,TND,626.830,15:42:32,TN,True,,False,
140,TXN_000140,2024-03-12,-32.250,DEBIT,GLOVO*58304,Glovo,Online,Dining,Online Card,TND,594.580,22:12:48,TN,0,DEV_A1,False,
141,TXN_000141,2024-03-14,29.900 TND,DEBIT,NETFLIX.COM,Netflix ,Online,Subscriptions,Online Card,TND,564.680,01:45:47,NL,False,DEV_B2,False,
142,TXN_000142,2024-03-14,38.000,DEBIT,JUMIA.COM.TN,jumia,Online,Shopping,Online Card,TND,526.680,11:43:23,TN,False,DEV_A1,False,
143,TXN_000143,2024-03-14,30.000,DEBIT,PAUL LA MARSA,Paul,La Marsa,Dining,POS Card,TND,496.680,17:37:33,Tunisia,True,,False,
144,TXN_000144,2024-03-15,36.500,DEBIT,GAT ASSURANCES PRELEVEMENT,GAT Assurances,Tunis,Insurance,Direct Debit,TND,460.180,03:40:31,TN,,,False,
145,TXN_000145,15 Mar 2024,8.550 TND,DEBIT,BOLT *TRIP 61337,Bolt,La Marsa,Transportation,Online Card,TND,451.630,12:32:19,TN,False,DEV_A1,False,
146,TXN_000146,2024-03-15,12.200,DEBIT,Coffee Break Ariana,Coffee Break,Ariana,DINING,POS Card,TND,439.430,4:12 PM,TN,True,,False,
147,TXN_000147,03/17/2024,34.880,DEBIT,OOREDOO BILL PAYMENT,OOREDOO,Online,utilities,Direct Debit,TND,404.550,04:26:39,TN,,,False,
148,TXN_000148,03/18/2024,81.150,DEBIT,AGIL TUNIS,Agil,Tunis,Fuel,POS Card,TND,323.400,09:25:32,TN,True,,False,
149,TXN_000149,2024-03-19,TND 6.55,DEBIT,COFFEE BREAK TUNIS,Coffee Break,Tunis,Dining,POS Card,TND,316.850,08:44:52,TN,Y,,False,
150,TXN_000150,20 Mar 2024,7.000,DEBIT,BOULANGERIE LE FOURNIL ARIANA,Boulangerie Le Fournil,Ariana,Groceries,POS Card,TND,309.850,07:21:24,TN,True,,False,
151,TXN_000151,2024-03-20,2.040,DEBIT,SMART PARKING LAC 34955,PARKING,Tunis,Transportation,POS Card,TND,307.810,13:07:32,TN,True,,False,
152,TXN_000152,2024-03-20,1.550,DEBIT,PARKING ARIANA,Parking,Ariana,Transportation,POS Card,TND,306.260,17:15:33,TN,True,,False,
153,TXN_000153,21/03/2024,TND 3.70,DEBIT,BOLT RIDE TUNIS,Bolt,Tunis,Transportation,Online Card,TND,302.560,07:49:01,TN,False,DEV_A1,False,
154,TXN_000154,22/03/2024,18.500,DEBIT,SPOTIFY AB STOCKHOLM,Spotify,Online,Subscriptions,Online Card,TND,284.060,05:28:27,SE,False,DEV_A1,False,
155,TXN_000155,2024-03-22,64.900 TND,CREDIT,REFUND AMAZON MARKETPLACE,Amazon,Online,Shopping,Online Card,TND,348.960,15:21:09,TN,False,DEV_A1,False,
156,TXN_000156,2024-03-23,20.600,DEBIT,CINEMAS PATHE 46725,Pathe Tunis City,Tunis,Entertainment,POS Card,TND,328.360,22:26:18,TN,True,,False,
157,TXN_000157,2024-03-25,3.380 TND,DEBIT,TPE CAFE EL MENZAH 7799,Cafe El Menzah,Tunis,Dining,POS Card,TND,324.980,07:54:36,TN,1,,False,
158,TXN_000158,2024-03-25,10.850,DEBIT,Coffee Break Tunis,Coffee Break,Tunis,Dining,POS Card,TND,314.130,08:04,TN,True,,False,
159,TXN_000159,2024-03-26,3260.000,CREDIT,VIR SALAIRE NEXORA SOLUTIONS,Nexora Solutions,Online,Salary,Bank Transfer,TND,3574.130,7:04 AM,TN,,,False,
160,TXN_000160,26/03/2024,8.000,DEBIT,EPICERIE BEN SALEM ARIANA,Epicerie_Ben_Salem,Ariana,Groceries,POS Card,TND,3566.130,19:28:28,TN,True,,False,
161,TXN_000161,27 Mar 2024,-1150.000,DEBIT,VIREMENT COMPTE EPARGNE 12655,Savings Account ,Online,Transfer,Standing Order,TND,2416.130,05:28:07,TN,,,False,
162,TXN_000162,2024-03-27,7.400,DEBIT,COFFEE BREAK TUNIS,Coffee Break,Tunis,Dining,POS Card,TND,2408.730,10:12:47,Tunisia,True,,False,
163,TXN_000163,2024-03-27,28.700,DEBIT,UBER TRIP HELP.UBER.COM,Uber,Ariana,Transportation,Online Card,TND,2380.030,19:57:57,TN,False,DEV_B2,False,
164,TXN_000164,2024-03-28,"9,400",DEBIT,Coffee Break Ariana,Coffee Break,Ariana,Dining,POS Card,TND,2370.630,08:36:50,TN,True,,False,
165,TXN_000165,2024-03-29,6.080 TND,DEBIT,Coffee Break Ariana,coffee break,Ariana,Dining,POS Card,TND,2364.550,09:53,TN,True,,False,
166,TXN_000166,29/03/2024,10.000,DEBIT,COFFEE BREAK TUNIS,Coffee Break,Tunis,Dining,POS Card,TND,2354.550,15:50:39,TN,True,,False,
167,TXN_000167,2024-03-30,TND 4.80,DEBIT,COMMISSION TENUE COMPTE 30181,Bank Fees,Online,Other,Direct Debit,TND,2349.750,04:35:17,TN,,,False,
168,TXN_000168,30/03/2024,-10.150,DEBIT,Coffee Break Ariana,COFFEE BREAK,Ariana,Dining,POS Card,TND,2339.600,10:03:03,TN,True,,False,
169,TXN_000169,2024-03-30,-11.730,DEBIT,EPICERIE BEN SALEM ARIANA,Epicerie Ben Salem,Ariana,Groceries,POS Card,TND,2327.870,12:40,TN,True,,False,
170,TXN_000170,2024-03-31,TND 5.85,DEBIT,BOULANGERIE LE FOURNIL,Boulangerie Le Fournil,Tunis,Groceries,POS Card,TND,2322.020,10:24:19,TN,True,,False,
171,TXN_000171,31-03-2024,5.300,CREDIT,CASHBACK CARTE DEBIT,CARD CASHBACK,Online,Other,Online Card,TND,2327.320,3:30 PM,TN,False,DEV_A1,False,
172,TXN_000172,2024-03-31,81.500,DEBIT,LC WAIKIKI ARIANA,LC Waikiki,Ariana,Shopping,POS Card,TND,2245.820,8:55 PM,Tunisia,True,,False,
173,TXN_000173,04/01/2024,1550.000,CREDIT,VIREMENT EPARGNE VERS COMPTE COURANT,Savings Account,Online,Transfer,Standing Order,TND,3795.820,03:44:25,tn,,,False,
174,TXN_000174,2024-04-02,127.500,DEBIT,VIREMENT EMIS MAMAN,FAMILY TRANSFER,Online,Transfer,Bank Transfer,TND,3668.320,09:04:54,TN,,DEV_B2,False,
175,TXN_000175,2024-04-02,50.750,DEBIT,JUMIA.COM.TN,Jumia,,Shopping,Online Card,TND,3617.570,14:23:19,TN,False,DEV_A1,False,
176,TXN_000176,2024-04-03,"720,000",DEBIT,STE IMMOBILIERE LOYER,ste immobiliere,Ariana,Rent,Standing Order,TND,2897.570,00:31:45,TN,,,False,
177,TXN_000177,05/04/2024,41.000,DEBIT,RESTAURANT LE PORT TUNIS,Restaurant Le Port,Tunis,Dining,POS Card,TND,2856.570,12:56:11,TN,True,,False,
178,TXN_000178,2024-04-05,16.500 TND,DEBIT,BOLT RIDE TUNIS,Bolt,Ariana,transport,Online Card,TND,2840.070,17:55:52,TN,False,DEV_A1,False,
179,TXN_000179,2024-04-06,-65.000,DEBIT,FITNESS ZONE ARIANA ABONNEMENT,Fitness Zone,Ariana,Subscriptions,Direct Debit,TND,2775.070,04:50:00,TN,,,False,
180,TXN_000180,06/04/2024,TND 5.58,DEBIT,BOULANGERIE LE FOURNIL,Boulangerie Le Fournil,Ariana,Grocery,POS Card,TND,2769.490,10:23:15,TN,True,,False,
181,TXN_000181,2024-04-06,26.530,DEBIT,EPICERIE BEN SALEM,Epicerie Ben Salem,Ariana,Groceries,POS Card,TND,2742.960,17:39:33,tn,True,,False,
182,TXN_000182,07/04/2024,8.000,DEBIT,BOLT RIDE TUNIS,Bolt,Tunis,Transportation,Online Card,TND,2734.960,17:58:08,TN,False,DEV_A1,False,
183,TXN_000183,2024-04-07,46.000,DEBIT,LCW 3667,LC WAIKIKI,Tunis,Shopping,POS Card,TND,2688.960,19:07:58,TN,True,,False,
184,TXN_000184,2024-04-07,6.720,DEBIT,UBER *TRIP 4920,Uber,Tunis,Transportation,Online Card,TND,2682.240,19:49:23,TN,False,DEV_A1,False,
185,TXN_000185,2024-04-08,8.000,DEBIT,COFFEE BREAK TUNIS,COFFEE BREAK,Tunis,Dining,POS Card,TND,2674.240,15:27:38,TN,True,,False,
186,TXN_000186,08-04-2024,23.150 TND,DEBIT,MCDONALDS LA MARSA,McDonald's,La Marsa,Dining,POS Card,TND,2651.090,20:00:06,TN,True,,False,
187,TXN_000187,09/04/2024,"36,000",DEBIT,TT FIXE INTERNET 73739,Tunisie Telecom,Online,Utilities,Direct Debit,TND,2615.090,01:24:09,TN,,,False,
188,TXN_000188,09 Apr 2024,4.200,DEBIT,APPLE.COM/BILL,Apple,Online,Subscriptions,Online Card,TND,2610.890,04:10:07,IE,N,DEV_B2,False,
189,TXN_000189,09/04/2024,"70,000",DEBIT,ATM WDL 65620 ARIANA,atm withdrawal,Ariana,Cash Withdrawal,ATM,TND,2540.890,09:09:25,TN,True,,False,
190,TXN_000190,04/10/2024,3.000 TND,DEBIT,Coffee Break Ariana,coffee break,Ariana,Dining,POS Card,TND,2537.890,10:36:23,TN,True,,False,
191,TXN_000191,2024-04-10,1.900,DEBIT,PARKING TUNIS,parking,Tunis,Transportation,POS Card,TND,2535.990,18:57:40,TN,1,,False,
192,TXN_000192,2024-04-11,22.310,DEBIT,UBER *TRIP 8827,Uber,,Transportation,Online Card,TND,2513.680,09:15:47,TN,False,DEV_A1,False,
193,TXN_000193,04/11/2024,7.950,DEBIT,BOLT RIDE TUNIS,Bolt,La Marsa,Transportation,Online Card,TND,2505.730,09:17:06,TN,False,DEV_A1,False,
194,TXN_000194,11-04-2024,6.500 TND,DEBIT,PARKING TUNIS,Parking,Tunis,Transportation,POS Card,TND,2499.230,17:04:27,tn,Y,,False,
195,TXN_000195,11/04/2024,"6,000",DEBIT,PARKING ARIANA,Parking,Ariana,Transportation,POS Card,TND,2493.230,17:43:29,TN,True,,False,
196,TXN_000196,2024-04-12,22.000,DEBIT,PAIEMENT PAUL 52387,Paul,La Marsa,Dining,POS Card,TND,2471.230,10:22:06,Tunisia,True,,False,
197,TXN_000197,12-04-2024,132.000 TND,DEBIT,AGIL ARIANA,Agil,Ariana,Fuel,POS Card,TND,2339.230,13:30:10,Tunisia,True,,False,
198,TXN_000198,2024-04-12,1000.000,DEBIT,RETRAIT ESPECES GUICHET BIAT ARIANA,ATM Withdrawal,Ariana,Cash Withdrawal,ATM,TND,1339.230,16:19:11,TN,True,,False,
199,TXN_000199,2024-04-13,72.950 TND,DEBIT,SHELL LA MARSA,Shell,La Marsa,Fuel,POS Card,TND,1266.280,14:13:32,TN,True,,False,
200,TXN_000200,14-04-2024,29.900,DEBIT,NETFLIX.COM,NETFLIX,Online,Subscriptions,Online Card,TND,1236.380,05:48:45,NL,False,DEV_A1,False,
201,TXN_000201,14-04-2024,"9,500",DEBIT,BOLT *TRIP 14452,Bolt,Ariana,Transportation,Online Card,TND,1226.880,09:07:58,TN,False,DEV_A1,False,
202,TXN_000202,2024-04-14,79.250,DEBIT,Carrefour Tunis,Carrefour,Tunis,Groceries,POS Card,TND,1147.630,15:48:26,TN,True,,False,
203,TXN_000203,15/04/2024,36.500,DEBIT,GAT ASSURANCES PRELEVEMENT,GAT_Assurances,Tunis,Insurance,Direct Debit,TND,1111.130,03:59,Tunisia,,,False,
204,TXN_000204,15/04/2024,"5,000",DEBIT,Coffee Break Ariana,coffee break,Ariana,Dining,POS Card,TND,1106.130,09:51,TN,True,,False,
205,TXN_000205,15 Apr 2024,60.000,DEBIT,ATM WDL 25296 BEN AROUS,ATM Withdrawal ,Ben Arous,Cash Withdrawal,ATM,TND,1046.130,16:35,TN,True,,False,
206,TXN_000206,2024-04-16,"15,250",DEBIT,UBER *TRIP 58004,Uber ,Ariana,Transportation,Online Card,TND,1030.880,08:13:26,TN,False,DEV_A1,False,
207,TXN_000207,18-04-2024,5.250,DEBIT,UBER TRIP HELP.UBER.COM,Uber,Ariana,Transport,Online Card,TND,1025.630,07:20:53,TN,False,DEV_A1,False,
208,TXN_000208,2024-04-18,TND 4.59,DEBIT,PARKING ARIANA,Parking,Ariana,Transportation,POS Card,TND,1021.040,08:07:13,TN,True,,False,
209,TXN_000209,2024-04-18,5.000,DEBIT,Coffee Break Ariana,Coffee Break,Ariana,Dining,POS Card,TND,1016.040,17:25:01,TN,True,,False,
210,TXN_000210,2024-04-19,34.450,DEBIT,OOREDOO BILL PAYMENT,Ooredoo,Online,utilities,Direct Debit,TND,981.590,04:00:31,TN,,,False,
211,TXN_000211,04/19/2024,3.000,DEBIT,BOLT *TRIP 55277,Bolt,,Transportation,Online Card,TND,978.590,07:10:34,TN,False,DEV_A1,False,
212,TXN_000212,19/04/2024,10.000,DEBIT,BOULANGERIE LE FOURNIL,Boulangerie Le Fournil,Ariana,Groceries,POS Card,TND,968.590,07:38:46,TN,True,,False,
213,TXN_000213,2024-04-19,20.800,DEBIT,PHCIE CENTRALE 45929,Pharmacie Centrale,Ariana,Healthcare,POS Card,TND,947.790,16:44:27,tn,True,,False,
214,TXN_000214,2024-04-19,8.600,DEBIT,BOLT *TRIP 1488,BOLT,La Marsa,Transportation,Online Card,TND,939.190,16:53:56,TN,False,DEV_A1,False,
215,TXN_000215,19 Apr 2024,95.400,DEBIT,RESTAURANT LE PORT CARTHAGE,restaurant le port,Carthage,,POS Card,TND,843.790,21:58:58,TN,True,,False,
216,TXN_000216,20/04/2024,18.000,DEBIT,BOLT *TRIP 46672,bolt,Ariana,Transportation,Online Card,TND,825.790,10:03:44,TN,False,DEV_A1,False,
217,TXN_000217,20/04/2024,TND 330.00,DEBIT,VIREMENT EMIS MAMAN,Family Transfer,Online,Transfer,Bank Transfer,TND,495.790,10:44:33,TN,,DEV_A1,False,
218,TXN_000218,2024-04-20,5.400,DEBIT,BOULANGERIE LE FOURNIL,boulangerie le fournil,Ariana,Groceries,POS Card,TND,490.390,11:23:35,Tunisia,True,,False,
219,TXN_000219,2024-04-22,18.500,DEBIT,SPOTIFY PREMIUM,Spotify,Online,Subscriptions,Online Card,TND,471.890,1:34 AM,SE,False,DEV_A1,False,
220,TXN_000220,22/04/2024,3.850,DEBIT,BOLT *TRIP 76400,Bolt,Ariana,Transportation,Online Card,TND,468.040,07:33,TN,False,DEV_A1,False,
221,TXN_000221,23 Apr 2024,14.100,DEBIT,Coffee Break Tunis,Coffee Break,Tunis,Dining,POS Card,TND,453.940,08:33:19,TN,True,,False,
222,TXN_000222,2024-04-23,95.000 TND,DEBIT,TOTAL SERVICE STATION LA MARSA #76840,TOTALENERGIES,La Marsa,Fuel,POS Card,TND,358.940,10:43:13,Tunisia,True,,False,
223,TXN_000223,04/23/2024,15.450,DEBIT,PAUL TUNIS,paul,Tunis,Dining,POS Card,TND,343.490,16:17:55,TN,True,,False,
224,TXN_000224,25/04/2024,1.550 TND,DEBIT,PARKING ARIANA,parking,Ariana,Transportation,POS Card,TND,341.940,12:24:50,TN,True,,False,
225,TXN_000225,2024-04-25,TND 51.60,DEBIT,RESTAURANT LE PORT,Restaurant Le Port,,Dining,POS Card,TND,290.340,13:37:35,TN,True,,False,
226,TXN_000226,26-04-2024,3200.000 TND,CREDIT,SALARY CREDIT,Nexora Solutions,Online,Salary,Bank Transfer,TND,3490.340,08:17:45,TN,,,False,
227,TXN_000227,2024-04-27,1500.000,DEBIT,VIREMENT COMPTE EPARGNE 36851,SAVINGS ACCOUNT,Online,Transfer,Standing Order,TND,1990.340,04:58:05,TN,,,False,
228,TXN_000228,2024-04-28,37.250,DEBIT,GLOVO TUNIS,Glovo,Online,Dining,Online Card,TND,1953.090,13:32:32,TN,False,DEV_A1,False,
229,TXN_000229,2024-04-29,17.600,DEBIT,CAFE EL MENZAH,Cafe El Menzah,Tunis,Dining,POS Card,TND,1935.490,07:47:10,tn,True,,False,
230,TXN_000230,29/04/2024,18.000,DEBIT,PAUL LA MARSA,Paul,La Marsa,Dining,POS Card,TND,1917.490,10:58:57,TN,True,,False,
231,TXN_000231,29/04/2024,206.834,DEBIT,BIJOUTERIE LUMIERE PARIS FR,Bijouterie Lumiere,Paris,Shopping,POS Card,TND,1710.656,13:01:56,FR,True,,True,impossible_travel
232,TXN_000232,2024-04-29,134.730,DEBIT,ELECTRO DEPOT PARIS PARIS FR,Electro Depot Paris,Paris,Electronics,POS Card,TND,1575.926,13:18:41,FR,True,,True,impossible_travel
233,TXN_000233,30 Apr 2024,4.500,DEBIT,COMMISSION TENUE COMPTE 42879,Bank Fees ,Online,Other,Direct Debit,TND,1571.426,03:20:52,TN,,,False,
234,TXN_000234,30/04/2024,8.830,DEBIT,PARKING ARIANA,Parking,Ariana,Transportation,POS Card,TND,1562.596,15:33:24,TN,True,,False,
235,TXN_000235,01/05/2024,400.000,CREDIT,VIREMENT EPARGNE VERS COMPTE COURANT,Savings Account,Online,Transfer,Standing Order,TND,1962.596,00:31:57,TN,,,False,
236,TXN_000236,2024-05-01,3.670,DEBIT,TPE CAFE EL MENZAH 60202,Cafe El Menzah,Tunis,Dining,POS Card,TND,1958.926,15:46:14,TN,True,,False,
237,TXN_000237,02/05/2024,TND 720.00,DEBIT,STE IMMOBILIERE LOYER,STE Immobiliere,Ariana,Rent,Standing Order,TND,1238.926,05:06:21,TN,,,False,
238,TXN_000238,03 May 2024,5.650,DEBIT,BOULANGERIE LE FOURNIL ARIANA,BOULANGERIE LE FOURNIL,Ariana,Groceries,POS Card,TND,1233.276,08:14:31,TN,True,,False,
239,TXN_000239,03/05/2024,13.000,DEBIT,BOULANGERIE LE FOURNIL,boulangerie le fournil,Tunis,Groceries,POS Card,TND,1220.276,09:46:47,TN,True,,False,
240,TXN_000240,2024-05-03,13.420,DEBIT,GLOVO TUNIS,GLOVO,Online,dining,Online Card,TND,1206.856,13:42:30,TN,False,DEV_B2,False,
241,TXN_000241,04/05/2024,51.400,DEBIT,JUMIA.COM.TN,Jumia,Online,Shopping,Online Card,TND,1155.456,19:24:13,TN,False,DEV_A1,False,
242,TXN_000242,05-05-2024,TND 14.75,DEBIT,GLOVO*76112,GLOVO,Online,Dining,Online Card,TND,1140.706,20:07:39,TN,False,DEV_A1,False,
243,TXN_000243,05/06/2024,65.000,DEBIT,FITNESS ZONE LA MARSA ABONNEMENT,fitness zone,La Marsa,Subscriptions,Direct Debit,TND,1075.706,03:21:15,TN,,,False,
244,TXN_000244,07-05-2024,4.640 TND,DEBIT,Coffee Break Tunis,Coffee Break,Tunis,Dining,POS Card,TND,1071.066,10:03:40,TN,True,,False,
245,TXN_000245,2024-05-08,4.300,DEBIT,COFFEE BREAK TUNIS,COFFEE BREAK,Tunis,Dining,POS Card,TND,1066.766,09:19:53,TN,True,,False,
246,TXN_000246,2024-05-08,60.000,DEBIT,INDITEX ZARA 12160,ZARA,Tunis,Shopping,POS Card,TND,1006.766,17:32:23,TN,yes,,False,
247,TXN_000247,09/05/2024,4.200,DEBIT,ICLOUD+ 50GB,Apple,Online,Subscriptions,Online Card,TND,1002.566,04:50,IE,False,DEV_A1,False,
247-dup,TXN_000247,09/05/2024,4.200,DEBIT,ICLOUD+ 50GB,Apple,Online,Subscriptions,Online Card,TND,1002.566,04:50,IE,False,DEV_A1,False,
248,TXN_000248,09 May 2024,"16,100",DEBIT,CAFE EL MENZAH,CAFE EL MENZAH,Tunis,Dining,POS Card,TND,986.466,3:31 PM,TN,True,,False,
249,TXN_000249,2024-05-10,TND 38.00,DEBIT,MCDONALDS ARIANA,MCDONALD'S,Ariana,Dining,POS Card,TND,948.466,12:25:45,Tunisia,True,,False,
250,TXN_000250,10-05-2024,55.650,DEBIT,TOTALENERGIES LA MARSA,TotalEnergies,La Marsa,Fuel,POS Card,TND,892.816,14:15:54,TN,True,,False,
251,TXN_000251,2024-05-11,341.564,CREDIT,REMBOURSEMENT LITIGE CARTE,Bank Dispute Reimbursement,Tunis,Other,Bank Transfer,TND,1234.380,11:45:32,TN,,,False,
252,TXN_000252,2024-05-11,107.450,DEBIT,RESTAURANT LE PORT,Restaurant Le Port,Tunis,Dining,POS Card,TND,1126.930,13:47:32,TN,True,,False,
253,TXN_000253,2024-05-11,59.900,DEBIT,RESTAURANT LE PORT CARTHAGE,Restaurant Le Port,,Dining,POS Card,TND,1067.030,20:53:12,TN,True,,False,
254,TXN_000254,2024-05-12,"36,000",DEBIT,TUNISIE TELECOM ADSL FACTURE,Tunisie Telecom,Online,Utilities,Direct Debit,TND,1031.030,04:50:21,TN,,,False,
255,TXN_000255,2024-05-12,TND 14.35,DEBIT,UBER TRIP HELP.UBER.COM,Uber ,Ariana,Transportation,Online Card,TND,1016.680,08:33:34,TN,False,DEV_A1,False,
256,TXN_000256,2024-05-14,89.110,DEBIT,STEG PAIEMENT 5661,STEG,Online,Utilities,Direct Debit,TND,927.570,02:25:27,TN,,,False,
257,TXN_000257,2024-05-14,29.900 TND,DEBIT,NETFLIX.COM AMSTERDAM,Netflix,Online,Subscriptions,Online Card,TND,897.670,05:29:56,NL,False,DEV_A1,False,
258,TXN_000258,2024-05-14,30.900 TND,DEBIT,PHCIE CENTRALE 16153,Pharmacie Centrale,Ariana,Healthcare,POS Card,TND,866.770,09:48:19,TN,True,,False,
259,TXN_000259,14 May 2024,2.600,DEBIT,PARKING ARIANA,parking,Ariana,Transportation,POS Card,TND,864.170,14:31:54,TN,True,,False,
260,TXN_000260,2024-05-14,6.000,DEBIT,PAIEMENT PAUL 27807,Paul,La Marsa,Dining,POS Card,TND,858.170,17:09:38,TN,True,,False,
261,TXN_000261,2024-05-15,36.500,DEBIT,GAT ASSURANCE SANTE,GAT Assurances,Tunis,Insurance,Direct Debit,TND,821.670,00:42:31,TN,,,False,
262,TXN_000262,15/05/2024,16.800,DEBIT,CAFE EL MENZAH,Cafe El Menzah,Tunis,Dining,POS Card,TND,804.870,11:13 AM,tn,True,,False,
263,TXN_000263,2024-05-16,14.000,DEBIT,BOLT *TRIP 13976,Bolt,Tunis,Transportation,Online Card,TND,790.870,07:31:46,TN,False,DEV_A1,False,
264,TXN_000264,2024-05-16,8.950,DEBIT,CAFE EL MENZAH,Cafe El Menzah,Tunis,Dining,POS Card,TND,781.920,11:15:07,TN,True,,False,
265,TXN_000265,2024-05-16,"79,640",DEBIT,RESTAURANT LE PORT,Restaurant Le Port,Carthage,Dining,POS Card,TND,702.280,21:30:06,TN,True,,False,
266,TXN_000266,2024-05-17,-3.500,DEBIT,Coffee Break Tunis,Coffee Break,Tunis,Dining,POS Card,TND,698.780,09:44:42,TN,True,,False,
267,TXN_000267,2024-05-18,7.220,DEBIT,BOLT RIDE TUNIS,Bolt,Tunis,Transportation,Online Card,TND,691.560,07:08:34,TN,no,DEV_A1,False,
268,TXN_000268,2024-05-18,102.300,DEBIT,TOTAL SERVICE STATION LA MARSA #24402,TotalEnergies,La Marsa,Fuel,POS Card,TND,589.260,07:19:59,TN,True,,False,
269,TXN_000269,2024-05-18,20.100,DEBIT,BOLT *TRIP 29214,Bolt,Tunis,Transportation,Online Card,TND,569.160,08:03:04,TN,False,DEV_B2,False,
270,TXN_000270,2024-05-18,"8,700",DEBIT,BOLT RIDE TUNIS,Bolt,Tunis,Transportation,Online Card,TND,560.460,10:38:07,TN,False,DEV_A1,False,
271,TXN_000271,18/05/2024,19.000,DEBIT,BOULANGERIE LE FOURNIL TUNIS,boulangerie le fournil,Tunis,Groceries,POS Card,TND,541.460,11:56 AM,TN,True,,False,
271-dup,TXN_000271,18/05/2024,19.000,DEBIT,BOULANGERIE LE FOURNIL TUNIS,boulangerie le fournil,Tunis,Groceries,POS Card,TND,541.460,11:56 AM,TN,True,,False,
272,TXN_000272,2024-05-18,9.050,DEBIT,BOLT RIDE TUNIS,Bolt,Tunis,Transportation,Online Card,TND,532.410,2:14 PM,TN,False,DEV_A1,False,
273,TXN_000273,2024-05-18,6.030 TND,DEBIT,BOLT RIDE TUNIS,Bolt,Tunis,Transportation,Online Card,TND,526.380,17:19:40,Tunisia,False,DEV_A1,False,
274,TXN_000274,2024-05-18,8.600,DEBIT,BOLT RIDE TUNIS,Bolt,Tunis,Transportation,Online Card,TND,517.780,21:50:10,Tunisia,False,DEV_A1,False,
275,TXN_000275,18-05-2024,"7,000",DEBIT,BOLT RIDE TUNIS,Bolt,Tunis,Transportation,Online Card,TND,510.780,22:44:08,TN,0,DEV_A1,False,
275-dup,TXN_000275,18-05-2024,"7,000",DEBIT,BOLT RIDE TUNIS,Bolt,Tunis,Transportation,Online Card,TND,510.780,22:44:08,TN,0,DEV_A1,False,
276,TXN_000276,2024-05-18,10.030 TND,DEBIT,BOLT *TRIP 10153,Bolt,Tunis,Transportation,Online Card,TND,500.750,23:38:27,TN,False,DEV_A1,False,
277,TXN_000277,05/19/2024,3.800,DEBIT,BOLT RIDE TUNIS,Bolt,Tunis,Transportation,Online Card,TND,496.950,09:07,TN,False,DEV_A1,False,
278,TXN_000278,2024-05-19,-14.000,DEBIT,BOLT RIDE TUNIS,BOLT,La Marsa,Transportation,Online Card,TND,482.950,19:54:38,TN,False,DEV_B2,False,
279,TXN_000279,20-05-2024,33.000,DEBIT,OOREDOO BILL PAYMENT,Ooredoo,Online,Utilities,Direct Debit,TND,449.950,02:07:32,TN,,,False,
280,TXN_000280,2024-05-20,"9,000",DEBIT,Coffee Break Tunis,Coffee Break,Tunis,Dining,POS Card,TND,440.950,10:08,TN,True,,False,
281,TXN_000281,2024-05-20,14.650,DEBIT,GLOVO*6978,Glovo,Online,Dining,Online Card,TND,426.300,13:35:39,TN,False,DEV_A1,False,
282,TXN_000282,2024-05-21,47.840 TND,DEBIT,SONEDE 41671,SONEDE,Online,Utilities,Direct Debit,TND,378.460,03:55:55,TN,,,False,
283,TXN_000283,2024-05-22,18.500,DEBIT,SPOTIFY PREMIUM,Spotify,Online,Subscriptions & Streaming,Online Card,TND,359.960,04:19:38,SE,False,DEV_A1,False,
284,TXN_000284,22/05/2024,"8,000",DEBIT,ORANGE TUNISIE RECHARGE 80786,Orange,Online,Utilities,Online Card,TND,351.960,13:13:20,TN,False,DEV_A1,False,
285,TXN_000285,2024-05-23,-22.000,DEBIT,BOLT *TRIP 68465,Bolt,La Marsa,Transportation,Online Card,TND,329.960,07:40:53,tn,False,DEV_B2,False,
286,TXN_000286,23-05-2024,9.200 TND,DEBIT,BOLT RIDE TUNIS,Bolt,Tunis,Transportation,Online Card,TND,320.760,08:06:31,TN,False,DEV_A1,False,
287,TXN_000287,2024-05-23,11.150,DEBIT,BOULANGERIE LE FOURNIL TUNIS,Boulangerie Le Fournil,Tunis,GROCERIES,POS Card,TND,309.610,10:25,TN,True,,False,
288,TXN_000288,23/05/2024,21.000,DEBIT,PAIEMENT PAUL 7994,Paul,Tunis,Dining,POS Card,TND,288.610,10:25:39,TN,True,,False,
289,TXN_000289,2024-05-24,TND 3155.00,CREDIT,SALARY CREDIT,Nexora Solutions,Online,Salary,Bank Transfer,TND,3443.610,07:39:08,TN,,,False,
290,TXN_000290,2024-05-24,310.000,DEBIT,HOTEL MARHABA BEACH SOUSSE,Hotel Marhaba Beach Sousse ,Sousse,Travel,POS Card,TND,3133.610,17:47:27,TN,True,,False,
291,TXN_000291,2024-05-24,41.590,DEBIT,GLOVO TUNIS,Glovo,Online,Dining,Online Card,TND,3092.020,20:03:33,TN,False,DEV_A1,False,
292,TXN_000292,2024-05-24,69.550,DEBIT,RESTAURANT SOUSSE CENTRE 428,Restaurant Local Sousse,Sousse,Dining,POS Card,TND,3022.470,21:36:13,TN,True,,False,
293,TXN_000293,2024-05-25,4.262,DEBIT,DONATENOW *97445 US,DonateNow,Online,Other,Online Card,TND,3018.208,01:11:13,US,False,DEV_E270,True,card_testing
294,TXN_000294,2024-05-25,2.931 TND,DEBIT,APPVERIFY *43842 US,APPVERIFY,Online,Other,Online Card,TND,3015.277,01:12:19,US,False,DEV_E270,True,card_testing
295,TXN_000295,25 May 2024,"2,433",DEBIT,APPVERIFY *60319 US,APPVERIFY,Online,Other,Online Card,TND,3012.844,01:13:51,US,False,DEV_E270,True,card_testing
296,TXN_000296,2024-05-25,4.760 TND,DEBIT,GIFTCHECK *85735 US,GiftCheck,Online,Other,Online Card,TND,3008.084,1:15 AM,US,False,DEV_E270,True,card_testing
297,TXN_000297,25-05-2024,-189.900,DEBIT,MEGA GADGET STORE US,Mega Gadget Store,Online,Shopping,Online Card,TND,2818.184,01:19:01,US,no,DEV_E270,True,card_testing
298,TXN_000298,25-05-2024,950.000,DEBIT,VIR PERMANENT EPARGNE,Savings Account,Online,Transfer,Standing Order,TND,1868.184,03:05:35,Tunisia,,,False,
299,TXN_000299,2024-05-25,22.000,DEBIT,BOLT *TRIP 53158,Bolt,Tunis,TRANSPORTATION,Online Card,TND,1846.184,08:49:23,TN,False,DEV_A1,False,
300,TXN_000300,2024-05-26,9.600,DEBIT,BOLT *TRIP 5363,Bolt,La Marsa,Transportation,Online Card,TND,1836.584,7:49 AM,Tunisia,False,DEV_B2,False,
301,TXN_000301,2024-05-26,4.000,DEBIT,UBER TRIP HELP.UBER.COM,uber,Ariana,Transportation,Online Card,TND,1832.584,20:39:30,TN,False,DEV_A1,False,
302,TXN_000302,27/05/2024,8.950 TND,DEBIT,CAFE EL MENZAH,Cafe El Menzah,Tunis,Dining,POS Card,TND,1823.634,09:54:30,TN,True,,False,
303,TXN_000303,2024-05-27,3.050,DEBIT,SMART PARKING LAC 78060,Parking,Tunis,Transportation,POS Card,TND,1820.584,11:26:58,TN,True,,False,
304,TXN_000304,2024-05-28,12.480,DEBIT,TPE CAFE EL MENZAH 75926,Cafe El Menzah,,Dining,POS Card,TND,1808.104,09:28:50,tn,True,,False,
305,TXN_000305,28-05-2024,10.450,DEBIT,PAIEMENT PAUL 60452,Paul,Tunis,Dining,POS Card,TND,1797.654,11:20:24,TN,True,,False,
305-dup,TXN_000305,28-05-2024,10.450,DEBIT,PAIEMENT PAUL 60452,Paul,Tunis,Dining,POS Card,TND,1797.654,11:20:24,TN,True,,False,
306,TXN_000306,2024-05-28,TND 6.76,DEBIT,PAUL LA MARSA,Paul,La Marsa,Dining,POS Card,TND,1790.894,14:38:14,TN,True,,False,
307,TXN_000307,2024-05-28,10.600,DEBIT,EPICERIE BEN SALEM ARIANA,EPICERIE BEN SALEM,Ariana,Groceries,POS Card,TND,1780.294,8:23 PM,TN,True,,False,
308,TXN_000308,2024-05-29,"3,800",DEBIT,BOULANGERIE LE FOURNIL,Boulangerie Le Fournil,Tunis,groceries,POS Card,TND,1776.494,07:12:23,TN,True,,False,
309,TXN_000309,29-05-2024,62.000,DEBIT,TOTAL SERVICE STATION TUNIS #91765,TotalEnergies,Tunis,Fuel,POS Card,TND,1714.494,14:58:41,TN,True,,False,
310,TXN_000310,29-05-2024,93.400,DEBIT,VIREMENT EMIS MAMAN,Family Transfer,Online,Transfer,Bank Transfer,TND,1621.094,17:00:51,TN,,DEV_A1,False,
311,TXN_000311,05/30/2024,4.500,DEBIT,FRAIS TENUE DE COMPTE,Bank Fees,Online,Other,Direct Debit,TND,1616.594,04:38:20,TN,,,False,
312,TXN_000312,2024-05-30,TND 160.00,DEBIT,ATM WDL 27944 LA MARSA,ATM WITHDRAWAL,La Marsa,Cash Withdrawal,ATM,TND,1456.594,10:51:45,TN,True,,False,
313,TXN_000313,2024-05-30,TND 14.30,DEBIT,COFFEE BREAK ARIANA,Coffee Break,Ariana,Dining,POS Card,TND,1442.294,10:55:29,TN,True,,False,
314,TXN_000314,30-05-2024,2.900,DEBIT,PARKING TUNIS,Parking,Tunis,Transportation,POS Card,TND,1439.394,12:18:22,TN,True,,False,
315,TXN_000315,2024-05-31,80.000,DEBIT,ATM WDL 69142 TUNIS,ATM Withdrawal ,Tunis,Cash Withdrawal,ATM,TND,1359.394,11:01 AM,TN,True,,False,
316,TXN_000316,2024-05-31,23.000,DEBIT,PAIEMENT PAUL 85984,Paul,Tunis,Dining,POS Card,TND,1336.394,11:02:54,TN,yes,,False,
317,TXN_000317,31-05-2024,25.000,DEBIT,RESTAURANT LE PORT CARTHAGE,Restaurant Le Port,Carthage,Dining,POS Card,TND,1311.394,12:26:50,TN,Y,,False,
318,TXN_000318,01-06-2024,720.000,DEBIT,VIR PERMANENT STE IMMOBILIERE,STE Immobiliere,Ariana,Rent,Standing Order,TND,591.394,00:37:52,TN,,,False,
319,TXN_000319,2024-06-01,750.000,CREDIT,VIREMENT EPARGNE VERS COMPTE COURANT,Savings_Account,,Transfer,Standing Order,TND,1341.394,05:29:11,TN,,,False,
320,TXN_000320,2024-06-01,4.700,DEBIT,Coffee Break Tunis,Coffee Break,Tunis,Dining,POS Card,TND,1336.694,09:47:01,TN,True,,False,
321,TXN_000321,02 Jun 2024,"8,200",DEBIT,BOLT *TRIP 74333,Bolt,La Marsa,Transportation,Online Card,TND,1328.494,22:43:53,TN,False,DEV_A1,False,
322,TXN_000322,03-06-2024,25.650,DEBIT,PAUL LA MARSA,paul,La Marsa,dining,POS Card,TND,1302.844,9:09 AM,TN,True,,False,
323,TXN_000323,2024-06-03,"37,780",DEBIT,EPICERIE BEN SALEM ARIANA,Epicerie Ben Salem,Ariana,groceries,POS Card,TND,1265.064,09:35:16,TN,True,,False,
324,TXN_000324,2024-06-03,132.000,DEBIT,AGIL TUNIS,Agil,Tunis,Fuel,POS Card,TND,1133.064,13:25:47,TN,True,,False,
325,TXN_000325,03/06/2024,17.300,DEBIT,PAUL LA MARSA,Paul,La Marsa,Dining,POS Card,TND,1115.764,15:07:15,TN,True,,False,
326,TXN_000326,03/06/2024,"61,000",DEBIT,PHARMACIE CENTRALE TUNIS,pharmacie centrale,Tunis,Healthcare,POS Card,TND,1054.764,15:15:42,TN,True,,False,
327,TXN_000327,04-06-2024,5.800,DEBIT,COFFEE BREAK TUNIS,Coffee Break,Tunis,Dining,POS Card,TND,1048.964,11:24,TN,True,,False,
328,TXN_000328,04/06/2024,4.050,DEBIT,TPE CAFE EL MENZAH 77929,Cafe El Menzah,Tunis,Dining,POS Card,TND,1044.914,16:02:29,TN,True,,False,
329,TXN_000329,04-06-2024,49.900,DEBIT,UDEMY.COM,UDEMY,Online,Education,Online Card,TND,995.014,16:22:26,tn,False,DEV_A1,False,
330,TXN_000330,05 Jun 2024,"6,200",DEBIT,COFFEE BREAK ARIANA,Coffee Break,Ariana,dining,POS Card,TND,988.814,11:18:13,TN,True,,False,
331,TXN_000331,05 Jun 2024,6.000,DEBIT,EPICERIE BEN SALEM ARIANA,EPICERIE BEN SALEM,Ariana,Groceries,POS Card,TND,982.814,14:50:44,TN,True,,False,
332,TXN_000332,06/06/2024,63.000,DEBIT,OPENAI *CHATGPT SUBSCR,OpenAI,Online,Subscriptions,Online Card,TND,919.814,02:11:28,US,False,DEV_A1,False,
333,TXN_000333,06/06/2024,9.800,DEBIT,COFFEE BREAK TUNIS,Coffee Break,Tunis,Dining,POS Card,TND,910.014,09:49:38,TN,True,,False,
334,TXN_000334,06/06/2024,"12,870",DEBIT,Coffee Break Ariana,COFFEE BREAK,Ariana,Dining,POS Card,TND,897.144,10:11:45,TN,True,,False,
335,TXN_000335,2024-06-06,8.740,DEBIT,BOLT *TRIP 97235,BOLT,Ariana,Transportation,Online Card,TND,888.404,19:23:33,TN,False,DEV_B2,False,
336,TXN_000336,2024-06-07,204.286,CREDIT,REMBOURSEMENT LITIGE CARTE,BANK DISPUTE REIMBURSEMENT,Tunis,Other,Bank Transfer,TND,1092.690,11:14:38,Tunisia,,,False,
337,TXN_000337,07/06/2024,10.000,DEBIT,Coffee Break Tunis,Coffee_Break,Tunis,Dining,POS Card,TND,1082.690,15:14:27,TN,True,,False,
338,TXN_000338,2024-06-08,9.750,DEBIT,BOULANGERIE LE FOURNIL ARIANA,Boulangerie Le Fournil,Ariana,Groceries,POS Card,TND,1072.940,10:24:54,TN,True,,False,
339,TXN_000339,08-06-2024,"14,000",DEBIT,BOULANGERIE LE FOURNIL,Boulangerie_Le_Fournil,Ariana,Groceries,POS Card,TND,1058.940,10:52,TN,True,,False,
340,TXN_000340,2024-06-08,25.000 TND,DEBIT,RESTAURANT LE PORT CARTHAGE,Restaurant Le Port,Carthage,Dining,POS Card,TND,1033.940,12:14:45,TN,True,,False,
341,TXN_000341,2024-06-09,4.200 TND,DEBIT,ICLOUD+ 50GB,Apple,Online,Subscriptions,Online Card,TND,1029.740,01:41:14,IE,False,DEV_A1,False,
342,TXN_000342,09/06/2024,65.000 TND,DEBIT,FITNESS ZONE LA MARSA ABONNEMENT,Fitness Zone,La Marsa,Subscriptions,Direct Debit,TND,964.740,05:01:13,TN,,,False,
343,TXN_000343,2024-06-09,23.100,DEBIT,COFFEE BREAK ARIANA,Coffee Break,Ariana,Dining,POS Card,TND,941.640,15:37:12,TN,True,,False,
344,TXN_000344,2024-06-09,31.400,DEBIT,BOLT RIDE TUNIS,Bolt,La Marsa,Transportation,Online Card,TND,910.240,17:32:13,TN,False,DEV_A1,False,
345,TXN_000345,10 Jun 2024,1.700 TND,DEBIT,PARKING TUNIS,Parking,Tunis,Transportation,POS Card,TND,908.540,3:56 PM,TN,True,,False,
346,TXN_000346,2024-06-10,"3,720",DEBIT,CAFE EL MENZAH,Cafe_El_Menzah,Tunis,Dining,POS Card,TND,904.820,16:43:04,TN,True,,False,
347,TXN_000347,11 Jun 2024,-2.200,DEBIT,PARKING ARIANA,PARKING,Ariana,Transportation,POS Card,TND,902.620,18:54:05,TN,True,,False,
348,TXN_000348,06/12/2024,36.000,DEBIT,TUNISIE TELECOM ADSL FACTURE,TUNISIE TELECOM,Online,Utilities,Direct Debit,TND,866.620,05:05:31,TN,,,False,
349,TXN_000349,2024-06-12,9.000,DEBIT,Coffee Break Ariana,Coffee Break,Ariana,Dining,POS Card,TND,857.620,07:37:30,TN,True,,False,
350,TXN_000350,12 Jun 2024,4.650,DEBIT,PARKING TUNIS,PARKING,Tunis,Transportation,POS Card,TND,852.970,08:04:44,TN,True,,False,
351,TXN_000351,2024-06-12,84.300 TND,DEBIT,TOTAL SERVICE STATION TUNIS #7099,TotalEnergies,Tunis,Fuel,POS Card,TND,768.670,12:13:18,TN,True,,False,
352,TXN_000352,2024-06-13,4.550,DEBIT,CAFE EL MENZAH,CAFE EL MENZAH,Tunis,Dining,POS Card,TND,764.120,10:48:13,TN,True,,False,
353,TXN_000353,2024-06-14,TND 29.90,DEBIT,NETFLIX.COM,Netflix,Online,Subscriptions,Online Card,TND,734.220,06:19:13,nl,False,DEV_A1,False,
354,TXN_000354,2024-06-14,2.600,DEBIT,SMART PARKING LAC 39348,Parking,Ariana,Transportation,POS Card,TND,731.620,15:20:24,TN,True,,False,
355,TXN_000355,2024-06-15,36.500 TND,DEBIT,GAT ASSURANCES PRELEVEMENT,GAT Assurances,Tunis,Insurance,Direct Debit,TND,695.120,01:57:56,TN,,,False,
356,TXN_000356,15 Jun 2024,50.000,DEBIT,ATM WDL 50820 ARIANA,ATM Withdrawal,Ariana,Cash Withdrawal,ATM,TND,645.120,09:16:45,TN,True,,False,
357,TXN_000357,2024-06-15,6.800,DEBIT,BOLT RIDE TUNIS,BOLT,La Marsa,Transportation,Online Card,TND,638.320,21:15:30,TN,False,DEV_A1,False,
358,TXN_000358,2024-06-16,3.200,DEBIT,BOLT RIDE TUNIS,Bolt,La Marsa,Transportation,Online Card,TND,635.120,22:22:08,TN,False,DEV_A1,False,
359,TXN_000359,2024-06-17,17.660,DEBIT,TPE CAFE EL MENZAH 7031,Cafe El Menzah ,Tunis,DINING,POS Card,TND,617.460,11:15:49,TN,True,,False,
360,TXN_000360,19-06-2024,-38.970,DEBIT,OOREDOO TUNISIE FACTURE 70827,Ooredoo ,Online,utilities,Direct Debit,TND,578.490,00:50:00,TN,,,False,,EXTRA_FIELD
361,TXN_000361,2024-06-19,TND 49.50,DEBIT,PAUL LA MARSA,Paul,La Marsa,Dining,POS Card,TND,528.990,10:17:53,TN,True,,False,
362,TXN_000362,19 Jun 2024,"70,590",DEBIT,RESTAURANT LE PORT TUNIS,RESTAURANT LE PORT,Tunis,Dining,POS Card,TND,458.400,12:02:20,TN,True,,False,
363,TXN_000363,2024-06-19,4.000,DEBIT,Coffee Break Tunis,COFFEE BREAK,Tunis,Dining,POS Card,TND,454.400,17:50:55,TN,True,,False,
364,TXN_000364,2024-06-20,13.900,DEBIT,RECHARGE DATA ORANGE,Orange,Online,Utilities,Online Card,TND,440.500,09:21:16,TN,False,DEV_A1,False,
365,TXN_000365,2024-06-20,33.550,DEBIT,PHARMACIE CENTRALE TUNIS,Pharmacie Centrale,Tunis,Healthcare,POS Card,TND,406.950,10:49:17,TN,yes,,False,
366,TXN_000366,06/21/2024,3.000,DEBIT,SMART PARKING LAC 37049,Parking,Ariana,transport,POS Card,TND,403.950,8:15 AM,TN,True,,False,
367,TXN_000367,2024-06-21,33.400 TND,DEBIT,GLOVO TUNIS,Glovo,Online,Dining,Online Card,TND,370.550,14:07:14,TN,False,DEV_A1,False,
368,TXN_000368,2024-06-22,18.500,DEBIT,SPOTIFY AB STOCKHOLM,spotify,Online,Subscriptions,Online Card,TND,352.050,03:13:38,SE,False,DEV_A1,False,
369,TXN_000369,2024-06-22,"7,000",DEBIT,BOLT RIDE TUNIS,Bolt,Tunis,Transportation,Online Card,TND,345.050,07:20:06,TN,False,DEV_A1,False,
370,TXN_000370,2024-06-24,21.200,DEBIT,PHARMACIE CENTRALE ARIANA,Pharmacie Centrale,Ariana,Healthcare,POS Card,TND,323.850,12:13:19,TN,True,,False,
371,TXN_000371,25 Jun 2024,6.650,DEBIT,PAUL TUNIS,Paul,Tunis,Dining,POS Card,TND,317.200,09:17:54,TN,True,,False,
372,TXN_000372,25-06-2024,3.740,DEBIT,Coffee Break Ariana,Coffee Break,Ariana,Dining,POS Card,TND,313.460,16:59:38,TN,True,,False,
373,TXN_000373,25-06-2024,-8.000,DEBIT,SMART PARKING LAC 35204,Parking,Tunis,,POS Card,TND,305.460,17:30:36,TN,Y,,False,
374,TXN_000374,2024-06-25,-39.600,DEBIT,CINEMAS PATHE 39304,Pathe_Tunis_City,Tunis,Entertainment,POS Card,TND,265.860,18:54:01,TN,True,,False,
375,TXN_000375,2024-06-27,3260.000,CREDIT,SALARY CREDIT,Nexora Solutions,Online,Salary,Bank Transfer,TND,3525.860,07:12:19,TN,,,False,
376,TXN_000376,2024-06-28,TND 1200.00,DEBIT,VIREMENT COMPTE EPARGNE 81603,Savings Account,Online,Transfer,Standing Order,TND,2325.860,03:31:48,TN,,,False,
377,TXN_000377,2024-06-28,482.954,DEBIT,LUXE WATCHES ONLINE HK,Luxe Watches Online,Online,Shopping,Online Card,TND,1842.906,04:57:56,HK,False,DEV_D7EB,True,night_high_value_online
378,TXN_000378,2024-06-28,3.500,DEBIT,CAFE EL MENZAH,CAFE EL MENZAH,Tunis,Dining,POS Card,TND,1839.406,10:16:53,TN,True,,False,
379,TXN_000379,29-06-2024,3.000,DEBIT,BOULANGERIE LE FOURNIL,BOULANGERIE LE FOURNIL,Tunis,Groceries,POS Card,TND,1836.406,07:44:54,TN,True,,False,
380,TXN_000380,06/29/2024,7.240,DEBIT,BOULANGERIE LE FOURNIL ARIANA,Boulangerie Le Fournil ,Ariana,Groceries,POS Card,TND,1829.166,09:31:44,TN,True,,False,
381,TXN_000381,2024-06-29,57.700,DEBIT,TOTALENERGIES TUNIS,TotalEnergies,Tunis,Fuel,POS Card,TND,1771.466,13:26:07,TN,True,,False,
382,TXN_000382,29 Jun 2024,12.200,DEBIT,BOLT RIDE TUNIS,Bolt,La Marsa,Transportation,Online Card,TND,1759.266,22:58,TN,False,DEV_A1,False,
383,TXN_000383,2024-06-30,4.800,DEBIT,COMMISSION TENUE COMPTE 96966,bank fees,Online,Other,Direct Debit,TND,1754.466,03:48:53,TN,,,False,
384,TXN_000384,07/01/2024,720.000,DEBIT,STE IMMOBILIERE LOYER,STE Immobiliere,Ariana,Rent,Standing Order,TND,1034.466,02:47:06,TN,,,False,
385,TXN_000385,2024-07-01,1350.000,CREDIT,VIREMENT EPARGNE VERS COMPTE COURANT,SAVINGS ACCOUNT,Online,Transfer,Standing Order,TND,2384.466,03:57:07,TN,,,False,
386,TXN_000386,2024-07-01,2.520,DEBIT,PARKING ARIANA,Parking,Ariana,Transportation,POS Card,TND,2381.946,12:15:48,TN,yes,,False,
387,TXN_000387,2024-07-01,77.500,DEBIT,D17 TRANSFER 67410,Friend Transfer,Online,Transfer,Mobile Wallet,TND,2304.446,14:20:15,TN,False,DEV_A1,False,
388,TXN_000388,2024-07-02,36.500,DEBIT,MCDONALDS LA MARSA,McDonald's,La Marsa,Dining,POS Card,TND,2267.946,13:11,TN,True,,False,
389,TXN_000389,02/07/2024,12.100 TND,DEBIT,BOLT *TRIP 54939,bolt,Ariana,Transportation,Online Card,TND,2255.846,19:34:49,TN,False,DEV_B2,False,
390,TXN_000390,03 Jul 2024,25.150,DEBIT,Coffee Break Tunis,Coffee Break,Tunis,Dining,POS Card,TND,2230.696,9:08 AM,TN,True,,False,
391,TXN_000391,03/07/2024,80.000,DEBIT,ATM WDL 29371 TUNIS,ATM_Withdrawal,Tunis,ATM/Cash,ATM,TND,2150.696,10:44:34,TN,True,,False,
392,TXN_000392,07/04/2024,4.000,DEBIT,CAFE EL MENZAH,Cafe El Menzah,Tunis,Dining,POS Card,TND,2146.696,14:57:40,TN,True,,False,
393,TXN_000393,05/07/2024,5.280,DEBIT,BOLT *TRIP 64667,Bolt,Tunis,Transportation,Online Card,TND,2141.416,07:23:39,TN,False,DEV_A1,False,
394,TXN_000394,2024-07-05,6.600,DEBIT,COFFEE BREAK TUNIS,,Tunis,Dining,POS Card,TND,2134.816,08:27:51,TN,True,,False,
395,TXN_000395,05 Jul 2024,7.760 TND,DEBIT,BOULANGERIE LE FOURNIL,Boulangerie Le Fournil,Ariana,Groceries,POS Card,TND,2127.056,8:54 AM,TN,True,,False,
396,TXN_000396,07/05/2024,2.000,DEBIT,BOULANGERIE LE FOURNIL ARIANA,Boulangerie Le Fournil,Ariana,Groceries,POS Card,TND,2125.056,10:29 AM,TN,True,,False,
397,TXN_000397,05/07/2024,9.500,DEBIT,EPICERIE BEN SALEM,Epicerie Ben Salem,Ariana,Groceries,POS Card,TND,2115.556,12:27:16,TN,True,,False,
398,TXN_000398,06-07-2024,63.000,DEBIT,OPENAI *CHATGPT SUBSCR,openai,Online,subscription,Online Card,TND,2052.556,01:53:32,us,False,DEV_A1,False,
399,TXN_000399,2024-07-06,TND 53.85,DEBIT,RESTAURANT LE PORT,Restaurant Le Port,Tunis,Dining,POS Card,TND,1998.706,12:11 PM,TN,True,,False,
400,TXN_000400,2024-07-06,21.000,DEBIT,UBER *TRIP 72504,Uber,Tunis,TRANSPORTATION,Online Card,TND,1977.706,17:20:00,TN,False,DEV_B2,False,
401,TXN_000401,2024-07-07,176.000,DEBIT,RESTAURANT LE PORT,RESTAURANT LE PORT,Tunis,Dining,POS Card,TND,1801.706,12:53:02,TN,True,,False,
402,TXN_000402,08 Jul 2024,36.000,DEBIT,TT FIXE INTERNET 25464,tunisie telecom,Online,Utilities,Direct Debit,TND,1765.706,04:09:06,TN,,,False,
403,TXN_000403,2024-07-08,16.450,DEBIT,PAIEMENT PAUL 56357,Paul,La Marsa,Dining,POS Card,TND,1749.256,10:19:18,Tunisia,True,,False,
404,TXN_000404,2024-07-09,4.200,DEBIT,APPLE.COM/BILL,Apple,Online,Subscriptions & Streaming,Online Card,TND,1745.056,04:31:18,IE,N,DEV_A1,False,
405,TXN_000405,10/07/2024,"70,000",DEBIT,FITNESS ZONE MEMBERSHIP,FITNESS ZONE,Ariana,Subscriptions,Direct Debit,TND,1675.056,01:08,Tunisia,,,False,
406,TXN_000406,10/07/2024,-10.900,DEBIT,COFFEE BREAK TUNIS,Coffee_Break,Tunis,Dining,POS Card,TND,1664.156,15:23:55,TN,True,,False,
407,TXN_000407,2024-07-10,6.540,DEBIT,BOLT RIDE TUNIS,Bolt,La Marsa,Transportation,Online Card,TND,1657.616,15:24,TN,False,DEV_A1,False,
408,TXN_000408,2024-07-11,"25,750",DEBIT,BOLT *TRIP 17576,bolt,La Marsa,Transportation,Online Card,TND,1631.866,19:47:08,TN,False,DEV_A1,False,
409,TXN_000409,2024-07-11,96.400,DEBIT,BOLT RIDE TUNIS,Bolt,Tunis,Transportation,Online Card,TND,1535.466,21:24:27,TN,no,DEV_A1,False,
410,TXN_000410,11/07/2024,56.450,DEBIT,RESTAURANT LE PORT CARTHAGE,RESTAURANT LE PORT,Carthage,Dining,POS Card,TND,1479.016,21:44:18,TN,yes,,False,
411,TXN_000411,07/12/2024,3.940,DEBIT,BOLT RIDE TUNIS,BOLT,Tunis,Transportation,Online Card,TND,1475.076,14:58:22,TN,False,DEV_A1,False,
412,TXN_000412,2024-07-12,TND 560.00,DEBIT,HOTEL LES JASMINS HAMMAMET,Hotel Les Jasmins,Hammamet,Travel,POS Card,TND,915.076,16:04,TN,True,,False,
413,TXN_000413,12/07/2024,"62,500",DEBIT,RESTAURANT LES DUNES HMT #2013,Restaurant Les Dunes,Hammamet,dining,POS Card,TND,852.576,9:32 PM,TN,True,,False,
414,TXN_000414,2024-07-13,482.954,CREDIT,REMBOURSEMENT LITIGE CARTE,BANK DISPUTE REIMBURSEMENT,Tunis,Other,Bank Transfer,TND,1335.530,11:39:18,TN,,,False,
415,TXN_000415,2024-07-13,71.200,DEBIT,RESTAURANT LES DUNES HMT #1342,Restaurant Les Dunes,Hammamet,Dining,POS Card,TND,1264.330,12:07:03,TN,True,,False,
416,TXN_000416,2024-07-13,8.000,DEBIT,EPICERIE BEN SALEM,Epicerie Ben Salem,Ariana,Groceries,POS Card,TND,1256.330,6:28 PM,TN,True,,False,
417,TXN_000417,13/07/2024,48.700,DEBIT,RESTAURANT LES DUNES HMT #4449,Restaurant Les Dunes,Hammamet,Dining,POS Card,TND,1207.630,20:52:48,TN,True,,False,
418,TXN_000418,2024-07-13,35.250,DEBIT,STEAMGAMES.COM 12395,Steam,Online,Entertainment,Online Card,TND,1172.380,22:02:39,US,False,DEV_A1,False,
419,TXN_000419,14/07/2024,139.700,DEBIT,STEG FACTURE ELEC GAZ,STEG,Online,Utilities,Direct Debit,TND,1032.680,02:17:26,TN,,,False,
420,TXN_000420,2024-07-14,29.900,DEBIT,NETFLIX.COM AMSTERDAM,Netflix,Online,Subscriptions,Online Card,TND,1002.780,06:16:30,NL,False,DEV_A1,False,
420-dup,TXN_000420,2024-07-14,29.900,DEBIT,NETFLIX.COM AMSTERDAM,Netflix,Online,Subscriptions,Online Card,TND,1002.780,06:16:30,NL,False,DEV_A1,False,
421,TXN_000421,14/07/2024,28.400,DEBIT,PAIEMENT PAUL 84931,Paul,La Marsa,Dining,POS Card,TND,974.380,10:34:51,TN,True,,False,
422,TXN_000422,2024-07-14,18.000,DEBIT,PHARMACIE CENTRALE ARIANA,PHARMACIE CENTRALE,Ariana,Healthcare,POS Card,TND,956.380,10:51:33,TN,True,,False,
423,TXN_000423,2024-07-14,14.500,DEBIT,EPICERIE BEN SALEM,Epicerie Ben Salem,Ariana,Grocery,POS Card,TND,941.880,11:24,TN,True,,False,
424,TXN_000424,07/14/2024,38.900,DEBIT,RESTAURANT LES DUNES HMT #2871,Restaurant_Les_Dunes,Hammamet,Dining,POS Card,TND,902.980,14:00,TN,True,,False,
425,TXN_000425,2024-07-15,"36,500",DEBIT,GAT ASSURANCE SANTE,GAT Assurances,Tunis,Insurance,Direct Debit,TND,866.480,01:42:08,Tunisia,,,False,
426,TXN_000426,07/15/2024,132.000,DEBIT,STATION AGIL 6198,Agil,Ariana,Fuel,POS Card,TND,734.480,07:27:13,TN,True,,False,
427,TXN_000427,2024-07-15,15.650 TND,DEBIT,Coffee Break Tunis,Coffee Break,Tunis,Dining,POS Card,TND,718.830,07:44:28,TN,True,,False,
428,TXN_000428,2024-07-15,"2,150",DEBIT,PARKING TUNIS,Parking ,Tunis,Transportation,POS Card,TND,716.680,09:13:21,TN,True,,False,
429,TXN_000429,17 Jul 2024,9.800,DEBIT,Coffee Break Ariana,Coffee Break,Ariana,Dining,POS Card,TND,706.880,11:15:32,TN,True,,False,
430,TXN_000430,18-07-2024,3.430,DEBIT,TPE CAFE EL MENZAH 40123,Cafe El Menzah,Tunis,Dining,POS Card,TND,703.450,11:10:04,TN,True,,False,
431,TXN_000431,18/07/2024,"9,260",DEBIT,COFFEE BREAK TUNIS,Coffee Break,Tunis,Dining,POS Card,TND,694.190,16:48:30,TN,True,,False,
432,TXN_000432,2024-07-18,15.950,DEBIT,MCDO 92479,McDonald's,Ariana,Dining,POS Card,TND,678.240,21:10:12,TN,True,,False,
433,TXN_000433,2024-07-19,15.400,DEBIT,EPICERIE BEN SALEM,Epicerie Ben Salem,Ariana,Groceries,POS Card,TND,662.840,13:40,TN,True,,False,
434,TXN_000434,2024-07-19,27.000,DEBIT,PAIEMENT PAUL 19340,Paul,La Marsa,DINING,POS Card,TND,635.840,15:37:41,TN,True,,False,
435,TXN_000435,19/07/2024,62.230,DEBIT,VIREMENT EMIS MAMAN,Family Transfer,Online,Transfer,Bank Transfer,TND,573.610,19:30:49,TN,,DEV_A1,False,
436,TXN_000436,2024-07-20,TND 32.80,DEBIT,OOREDOO BILL PAYMENT,Ooredoo,Online,Utilities,Direct Debit,TND,540.810,04:24:43,Tunisia,,,False,
437,TXN_000437,2024-07-20,"23,000",DEBIT,PAUL TUNIS,Paul,Tunis,Dining,POS Card,TND,517.810,08:36:20,TN,True,,False,
438,TXN_000438,2024-07-20,6.100,DEBIT,UBER *TRIP 4889,Uber,Tunis,Transportation,Online Card,TND,511.710,10:24:59,TN,False,DEV_A1,False,
439,TXN_000439,2024-07-20,20.260,DEBIT,EPICERIE BEN SALEM ARIANA,Epicerie Ben Salem,Ariana,Groceries,POS Card,TND,491.450,5:52 PM,TN,True,,False,
440,TXN_000440,2024-07-20,32.000,DEBIT,CINEMAS PATHE 10749,PATHE TUNIS CITY,Tunis,Entertainment,POS Card,TND,459.450,19:00:22,TN,True,,False,
441,TXN_000441,2024-07-21,45.760,DEBIT,CARREFOUR HYPER LA MARSA,carrefour,La Marsa,Groceries,POS Card,TND,413.690,15:45:58,TN,True,,False,
442,TXN_000442,21/07/2024,16.200,DEBIT,PATHE TUNIS CITY,pathe tunis city,Tunis,Entertainment,POS Card,TND,397.490,20:15:26,TN,True,,False,
443,TXN_000443,2024-07-22,18.500 TND,DEBIT,SPOTIFY AB STOCKHOLM,Spotify,Online,Subscriptions,Online Card,TND,378.990,03:15:10,SE,False,DEV_A1,False,
444,TXN_000444,07/22/2024,3.300,DEBIT,PARKING ARIANA,Parking,Ariana,Transportation,POS Card,TND,375.690,14:55:49,TN,True,,False,
445,TXN_000445,22/07/2024,6.500,DEBIT,PAUL TUNIS,Paul,Tunis,Dining,POS Card,TND,369.190,16:46:04,TN,True,,False,
446,TXN_000446,2024-07-22,10.950,DEBIT,PHCIE CENTRALE 19398,Pharmacie Centrale,Tunis,Healthcare,POS Card,TND,358.240,17:14:48,TN,True,,False,
447,TXN_000447,23/07/2024,11.940,DEBIT,BOLT RIDE TUNIS,BOLT,Tunis,Transportation,Online Card,TND,346.300,08:14:33,TN,False,DEV_A1,False,
448,TXN_000448,23-07-2024,10.300,DEBIT,PAUL TUNIS,Paul,Tunis,Dining,POS Card,TND,336.000,08:46:10,TN,True,,False,
448-dup,TXN_000448,23-07-2024,10.300,DEBIT,PAUL TUNIS,Paul,Tunis,Dining,POS Card,TND,336.000,08:46:10,TN,True,,False,
449,TXN_000449,23/07/2024,12.000,DEBIT,CAFE EL MENZAH,Cafe El Menzah,Tunis,Dining,POS Card,TND,324.000,09:00,TN,True,,False,
450,TXN_000450,24 Jul 2024,9.690,DEBIT,PAIEMENT PAUL 50564,PAUL,Tunis,dining,POS Card,TND,314.310,14:07,TN,True,,False,
451,TXN_000451,2024-07-24,4.000,DEBIT,CAFE EL MENZAH,Cafe El Menzah ,Tunis,Dining,POS Card,TND,310.310,14:52:42,TN,True,,False,
452,TXN_000452,07/24/2024,12.700,DEBIT,CAFE EL MENZAH,Cafe El Menzah,Tunis,Dining,POS Card,TND,297.610,16:37:30,TN,True,,False,
453,TXN_000453,24-07-2024,16.460,DEBIT,STEAM PURCHASE,STEAM,Online,Entertainment,Online Card,TND,281.150,7:24 PM,us,False,DEV_A1,False,
454,TXN_000454,25-07-2024,"3200,000",CREDIT,SALARY CREDIT,Nexora Solutions,Online,Salary,Bank Transfer,TND,3481.150,06:14:57,Tunisia,,,False,
455,TXN_000455,07/25/2024,121.190,DEBIT,TOTAL SERVICE STATION LA MARSA #9842,TotalEnergies,La Marsa,Fuel,POS Card,TND,3359.960,10:55:37,TN,True,,False,
456,TXN_000456,2024-07-25,1.850 TND,DEBIT,SMART PARKING LAC 8254,Parking,Ariana,Transportation,POS Card,TND,3358.110,16:55:04,TN,True,,False,
457,TXN_000457,2024-07-25,23.810,DEBIT,EPICERIE BEN SALEM,EPICERIE BEN SALEM,Ariana,Groceries,POS Card,TND,3334.300,18:37:29,TN,True,,False,
458,TXN_000458,2024-07-25,6.800,DEBIT,BOLT RIDE TUNIS,Bolt,Tunis,Transport,Online Card,TND,3327.500,20:21:28,TN,False,DEV_B2,False,
459,TXN_000459,26-07-2024,1500.000,DEBIT,VIREMENT COMPTE EPARGNE 96854,Savings Account,Online,Transfer,Standing Order,TND,1827.500,02:53:43,Tunisia,,,False,
460,TXN_000460,2024-07-26,38.000,DEBIT,BOLT *TRIP 54584,Bolt,Ariana,Transportation,Online Card,TND,1789.500,06:42:31,TN,False,DEV_A1,False,
461,TXN_000461,2024-07-27,36.280,DEBIT,EPICERIE BEN SALEM,epicerie ben salem,Ariana,Groceries,POS Card,TND,1753.220,10:18:34,TN,True,,False,
462,TXN_000462,2024-07-27,38.150,DEBIT,RESTAURANT LE PORT,Restaurant Le Port,Tunis,Dining,POS Card,TND,1715.070,8:01 PM,TN,True,,False,
463,TXN_000463,2024-07-27,75.200,DEBIT,RESTAURANT LE PORT,Restaurant Le Port,Carthage,Dining,POS Card,TND,1639.870,9:22 PM,TN,True,,False,
464,TXN_000464,2024-07-28,66.200,DEBIT,MONOPRIX LA MARSA #30695,MONOPRIX,La Marsa,Groceries,POS Card,TND,1573.670,16:35:20,TN,True,,False,
465,TXN_000465,2024-07-28,16.000,DEBIT,EPICERIE BEN SALEM ARIANA,Epicerie Ben Salem ,Ariana,Groceries,POS Card,TND,1557.670,18:56:15,TN,True,,False,
466,TXN_000466,2024-07-28,25.000,DEBIT,RESTAURANT LE PORT CARTHAGE,RESTAURANT LE PORT,Carthage,Dining,POS Card,TND,1532.670,20:40:34,TN,Y,,False,
467,TXN_000467,30/07/2024,4.800,DEBIT,COMMISSION TENUE COMPTE 89793,bank fees,Online,Other,Direct Debit,TND,1527.870,4:15 AM,TN,,,False,
468,TXN_000468,2024-07-30,6.200,DEBIT,Coffee Break Ariana,Coffee Break,Ariana,Dining,POS Card,TND,1521.670,10:30:06,TN,True,,False,
469,TXN_000469,30-07-2024,70.000 TND,DEBIT,RETRAIT DAB BIAT LA MARSA,atm withdrawal,La Marsa,Cash Withdrawal,ATM,TND,1451.670,13:31:37,TN,yes,,False,
470,TXN_000470,2024-07-31,-17.800,DEBIT,BOLT *TRIP 8351,bolt,Tunis,Transportation,Online Card,TND,1433.870,13:46:49,TN,N,DEV_A1,False,
471,TXN_000471,2024-08-01,2550.000,CREDIT,VIREMENT EPARGNE VERS COMPTE COURANT,SAVINGS ACCOUNT,Online,Transfer,Standing Order,TND,3983.870,00:50,TN,,,False,
472,TXN_000472,2024-08-01,7.510,DEBIT,PAIEMENT PAUL 89079,Paul,Tunis,Dining,POS Card,TND,3976.360,10:33,TN,True,,False,
473,TXN_000473,2024-08-01,TND 5.00,DEBIT,COFFEE BREAK TUNIS,Coffee Break,Tunis,Dining,POS Card,TND,3971.360,14:24:56,tn,True,,False,
474,TXN_000474,01/08/2024,7.420,DEBIT,SMART PARKING LAC 98084,Parking,Ariana,Transportation,POS Card,TND,3963.940,18:35:45,TN,True,,False,
475,TXN_000475,2024-08-02,4.900,DEBIT,SMART PARKING LAC 22111,Parking,Ariana,Transport,POS Card,TND,3959.040,16:26:37,TN,True,,False,
476,TXN_000476,02/08/2024,28.020,DEBIT,STEAMGAMES.COM 84010,Steam,Online,entertainment,Online Card,TND,3931.020,23:20:59,US,False,DEV_A1,False,
477,TXN_000477,04-08-2024,720.000,DEBIT,STE IMMOBILIERE LOYER,STE Immobiliere,Ariana,Rent,Standing Order,TND,3211.020,01:20:28,TN,,,False,
478,TXN_000478,2024-08-04,9.570,DEBIT,BOULANGERIE LE FOURNIL ARIANA,Boulangerie Le Fournil,Ariana,Groceries,POS Card,TND,3201.450,07:40:40,TN,True,,False,
479,TXN_000479,2024-08-04,2.400 TND,DEBIT,PARKING TUNIS,Parking,Tunis,Transportation,POS Card,TND,3199.050,10:58:09,TN,True,,False,
480,TXN_000480,2024-08-04,"8,150",DEBIT,RECHARGE DATA ORANGE,Orange,Online,Utilities,Online Card,TND,3190.900,16:05:07,TN,0,DEV_A1,False,
481,TXN_000481,2024-08-05,"7,000",DEBIT,UBER *TRIP 78954,Uber,Ariana,Transportation,Online Card,TND,3183.900,06:58:46,TN,False,DEV_A1,False,
482,TXN_000482,05 Aug 2024,3.600,DEBIT,PARKING ARIANA,Parking ,Ariana,Transportation,POS Card,TND,3180.300,18:28,TN,True,,False,
483,TXN_000483,2024-08-06,"63,000",DEBIT,OPENAI *CHATGPT SUBSCR,OpenAI,Online,Subscriptions,Online Card,TND,3117.300,01:41:58,US,False,DEV_A1,False,
484,TXN_000484,08/06/2024,6.100,DEBIT,COFFEE BREAK TUNIS,coffee break,Tunis,Dining,POS Card,TND,3111.200,07:54:19,TN,True,,False,
485,TXN_000485,06-08-2024,8.050,DEBIT,Coffee Break Tunis,Coffee Break,Tunis,Dining,POS Card,TND,3103.150,16:46:55,TN,True,,False,
486,TXN_000486,06 Aug 2024,"5,200",DEBIT,SMART PARKING LAC 18264,Parking,Tunis,Transportation,POS Card,TND,3097.950,18:03:22,TN,True,,False,
487,TXN_000487,07-08-2024,"70,000",DEBIT,FITNESS ZONE MEMBERSHIP,Fitness Zone,La Marsa,Subscriptions,Direct Debit,TND,3027.950,03:26:08,TN,,,False,
488,TXN_000488,07 Aug 2024,11.400 TND,DEBIT,TPE CAFE EL MENZAH 16383,CAFE EL MENZAH,Tunis,Dining,POS Card,TND,3016.550,08:09:44,TN,True,,False,
489,TXN_000489,07/08/2024,-3.980,DEBIT,PARKING ARIANA,Parking,Ariana,Transport,POS Card,TND,3012.570,08:18:14,TN,True,,False,
490,TXN_000490,07/08/2024,TND 9.18,DEBIT,BOLT RIDE TUNIS,Bolt ,Ariana,Transport,Online Card,TND,3003.390,09:16:43,TN,False,DEV_B2,False,
491,TXN_000491,2024-08-07,1.800,DEBIT,PARKING ARIANA,Parking,Ariana,Transportation,POS Card,TND,3001.590,16:37:44,TN,True,,False,
492,TXN_000492,2024-08-09,"4,200",DEBIT,ICLOUD+ 50GB,apple,Online,Subscriptions,Online Card,TND,2997.390,05:24:40,IE,False,DEV_A1,False,
493,TXN_000493,09/08/2024,7.250,DEBIT,BOULANGERIE LE FOURNIL TUNIS,boulangerie le fournil,Tunis,Groceries,POS Card,TND,2990.140,10:25:36,TN,True,,False,
494,TXN_000494,09-08-2024,10.000,DEBIT,PAUL TUNIS,paul,Tunis,Dining,POS Card,TND,2980.140,14:15:36,tn,True,,False,
495,TXN_000495,10/08/2024,5.770,DEBIT,EPICERIE BEN SALEM ARIANA,Epicerie Ben Salem,Ariana,Groceries,POS Card,TND,2974.370,09:25:06,TN,Y,,False,
496,TXN_000496,2024-08-10,-156.870,DEBIT,MG LA MARSA,mg,La Marsa,Groceries,POS Card,TND,2817.500,17:02:59,TN,True,,False,
497,TXN_000497,10/08/2024,5.300,DEBIT,BOLT *TRIP 25596,Bolt,La Marsa,Transportation,Online Card,TND,2812.200,20:56:02,TN,False,DEV_A1,False,
498,TXN_000498,10/08/2024,10.700,DEBIT,BOLT *TRIP 71386,Bolt,Tunis,Transportation,Online Card,TND,2801.500,22:12:42,TN,False,DEV_A1,False,
499,TXN_000499,11/08/2024,8.770,DEBIT,EPICERIE BEN SALEM ARIANA,Epicerie Ben Salem,Ariana,Groceries,POS Card,TND,2792.730,12:08:43,TN,True,,False,
500,TXN_000500,12/08/2024,36.000,DEBIT,TT FIXE INTERNET 36149,Tunisie Telecom,Online,Bills,Direct Debit,TND,2756.730,03:55:25,TN,,,False,
501,TXN_000501,2024-08-12,-9.000,DEBIT,BOULANGERIE LE FOURNIL ARIANA,Boulangerie Le Fournil
502,TXN_000502,2024-08-13,21.210,DEBIT,PAUL LA MARSA,Paul,La Marsa,Dining,POS Card,TND,2726.520,08:06:31,TN,True,,False,
503,TXN_000503,13-08-2024,6.900,DEBIT,BOULANGERIE LE FOURNIL,Boulangerie Le Fournil,Ariana,Groceries,POS Card,TND,2719.620,09:01:20,TN,True,,False,
504,TXN_000504,13/08/2024,14.700,DEBIT,BOULANGERIE LE FOURNIL,Boulangerie Le Fournil,Ariana,Food & Groceries,POS Card,TND,2704.920,09:49:52,TN,Y,,False,
505,TXN_000505,2024-08-14,29.900,DEBIT,NETFLIX.COM AMSTERDAM,Netflix,Online,Subscriptions,Online Card,TND,2675.020,01:13:54,NL,N,DEV_B2,False,
506,TXN_000506,14/08/2024,40.000,DEBIT,TOTAL SERVICE STATION TUNIS #11795,totalenergies,Tunis,Fuel,POS Card,TND,2635.020,12:28:15,TN,True,,False,
507,TXN_000507,2024-08-14,36.500,DEBIT,MCDONALDS LA MARSA,McDonald's,La Marsa,Dining,POS Card,TND,2598.520,13:12:24,TN,True,,False,
508,TXN_000508,2024-08-14,17.680 TND,DEBIT,BOLT RIDE TUNIS,Bolt,La Marsa,Transportation,Online Card,TND,2580.840,21:54,TN,N,DEV_A1,False,
509,TXN_000509,15/08/2024,TND 36.50,DEBIT,GAT ASSURANCES PRELEVEMENT,GAT Assurances,Tunis,Insurance,Direct Debit,TND,2544.340,02:11:25,TN,,,False,
510,TXN_000510,15-08-2024,TND 13.00,DEBIT,COFFEE BREAK ARIANA,Coffee Break,Ariana,Dining,POS Card,TND,2531.340,07:35:02,TN,True,,False,
511,TXN_000511,16-08-2024,11.000,DEBIT,BOULANGERIE LE FOURNIL,Boulangerie Le Fournil,Tunis,Groceries,POS Card,TND,2520.340,07:13:50,TN,True,,False,
512,TXN_000512,17-08-2024,30.300,DEBIT,OOREDOO TUNISIE FACTURE 93312,OOREDOO,Online,Utilities,Direct Debit,TND,2490.040,01:02:17,TN,,,False,
513,TXN_000513,17/08/2024,7.240,DEBIT,BOLT RIDE TUNIS,Bolt,La Marsa,Transportation,Online Card,TND,2482.800,16:35:46,TN,False,DEV_A1,False,
514,TXN_000514,2024-08-17,9.100,DEBIT,BOLT RIDE TUNIS,Bolt ,Ariana,Transportation,Online Card,TND,2473.700,18:37,Tunisia,False,DEV_A1,False,
515,TXN_000515,17-08-2024,"142,370",DEBIT,RESTAURANT LE PORT,Restaurant Le Port,Carthage,Dining,POS Card,TND,2331.330,21:19:50,TN,True,,False,
516,TXN_000516,18-08-2024,TND 1180.60,DEBIT,TURKISH AIRLINES ISTANBUL TR,Turkish Airlines,Online,Travel,Online Card,TND,1150.730,21:03:25,TN,False,DEV_A1,False,
517,TXN_000517,2024-08-18,"640,400",DEBIT,BOOKING.COM AMSTERDAM NL,Booking.com,Online,Travel,Online Card,TND,510.330,21:29:06,TN,False,DEV_B2,False,
518,TXN_000518,2024-08-18,9.600,DEBIT,UBER TRIP HELP.UBER.COM,uber,,Transportation,Online Card,TND,500.730,23:15:34,TN,False,DEV_A1,False,
519,TXN_000519,2024-08-19,14.000,DEBIT,Coffee Break Tunis,Coffee Break,Tunis,Dining,POS Card,TND,486.730,3:26 PM,TN,True,,False,
520,TXN_000520,2024-08-19,3.740,DEBIT,COFFEE BREAK TUNIS,Coffee Break,Tunis,Dining,POS Card,TND,482.990,16:50:53,TN,True,,False,
521,TXN_000521,20 Aug 2024,TND 3.78,DEBIT,PARKING TUNIS,Parking,Tunis,Transportation,POS Card,TND,479.210,11:47:04,TN,True,,False,
522,TXN_000522,20-08-2024,1.670,DEBIT,PARKING ARIANA,Parking,Ariana,Transportation,POS Card,TND,477.540,13:16:29,TN,True,,False,
523,TXN_000523,2024-08-20,13.690,DEBIT,MCDONALDS LA MARSA,McDonald's,La Marsa,Dining,POS Card,TND,463.850,2:15 PM,TN,True,,False,
524,TXN_000524,21/08/2024,-19.560,DEBIT,CINEMAS PATHE 20177,Pathe Tunis City,Tunis,Entertainment,POS Card,TND,444.290,19:26:56,TN,True,,False,
525,TXN_000525,2024-08-22,TND 18.50,DEBIT,SPOTIFY AB STOCKHOLM,SPOTIFY,Online,Subscriptions,Online Card,TND,425.790,06:15:41,SE,False,DEV_A1,False,
526,TXN_000526,2024-08-22,8.060,DEBIT,PAIEMENT PAUL 5922,Paul,La Marsa,Dining,POS Card,TND,417.730,07:51:08,TN,True,,False,
527,TXN_000527,2024-08-22,8.250,DEBIT,TPE CAFE EL MENZAH 92413,Cafe El Menzah,Tunis,Dining,POS Card,TND,409.480,10:12:12,TN,True,,False,
528,TXN_000528,2024-08-23,46.460,DEBIT,SONEDE FACTURE EAU,SONEDE,Online,Utilities,Direct Debit,TND,363.020,1:05 AM,TN,,,False,
529,TXN_000529,2024-08-23,TND 9.30,DEBIT,Coffee Break Tunis,Coffee Break,Tunis,Dining,POS Card,TND,353.720,14:33:06,TN,True,,False,
530,TXN_000530,23/08/2024,13.300,DEBIT,EPICERIE BEN SALEM ARIANA,Epicerie Ben Salem,Ariana,Groceries,POS Card,TND,340.420,18:49:08,TN,True,,False,
531,TXN_000531,08/24/2024,1.300,DEBIT,SMART PARKING LAC 61198,Parking,Ariana,Transportation,POS Card,TND,339.120,08:14:08,TN,True,,False,
532,TXN_000532,2024-08-24,10.440,DEBIT,UBER *TRIP 16522,Uber,Tunis,Transportation,Online Card,TND,328.680,08:57:30,TN,False,DEV_A1,False,
533,TXN_000533,08/24/2024,10.800,DEBIT,UBER TRIP HELP.UBER.COM,Uber,Ariana,Transport,Online Card,TND,317.880,13:05:02,TN,False,DEV_A1,False,
534,TXN_000534,24/08/2024,6.000,DEBIT,Coffee Break Ariana,Coffee Break,Ariana,DINING,POS Card,TND,311.880,17:46:09,TN,True,,False,
535,TXN_000535,2024-08-25,7.000,DEBIT,UBER *TRIP 21182,Uber,Tunis,TRANSPORTATION,Online Card,TND,304.880,21:09:22,TN,False,DEV_A1,False,
536,TXN_000536,2024-08-26,9.800,DEBIT,CAFE EL MENZAH,CAFE EL MENZAH,Tunis,Dining,POS Card,TND,295.080,09:17:47,TN,True,,False,
537,TXN_000537,08/26/2024,6.000,DEBIT,PAIEMENT PAUL 80799,PAUL,Tunis,Dining,POS Card,TND,289.080,11:18 AM,TN,True,,False,
538,TXN_000538,2024-08-26,TND 6.20,DEBIT,Coffee Break Ariana,Coffee Break,,Dining,POS Card,TND,282.880,17:13:52,TN,True,,False,
539,TXN_000539,2024-08-27,3312.500,CREDIT,SALARY CREDIT,Nexora Solutions,Online,Salary,Bank Transfer,TND,3595.380,06:21:39,TN,,,False,
540,TXN_000540,2024-08-27,23.000,DEBIT,PAUL TUNIS,Paul,Tunis,Dining,POS Card,TND,3572.380,16:00:45,Tunisia,True,,False,
541,TXN_000541,2024-08-28,"1500,000",DEBIT,VIR PERMANENT EPARGNE,SAVINGS ACCOUNT,Online,Transfer,Standing Order,TND,2072.380,01:31:02,TN,,,False,
542,TXN_000542,2024-08-28,8.320,DEBIT,BOLT RIDE TUNIS,Bolt,Tunis,TRANSPORTATION,Online Card,TND,2064.060,17:14:36,TN,False,DEV_A1,False,
543,TXN_000543,29-08-2024,210.000,CREDIT,REFUND BOOKING.COM AMSTERDAM NL,BOOKING.COM,Online,Travel,Online Card,TND,2274.060,20:35:13,TN,False,DEV_A1,False,
544,TXN_000544,2024-08-30,4.800,DEBIT,FRAIS TENUE DE COMPTE,Bank Fees,Online,Other,Direct Debit,TND,2269.260,04:22:46,TN,,,False,
545,TXN_000545,30-08-2024,14.810,DEBIT,PAIEMENT PAUL 35303,Paul ,Tunis,Dining,POS Card,TND,2254.450,07:37:32,TN,True,,False,
546,TXN_000546,2024-08-30,14.350,DEBIT,MCDONALDS LA MARSA,MCDONALD'S,La Marsa,Dining,POS Card,TND,2240.100,13:50:36,TN,True,,False,
547,TXN_000547,08/30/2024,"14,220",DEBIT,PAUL TUNIS,Paul,Tunis,Dining,POS Card,TND,2225.880,17:23:58,TN,True,,False,
548,TXN_000548,2024-08-30,15.750,DEBIT,EPICERIE BEN SALEM,Epicerie Ben Salem,Ariana,Food & Groceries,POS Card,TND,2210.130,18:37:55,TN,True,,False,
549,TXN_000549,2024-08-31,116.380,DEBIT,STATION AGIL 97968,Agil,Tunis,Fuel,POS Card,TND,2093.750,10:29:48,TN,True,,False,
550,TXN_000550,2024-08-31,102.550,DEBIT,SHELL TUNIS,Shell,Tunis,Fuel,POS Card,TND,1991.200,16:59:18,tn,True,,False,
551,TXN_000551,2024-08-31,"43,400",DEBIT,RESTAURANT LE PORT,restaurant le port,Carthage,Dining,POS Card,TND,1947.800,20:28:55,TN,Y,,False,
552,TXN_000552,2024-09-01,1750.000,CREDIT,VIREMENT EPARGNE VERS COMPTE COURANT,Savings Account,Online,Transfer,Standing Order,TND,3697.800,04:27:35,TN,,,False,
553,TXN_000553,01/09/2024,"6,000",DEBIT,BOULANGERIE LE FOURNIL TUNIS,Boulangerie Le Fournil,Tunis,Groceries,POS Card,TND,3691.800,10:27:46,TN,True,,False,
554,TXN_000554,01-09-2024,54.100 TND,DEBIT,FLOUCI TRANSFER 61634,family transfer,Online,Transfer,Bank Transfer,TND,3637.700,16:53:12,TN,,DEV_A1,False,
555,TXN_000555,2024-09-01,40.000,DEBIT,ATM WDL 65644 LA MARSA,atm withdrawal,La Marsa,Cash Withdrawal,ATM,TND,3597.700,17:34:25,TN,True,,False,
556,TXN_000556,2024-09-01,23.200,DEBIT,EPICERIE BEN SALEM ARIANA,Epicerie Ben Salem,Ariana,Groceries,POS Card,TND,3574.500,20:03:53,TN,True,,False,
557,TXN_000557,01/09/2024,5.200,DEBIT,BOLT RIDE TUNIS,Bolt,Tunis,Transportation,Online Card,TND,3569.300,22:29:56,TN,False,DEV_A1,False,
558,TXN_000558,2024-09-03,720.000,DEBIT,VIR PERMANENT STE IMMOBILIERE,STE Immobiliere,Ariana,Rent,Standing Order,TND,2849.300,03:08:36,TN,,,False,
559,TXN_000559,2024-09-03,TND 412.60,DEBIT,STAR ASSURANCES AUTO,star assurances,Tunis,Insurance,Direct Debit,TND,2436.700,03:49,TN,,,False,
560,TXN_000560,03/09/2024,3.000,DEBIT,SMART PARKING LAC 6975,Parking,Ariana,Transportation,POS Card,TND,2433.700,10:29:37,TN,True,,False,
561,TXN_000561,2024-09-03,5.950 TND,DEBIT,CAFE EL MENZAH,Cafe El Menzah,Tunis,Dining,POS Card,TND,2427.750,15:04:22,TN,True,,False,
562,TXN_000562,03-09-2024,17.010,DEBIT,CAFE EL MENZAH,Cafe El Menzah,Tunis,Dining,POS Card,TND,2410.740,16:26:18,TN,True,,False,
563,TXN_000563,2024-09-03,16.900,DEBIT,TPE CAFE EL MENZAH 7862,Cafe El Menzah,Tunis,Dining,POS Card,TND,2393.840,16:54,TN,True,,False,
564,TXN_000564,04/09/2024,20.200,DEBIT,BOULANGERIE LE FOURNIL,Boulangerie Le Fournil,Tunis,Groceries,POS Card,TND,2373.640,10:31:30,TN,Y,,False,
565,TXN_000565,2024-09-05,9.380,DEBIT,UBER *TRIP 19616,Uber,Ariana,Transportation,Online Card,TND,2364.260,07:49:56,TN,False,DEV_A1,False,
566,TXN_000566,2024-09-05,10.550,DEBIT,BOULANGERIE LE FOURNIL TUNIS,Boulangerie Le Fournil,Tunis,Groceries,POS Card,TND,2353.710,07:59,TN,True,,False,
567,TXN_000567,2024-09-05,52.000 TND,DEBIT,BITAKSI ISTANBUL TR,Bitaksi,Istanbul,,POS Card,TND,2301.710,08:29:38,TR,True,,False,
568,TXN_000568,05 Sep 2024,TND 96.50,DEBIT,KARAKOY LOKANTASI ISTANBUL TR,Karakoy_Lokantasi,Istanbul,Dining,POS Card,TND,2205.210,12:25:59,TR,True,,False,
569,TXN_000569,2024-09-05,6.400,DEBIT,PAIEMENT PAUL 667,Paul,La Marsa,Dining,POS Card,TND,2198.810,17:42:42,TN,True,,False,
570,TXN_000570,2024-09-05,9.000,DEBIT,BOLT *TRIP 47568,BOLT,Ariana,Transportation,Online Card,TND,2189.810,21:27:04,TN,False,DEV_B2,False,
571,TXN_000571,2024-09-06,"9,800",DEBIT,FRAIS RETRAIT ETRANGER,Bank Fees,Istanbul,Other,ATM,TND,2180.010,04:28:17,TR,True,,False,
572,TXN_000572,2024-09-06,63.000 TND,DEBIT,OPENAI *CHATGPT SUBSCR,OpenAI,,Subscriptions,Online Card,TND,2117.010,04:29:54,US,False,DEV_A1,False,
573,TXN_000573,2024-09-06,"30,000",DEBIT,RETRAIT DAB BIAT BEN AROUS,ATM Withdrawal,Ben Arous,,ATM,TND,2087.010,11:10:30,TN,True,,False,
574,TXN_000574,09/06/2024,22.000,DEBIT,EPICERIE BEN SALEM ARIANA,epicerie ben salem,Ariana,Groceries,POS Card,TND,2065.010,11:38:40,Tunisia,True,,False,
575,TXN_000575,06 Sep 2024,31.200,DEBIT,MADO CAFE ISTANBUL TR,Mado_Cafe,Istanbul,Dining,POS Card,TND,2033.810,13:36:04,TR,True,,False,
576,TXN_000576,06-09-2024,182.000,DEBIT,GRAND BAZAAR ISTANBUL TR,Grand Bazaar,Istanbul,Shopping,POS Card,TND,1851.810,3:16 PM,TR,True,,False,
577,TXN_000577,2024-09-06,40.000,DEBIT,TUNISIANET ORDER 32151,Tunisianet,Online,Electronics,Online Card,TND,1811.810,18:30:17,TN,False,DEV_A1,False,
578,TXN_000578,2024-09-06,TND 8.79,DEBIT,BOLT RIDE TUNIS,BOLT,La Marsa,Transportation,Online Card,TND,1803.020,18:53:17,TN,False,DEV_A1,False,
579,TXN_000579,2024-09-06,300.000,DEBIT,ATM WDL 481920 ISTANBUL TR,ATM Withdrawal,Istanbul,Cash Withdrawal,ATM,TND,1503.020,20:57:40,TR,True,,False,
580,TXN_000580,2024-09-06,"6,250",DEBIT,BOLT RIDE TUNIS,,Ariana,Transportation,Online Card,TND,1496.770,21:47:29,Tunisia,False,DEV_A1,False,
581,TXN_000581,06/09/2024,4.000 TND,DEBIT,BOLT *TRIP 57543,Bolt,Ariana,Transportation,Online Card,TND,1492.770,22:06:08,TN,False,DEV_A1,False,
582,TXN_000582,2024-09-07,"70,000",DEBIT,FITNESS ZONE MEMBERSHIP,Fitness Zone,La Marsa,Subscriptions,Direct Debit,TND,1422.770,03:43:50,TN,,,False,
583,TXN_000583,07/09/2024,24.800,DEBIT,BALIK EKMEK ISTANBUL TR,Balik Ekmek,Istanbul,Dining,POS Card,TND,1397.970,20:52,TR,True,,False,
584,TXN_000584,2024-09-07,78.000,DEBIT,TOPKAPI MUSEUM ISTANBUL TR,Topkapi Museum,Istanbul,Leisure,POS Card,TND,1319.970,21:58:44,TR,yes,,False,
585,TXN_000585,2024-09-08,100.800,DEBIT,SHELL STATION 285,shell,La Marsa,Fuel,POS Card,TND,1219.170,18:14:54,TN,True,,False,
586,TXN_000586,2024-09-08,"66,000",DEBIT,BOSPHORUS CRUISE ISTANBUL TR,Bosphorus Cruise,Istanbul,Entertainment,POS Card,TND,1153.170,19:31,TR,True,,False,
587,TXN_000587,08 Sep 2024,128.700 TND,DEBIT,HAMDI RESTAURANT ISTANBUL TR,Hamdi Restaurant,Istanbul,Dining,POS Card,TND,1024.470,21:48:11,TR,True,,False,
588,TXN_000588,2024-09-09,TND 4.20,DEBIT,ICLOUD+ 50GB,apple,Online,Subscriptions,Online Card,TND,1020.270,05:58,IE,False,DEV_A1,False,
589,TXN_000589,2024-09-09,61.500,DEBIT,BITAKSI ISTANBUL TR,Bitaksi,Istanbul,TRANSPORTATION,POS Card,TND,958.770,14:23:53,TR,True,,False,
590,TXN_000590,2024-09-11,6.850,DEBIT,BOLT RIDE TUNIS,bolt,Tunis,Transportation,Online Card,TND,951.920,08:24:42,TN,False,DEV_A1,False,
591,TXN_000591,2024-09-11,"12,200",DEBIT,COFFEE BREAK ARIANA,Coffee Break,Ariana,Dining,POS Card,TND,939.720,09:30:15,TN,True,,False,
592,TXN_000592,11/09/2024,78.040,DEBIT,FLOUCI TRANSFER 65257,Family Transfer,Online,Transfer,Bank Transfer,TND,861.680,15:23:30,TN,,DEV_A1,False,
593,TXN_000593,11/09/2024,130.100,DEBIT,TUNISIANET ORDER 32364,Tunisianet ,Online,Electronics,Online Card,TND,731.580,20:45:18,TN,False,DEV_A1,False,
594,TXN_000594,12 Sep 2024,TND 36.00,DEBIT,TT FIXE INTERNET 45132,Tunisie Telecom ,Online,Utilities,Direct Debit,TND,695.580,04:17:39,TN,,,False,
595,TXN_000595,2024-09-12,112.310,DEBIT,STEG FACTURE ELEC GAZ,STEG,Online,Utilities,Direct Debit,TND,583.270,04:58,TN,,,False,
596,TXN_000596,2024-09-12,TND 16.42,DEBIT,BOLT RIDE TUNIS,Bolt,La Marsa,Transportation,Online Card,TND,566.850,11:18:10,TN,False,DEV_A1,False,
597,TXN_000597,2024-09-12,-6.320,DEBIT,CAFE EL MENZAH,cafe el menzah,Tunis,Dining,POS Card,TND,560.530,15:28,TN,Y,,False,
598,TXN_000598,12/09/2024,11.500,DEBIT,PAIEMENT PAUL 5222,Paul,La Marsa,Dining,POS Card,TND,549.030,17:10:48,TN,True,,False,
599,TXN_000599,2024-09-13,-67.000,DEBIT,CABINET DR TRABELSI,CABINET DR TRABELSI,Tunis,Healthcare,POS Card,TND,482.030,09:49:14,TN,True,,False,
600,TXN_000600,2024-09-13,TND 16.00,DEBIT,EPICERIE BEN SALEM ARIANA,Epicerie Ben Salem,Ariana,,POS Card,TND,466.030,15:55,TN,Y,,False,
601,TXN_000601,13/09/2024,24.600,DEBIT,CINEMAS PATHE 88236,pathe tunis city,Tunis,Entertainment,POS Card,TND,441.430,19:46,TN,True,,False,
602,TXN_000602,2024-09-14,29.900,DEBIT,NETFLIX.COM AMSTERDAM,Netflix,Online,Subscriptions,Online Card,TND,411.530,02:34:03,nl,False,DEV_A1,False,
603,TXN_000603,2024-09-15,36.500,DEBIT,GAT ASSURANCE SANTE,GAT Assurances,Tunis,Insurance,Direct Debit,TND,375.030,02:48:52,TN,,,False,
604,TXN_000604,2024-09-15,5.240,DEBIT,BOULANGERIE LE FOURNIL,boulangerie le fournil,Tunis,Groceries,POS Card,TND,369.790,10:15:49,TN,Y,,False,
605,TXN_000605,2024-09-15,-10.960,DEBIT,UBER TRIP HELP.UBER.COM,Uber,Tunis,Transportation,Online Card,TND,358.830,19:27:54,TN,False,DEV_B2,False,
606,TXN_000606,2024-09-16,31.800,DEBIT,GLOVO*15639,Glovo,Online,Dining,Online Card,TND,327.030,12:19:38,TN,False,DEV_B2,False,
607,TXN_000607,2024-09-17,34.770 TND,DEBIT,OOREDOO BILL PAYMENT,Ooredoo,Online,Utilities,Direct Debit,TND,292.260,03:22:47,TN,,,False,
608,TXN_000608,17 Sep 2024,4.300 TND,DEBIT,Coffee Break Tunis,Coffee Break ,Tunis,Dining,POS Card,TND,287.960,08:38:51,Tunisia,True,,False,
609,TXN_000609,2024-09-17,15.040,DEBIT,BOLT RIDE TUNIS,Bolt,Tunis,Transportation,Online Card,TND,272.920,17:10:43,TN,False,DEV_B2,False,
610,TXN_000610,2024-09-18,129.000,CREDIT,REFUND JUMIA ORDER 48213,Jumia,Online,Shopping,Online Card,TND,401.920,7:45 PM,TN,False,DEV_A1,False,
611,TXN_000611,2024-09-20,4.450,DEBIT,BOULANGERIE LE FOURNIL ARIANA,Boulangerie Le Fournil,Ariana,Groceries,POS Card,TND,397.470,09:36:41,tn,True,,False,
612,TXN_000612,2024-09-21,"6,700",DEBIT,BOULANGERIE LE FOURNIL,Boulangerie Le Fournil,Tunis,Groceries,POS Card,TND,390.770,07:09:41,TN,True,,False,
613,TXN_000613,2024-09-22,18.500,DEBIT,SPOTIFY AB STOCKHOLM,Spotify,Online,Subscriptions,Online Card,TND,372.270,01:09:57,SE,False,DEV_A1,False,
614,TXN_000614,2024-09-22,1.700,DEBIT,PARKING TUNIS,PARKING,,Transportation,POS Card,TND,370.570,08:33:02,TN,True,,False,
615,TXN_000615,24/09/2024,3.850,DEBIT,COFFEE BREAK TUNIS,Coffee Break ,Tunis,Dining,POS Card,TND,366.720,16:41:27,TN,True,,False,
616,TXN_000616,26 Sep 2024,3200.000,CREDIT,VIR SALAIRE NEXORA SOLUTIONS,Nexora Solutions,Online,Salary,Bank Transfer,TND,3566.720,06:44:09,TN,,,False,
617,TXN_000617,2024-09-26,5.200,DEBIT,UBER *TRIP 54183,UBER,Ariana,Transportation,Online Card,TND,3561.520,21:33:39,TN,False,DEV_A1,False,
618,TXN_000618,27/09/2024,1400.000,DEBIT,VIR PERMANENT EPARGNE,Savings_Account,Online,Transfer,Standing Order,TND,2161.520,00:51:56,TN,,,False,
619,TXN_000619,2024-09-27,21.100 TND,DEBIT,CINEMAS PATHE 50560,Pathe Tunis City,Tunis,Entertainment,POS Card,TND,2140.420,9:17 PM,tn,True,,False,
620,TXN_000620,09/29/2024,52.980,DEBIT,MG BEN AROUS,MG,Ben Arous,Groceries,POS Card,TND,2087.440,1:27 PM,TN,True,,False,
621,TXN_000621,30/09/2024,4.500,DEBIT,COMMISSION TENUE COMPTE 5941,Bank Fees,Online,Other,Direct Debit,TND,2082.940,04:12:55,TN,,,False,
622,TXN_000622,2024-09-30,"80,000",DEBIT,RETRAIT DAB BIAT BEN AROUS,ATM Withdrawal ,Ben Arous,Cash Withdrawal,ATM,TND,2002.940,09:10:01,TN,True,,False,
623,TXN_000623,30/09/2024,7.850,CREDIT,CASHBACK CARTE DEBIT,Card Cashback,Online,Other,Online Card,TND,2010.790,17:15:36,TN,False,DEV_A1,False,
624,TXN_000624,01/10/2024,1300.000,CREDIT,VIREMENT EPARGNE VERS COMPTE COURANT,Savings Account,Online,Transfer,Standing Order,TND,3310.790,01:39,TN,,,False,
625,TXN_000625,2024-10-01,7.400,DEBIT,SMART PARKING LAC 70449,Parking,Tunis,Transportation,POS Card,TND,3303.390,09:53:53,TN,True,,False,
626,TXN_000626,02-10-2024,720.000,DEBIT,VIR PERMANENT STE IMMOBILIERE,ste immobiliere,Ariana,Rent,Standing Order,TND,2583.390,03:36:40,TN,,,False,
627,TXN_000627,2024-10-02,"12,000",DEBIT,BOLT *TRIP 76023,Bolt,La Marsa,Transportation,Online Card,TND,2571.390,18:54:14,TN,False,DEV_B2,False,
628,TXN_000628,2024-10-03,11.000,DEBIT,ORANGE TUNISIE RECHARGE 7521,ORANGE,Online,Utilities,Online Card,TND,2560.390,10:14:59,TN,False,DEV_A1,False,
629,TXN_000629,2024-10-03,5.150,DEBIT,UBER TRIP HELP.UBER.COM,Uber,Tunis,Transportation,Online Card,TND,2555.240,10:41:20,tn,False,DEV_A1,False,
630,TXN_000630,2024-10-03,262.500,DEBIT,DATACAMP.COM,DATACAMP,Online,Education,Online Card,TND,2292.740,15:53,TN,False,DEV_A1,False,
631,TXN_000631,10/04/2024,"12,000",DEBIT,COFFEE BREAK ARIANA,Coffee Break,Ariana,Dining,POS Card,TND,2280.740,14:15:38,TN,True,,False,
632,TXN_000632,05-10-2024,27.300,DEBIT,RESTAURANT LE PORT TUNIS,Restaurant Le Port,Tunis,Dining,POS Card,TND,2253.440,19:58:14,TN,True,,False,
633,TXN_000633,2024-10-05,17.900,DEBIT,BOLT *TRIP 97413,Bolt,Tunis,,Online Card,TND,2235.540,23:20:53,TN,False,DEV_B2,False,
634,TXN_000634,2024-10-06,63.000,DEBIT,OPENAI *CHATGPT SUBSCR,OPENAI,Online,Subscriptions,Online Card,TND,2172.540,05:04:36,US,False,DEV_A1,False,
635,TXN_000635,06/10/2024,8.000,DEBIT,BOLT RIDE TUNIS,Bolt,La Marsa,Transportation,Online Card,TND,2164.540,07:48:15,TN,False,DEV_A1,False,
636,TXN_000636,06/10/2024,TND 10.50,DEBIT,BOULANGERIE LE FOURNIL TUNIS,boulangerie le fournil,Tunis,Groceries,POS Card,TND,2154.040,09:07:45,TN,True,,False,
637,TXN_000637,06/10/2024,6.250,DEBIT,EPICERIE BEN SALEM,EPICERIE BEN SALEM,Ariana,Groceries,POS Card,TND,2147.790,14:07,TN,True,,False,
638,TXN_000638,2024-10-06,7.500,DEBIT,BOLT RIDE TUNIS,bolt,Ariana,Transportation,Online Card,TND,2140.290,20:45:28,TN,False,DEV_A1,False,
639,TXN_000639,2024-10-07,28.650,DEBIT,PHARMACIE CENTRALE TUNIS,Pharmacie Centrale,Tunis,Healthcare,POS Card,TND,2111.640,13:54:20,TN,True,,False,
640,TXN_000640,10/07/2024,"20,600",DEBIT,COFFEE BREAK TUNIS,Coffee Break,Tunis,Dining,POS Card,TND,2091.040,16:36:49,TN,True,,False,
641,TXN_000641,2024-10-08,5.000 TND,DEBIT,CAFE EL MENZAH,Cafe El Menzah,Tunis,Dining,POS Card,TND,2086.040,17:40:59,TN,True,,False,
642,TXN_000642,08 Oct 2024,66.000 TND,DEBIT,MCDO 34786,MCDONALD'S,Tunis,Dining,POS Card,TND,2020.040,21:50:37,TN,True,,False,
643,TXN_000643,2024-10-08,TND 19.99,DEBIT,MCDONALDS BEN AROUS,McDonald's,Ben Arous,Dining,POS Card,TND,2000.050,22:14:53,TN,True,,False,
644,TXN_000644,09-10-2024,36.000,DEBIT,TUNISIE TELECOM ADSL FACTURE,TUNISIE TELECOM,Online,Utilities,Direct Debit,TND,1964.050,02:01:12,Tunisia,,,False,
645,TXN_000645,2024-10-09,4.200,DEBIT,ICLOUD+ 50GB,Apple,Online,Subscriptions,Online Card,TND,1959.850,3:01 AM,IE,False,DEV_A1,False,
646,TXN_000646,09-10-2024,70.000 TND,DEBIT,FITNESS ZONE MEMBERSHIP,FITNESS ZONE,La Marsa,Subscriptions,Direct Debit,TND,1889.850,03:59:48,TN,,,False,
647,TXN_000647,09/10/2024,21.000,DEBIT,PAIEMENT PAUL 13142,PAUL,La Marsa,Dining,POS Card,TND,1868.850,9:18 AM,TN,True,,False,
648,TXN_000648,09/10/2024,3.000,DEBIT,TPE CAFE EL MENZAH 74104,Cafe El Menzah,Tunis,Dining,POS Card,TND,1865.850,10:51:03,TN,1,,False,
649,TXN_000649,2024-10-09,"100,000",DEBIT,RETRAIT DAB BIAT BEN AROUS,ATM Withdrawal,Ben Arous,Cash Withdrawal,ATM,TND,1765.850,14:31:08,tn,True,,False,
650,TXN_000650,09 Oct 2024,6.700,DEBIT,Coffee Break Tunis,Coffee Break,,Dining,POS Card,TND,1759.150,14:50:54,Tunisia,True,,False,
651,TXN_000651,10/10/2024,8.000,DEBIT,BOULANGERIE LE FOURNIL ARIANA,Boulangerie Le Fournil ,Ariana,Groceries,POS Card,TND,1751.150,08:26:18,TN,True,,False,
652,TXN_000652,2024-10-11,"11,000",DEBIT,BOULANGERIE LE FOURNIL ARIANA,Boulangerie Le Fournil,Ariana,Groceries,POS Card,TND,1740.150,07:50:59,TN,True,,False,
652-dup,TXN_000652,2024-10-11,"11,000",DEBIT,BOULANGERIE LE FOURNIL ARIANA,Boulangerie Le Fournil,Ariana,Groceries,POS Card,TND,1740.150,07:50:59,TN,True,,False,
653,TXN_000653,2024-10-11,7.000,DEBIT,PAIEMENT PAUL 79541,Paul,,Food & Dining,POS Card,TND,1733.150,10:20:26,TN,True,,False,
654,TXN_000654,2024-10-11,61.090,DEBIT,CARREFOUR TUNIS #71130,CARREFOUR,Tunis,Groceries,POS Card,TND,1672.060,11:46:08,TN,True,,False,
655,TXN_000655,2024-10-11,140.000,DEBIT,RETRAIT GAB AMEN BANK TUNIS,ATM Withdrawal,Tunis,Cash Withdrawal,ATM,TND,1532.060,12:06:38,TN,1,,False,
656,TXN_000656,11 Oct 2024,91.050,DEBIT,SHELL TUNIS,Shell,Tunis,Fuel,POS Card,TND,1441.010,12:28:58,TN,True,,False,
657,TXN_000657,2024-10-11,7.000,DEBIT,EPICERIE BEN SALEM,Epicerie Ben Salem,Ariana,Groceries,POS Card,TND,1434.010,13:48:38,TN,True,,False,
658,TXN_000658,2024-10-11,-3.050,DEBIT,SMART PARKING LAC 71662,Parking,Tunis,transport,POS Card,TND,1430.960,13:49:30,TN,True,,False,
659,TXN_000659,10/12/2024,13.470,DEBIT,UBER TRIP HELP.UBER.COM,Uber,Ariana,Transport,Online Card,TND,1417.490,6:52 AM,TN,False,DEV_A1,False,
660,TXN_000660,2024-10-12,11.950,DEBIT,PAIEMENT PAUL 91593,Paul,La Marsa,Dining,POS Card,TND,1405.540,09:34:28,TN,True,,False,
661,TXN_000661,12-10-2024,"684,500",DEBIT,CLINIQUE PRIVEE LA MARSA URGENCES,Clinique Privee La Marsa,La Marsa,Healthcare,POS Card,TND,721.040,16:54:45,TN,True,,False,
662,TXN_000662,2024-10-12,43.750 TND,DEBIT,MCDO 62390,McDonald's,Ariana,Dining,POS Card,TND,677.290,19:57:33,TN,True,,False,
663,TXN_000663,12/10/2024,21.400 TND,DEBIT,GLOVO TUNIS,Glovo,Online,Dining,Online Card,TND,655.890,20:42,TN,False,DEV_A1,False,
664,TXN_000664,2024-10-13,22.000,DEBIT,BOULANGERIE LE FOURNIL,Boulangerie Le Fournil,Tunis,Groceries,POS Card,TND,633.890,11:27:13,TN,True,,False,
665,TXN_000665,2024-10-13,41.300,DEBIT,RESTAURANT LE PORT,restaurant le port,Carthage,Dining,POS Card,TND,592.590,12:30:31,TN,True,,False,
666,TXN_000666,2024-10-14,29.900,DEBIT,NETFLIX.COM,Netflix,Online,Subscriptions,Online Card,TND,562.690,04:49:43,NL,False,DEV_A1,False,
667,TXN_000667,2024-10-14,30.500,DEBIT,D17 TRANSFER 24927,Friend Transfer,Online,Transfer,Mobile Wallet,TND,532.190,10:28:28,TN,False,DEV_A1,False,
668,TXN_000668,14/10/2024,"13,510",DEBIT,COFFEE BREAK ARIANA,Coffee_Break,Ariana,Dining,POS Card,TND,518.680,16:20:32,TN,True,,False,
669,TXN_000669,10/15/2024,36.500,DEBIT,GAT ASSURANCES PRELEVEMENT,gat assurances,Tunis,Insurance,Direct Debit,TND,482.180,00:49:06,TN,,,False,
670,TXN_000670,2024-10-15,"54,050",DEBIT,STATION AGIL 86551,Agil,Ariana,Fuel,POS Card,TND,428.130,14:25:14,TN,True,,False,
671,TXN_000671,15/10/2024,"4,350",DEBIT,SMART PARKING LAC 31364,parking,Ariana,Transportation,POS Card,TND,423.780,18:59,TN,True,,False,
672,TXN_000672,2024-10-15,32.000,DEBIT,RESTAURANT LE PORT TUNIS,RESTAURANT LE PORT,Tunis,Dining,POS Card,TND,391.780,22:44:56,TN,True,,False,
673,TXN_000673,2024-10-16,16.500,DEBIT,Coffee Break Tunis,Coffee_Break,Tunis,Dining,POS Card,TND,375.280,9:20 AM,TN,True,,False,
674,TXN_000674,2024-10-16,18.150,DEBIT,EPICERIE BEN SALEM ARIANA,Epicerie Ben Salem,Ariana,Groceries,POS Card,TND,357.130,7:07 PM,tn,True,,False,
675,TXN_000675,18/10/2024,29.150,DEBIT,OOREDOO BILL PAYMENT,Ooredoo,,Utilities,Direct Debit,TND,327.980,00:59:33,TN,,,False,
676,TXN_000676,2024-10-18,12.900,DEBIT,CAFE EL MENZAH,Cafe El Menzah,Tunis,Dining,POS Card,TND,315.080,09:17:11,TN,True,,False,
677,TXN_000677,2024-10-19,7.000,DEBIT,BOULANGERIE LE FOURNIL TUNIS,BOULANGERIE LE FOURNIL,Tunis,groceries,POS Card,TND,308.080,11:58:51,TN,True,,False,
678,TXN_000678,2024-10-19,3.610,DEBIT,PARKING TUNIS,Parking,Tunis,Transportation,POS Card,TND,304.470,14:35,TN,True,,False,
679,TXN_000679,19-10-2024,2.550 TND,DEBIT,SMART PARKING LAC 77979,Parking,Ariana,Transportation,POS Card,TND,301.920,17:54:55,TN,True,,False,
680,TXN_000680,2024-10-19,5.600,DEBIT,EPICERIE BEN SALEM,Epicerie_Ben_Salem,Ariana,Groceries,POS Card,TND,296.320,20:34:08,TN,True,,False,
680-dup,TXN_000680,2024-10-19,5.600,DEBIT,EPICERIE BEN SALEM,Epicerie_Ben_Salem,Ariana,Groceries,POS Card,TND,296.320,20:34:08,TN,True,,False,
681,TXN_000681,22/10/2024,18.500,DEBIT,SPOTIFY PREMIUM,Spotify,Online,subscription,Online Card,TND,277.820,01:43:20,SE,False,DEV_A1,False,
682,TXN_000682,23/10/2024,3.950,DEBIT,CAFE EL MENZAH,CAFE EL MENZAH,Tunis,Dining,POS Card,TND,273.870,09:29,TN,True,,False,
683,TXN_000683,2024-10-23,8.990,DEBIT,PAIEMENT PAUL 8081,PAUL,La Marsa,Dining,POS Card,TND,264.880,16:42,TN,True,,False,
684,TXN_000684,2024-10-24,4.700,DEBIT,BOLT RIDE TUNIS,Bolt,Tunis,Transportation,Online Card,TND,260.180,12:45:33,TN,False,DEV_A1,False,
685,TXN_000685,2024-10-24,9.600,DEBIT,BOLT RIDE TUNIS,Bolt,Tunis,Transportation,Online Card,TND,250.580,16:46:29,TN,False,DEV_A1,False,
686,TXN_000686,10/25/2024,"3,200.000",CREDIT,MONTHLY SALARY,Nexora Solutions,Online,Salary,Bank Transfer,TND,3450.580,06:50:37,TN,,,False,
687,TXN_000687,2024-10-25,6.500,DEBIT,Coffee Break Ariana,COFFEE BREAK,Ariana,Restaurants,POS Card,TND,3444.080,11:01:24,TN,True,,False,
688,TXN_000688,2024-10-25,40.000 TND,DEBIT,ATM WDL 29718 B3N AROUS,atm withdrawal,Ben Arous,Cash Withdrawal,ATM,TND,3404.080,19:19:04,TN,True,,False,
689,TXN_000689,2024-10-26,250.000,DEBIT,ATM WDL 69128 ALGIERS DZ,ATM WITHDRAWAL,Algiers,Cash Withdrawal,ATM,TND,3154.080,01:05:46,DZ,True,,True,atm_cash_out
690,TXN_000690,2024-10-26,200.000,DEBIT,ATM WDL 61935 ALGIERS DZ,ATM Withdrawal ,Algiers,Cash Withdrawal,ATM,TND,2954.080,01:13:33,DZ,True,,True,atm_cash_out
691,TXN_000691,26/10/2024,"150,000",DEBIT,ATM WDL 18857 ALGIERS DZ,ATM WITHDRAWAL,Algiers,Cash Withdrawal,ATM,TND,2804.080,01:21:21,DZ,True,,True,atm_cash_out
692,TXN_000692,26/10/2024,1500.000,DEBIT,VIR PERMANENT EPARGNE,Savings Account,Online,Transfer,Standing Order,TND,1304.080,03:57,TN,,,False,
693,TXN_000693,26/10/2024,15.520,DEBIT,BOLT *TRIP 42753,bolt,Tunis,Transportation,Online Card,TND,1288.560,18:23:52,TN,False,DEV_B2,False,
694,TXN_000694,2024-10-26,129.660,DEBIT,MONOPRIX ARIANA #58343,Monoprix ,Ariana,Groceries,POS Card,TND,1158.900,20:58:13,TN,True,,False,
695,TXN_000695,2024-10-28,"11,490",DEBIT,BOLT *TRIP 85089,Bolt,La Marsa,Transportation,Online Card,TND,1147.410,19:23:18,TN,False,DEV_A1,False,
696,TXN_000696,2024-10-29,15.000 TND,DEBIT,CAFE EL MENZAH,CAFE EL MENZAH,Tunis,Dining,POS Card,TND,1132.410,09:16:06,TN,True,,False,
697,TXN_000697,29-10-2024,11.100 TND,DEBIT,BOULANGERIE LE FOURNIL,boulangerie le fournil,Tunis,Groceries,POS Card,TND,1121.310,9:31 AM,TN,True,,False,
698,TXN_000698,29-10-2024,8.150,DEBIT,COFFEE BREAK TUNIS,Coffee Break,Tunis,DINING,POS Card,TND,1113.160,11:13 AM,Tunisia,True,,False,
699,TXN_000699,30/10/2024,4.800,DEBIT,COMMISSION TENUE COMPTE 62461,BANK FEES,Online,Other,Direct Debit,TND,1108.360,03:01:33,TN,,,False,
700,TXN_000700,31/10/2024,TND 50.00,DEBIT,TOTALENERGIES LA MARSA,TotalEnergies,La Marsa,Fuel,POS Card,TND,1058.360,08:31:01,TN,Y,,False,
701,TXN_000701,2024-10-31,5.000,DEBIT,EPICERIE BEN SALEM,Epicerie Ben Salem,Ariana,groceries,POS Card,TND,1053.360,20:12:28,TN,True,,False,
702,TXN_000702,01/11/2024,750.000,CREDIT,VIREMENT EPARGNE VERS COMPTE COURANT,savings account,Online,Transfer,Standing Order,TND,1803.360,03:54:22,TN,,,False,
703,TXN_000703,01/11/2024,3.750 TND,DEBIT,TPE CAFE EL MENZAH 29311,CAFE EL MENZAH,Tunis,Dining,POS Card,TND,1799.610,7:33 AM,TN,True,,False,
704,TXN_000704,2024-11-01,TND 5.00,DEBIT,BOLT *TRIP 76274,Bolt,Tunis,Transportation,Online Card,TND,1794.610,19:18:37,TN,False,DEV_A1,False,
705,TXN_000705,01 Nov 2024,14.300 TND,DEBIT,UBER TRIP HELP.UBER.COM,Uber,Ariana,Transportation,Online Card,TND,1780.310,21:19:16,TN,False,DEV_A1,False,,EXTRA_FIELD
706,TXN_000706,11/02/2024,10.000,DEBIT,BOLT RIDE TUNIS,Bolt,Ariana,Transportation,Online Card,TND,1770.310,09:02:09,TN,False,DEV_A1,False,
707,TXN_000707,02-11-2024,5.000,DEBIT,RECHARGE DATA ORANGE,Orange,Online,Utilities,Online Card,TND,1765.310,11:07:29,TN,False,DEV_A1,False,
708,TXN_000708,11/02/2024,TND 9.50,DEBIT,BOLT RIDE TUNIS,Bolt,La Marsa,TRANSPORTATION,Online Card,TND,1755.810,16:48,TN,False,DEV_A1,False,
709,TXN_000709,2024-11-02,45.000,DEBIT,GEANT ARIANA,Géant,Ariana,Groceries,POS Card,TND,1710.810,17:23,TN,True,,False,
710,TXN_000710,02/11/2024,17.000,DEBIT,BOLT *TRIP 98822,Bolt,La Marsa,Transportation,Online Card,TND,1693.810,23:29:02,TN,False,DEV_A1,False,
711,TXN_000711,03-11-2024,"12,650",DEBIT,COFFEE BREAK TUNIS,Coffee Break,Tunis,Dining,POS Card,TND,1681.160,15:24:56,TN,True,,False,
712,TXN_000712,2024-11-04,720.000,DEBIT,STE IMMOBILIERE LOYER,STE IMMOBILIERE,Ariana,Rent,Standing Order,TND,961.160,04:46:35,TN,,,False,
713,TXN_000713,2024-11-04,6.200,DEBIT,BOLT *TRIP 25856,Bolt,Ariana,Transport,Online Card,TND,954.960,08:48:17,TN,False,DEV_A1,False,
714,TXN_000714,2024-11-04,"73,750",DEBIT,AMZN MKTP FR*120,Amazon,Online,Shopping,Online Card,TND,881.210,11:22:56,TN,False,DEV_B2,False,
715,TXN_000715,2024-11-04,"11,140",DEBIT,UBER *TRIP 21628,Uber,Tunis,Transportation,Online Card,TND,870.070,19:25:59,TN,N,DEV_A1,False,
716,TXN_000716,2024-11-05,"11,750",DEBIT,CAFE EL MENZAH,CAFE EL MENZAH,Tunis,Dining,POS Card,TND,858.320,4:15 PM,TN,True,,False,
717,TXN_000717,2024-11-06,-63.000,DEBIT,OPENAI *CHATGPT SUBSCR,OpenAI,Online,Subscriptions,Online Card,TND,795.320,01:33:44,US,False,DEV_A1,False,
718,TXN_000718,06/11/2024,TND 6.00,DEBIT,BOLT *TRIP 43893,Bolt,La Marsa,Transportation,Online Card,TND,789.320,16:35:13,TN,False,DEV_B2,False,
719,TXN_000719,2024-11-06,-12.780,DEBIT,PHARMACIE CENTRALE ARIANA,pharmacie centrale,Ariana,Healthcare,POS Card,TND,776.540,17:52:23,TN,True,,False,
720,TXN_000720,2024-11-07,8.040,DEBIT,COFFEE BREAK ARIANA,coffee break,Ariana,Dining,POS Card,TND,768.500,14:28:31,TN,True,,False,
721,TXN_000721,08-11-2024,70.000,DEBIT,FITNESS ZONE LA MARSA ABONNEMENT,Fitness Zone,La Marsa,Subscriptions,Direct Debit,TND,698.500,00:31:12,TN,,,False,
722,TXN_000722,08/11/2024,10.700,DEBIT,PAIEMENT PAUL 36354,Paul,La Marsa,Dining,POS Card,TND,687.800,08:08:48,TN,True,,False,
723,TXN_000723,2024-11-08,"10,000",DEBIT,COFFEE BREAK ARIANA,Coffee Break,Ariana,Dining,POS Card,TND,677.800,10:52 AM,TN,True,,False,
724,TXN_000724,08 Nov 2024,13.000,DEBIT,BOLT RIDE TUNIS,Bolt,La Marsa,Transportation,Online Card,TND,664.800,14:25:22,TN,False,DEV_A1,False,
725,TXN_000725,2024-11-09,TND 84.62,DEBIT,STEG PAIEMENT 91506,STEG,Online,Utilities,Direct Debit,TND,580.180,2:39 AM,TN,,,False,
726,TXN_000726,09/11/2024,4.200,DEBIT,ICLOUD+ 50GB,Apple,Online,Subscriptions,Online Card,TND,575.980,06:19:00,IE,False,DEV_B2,False,
727,TXN_000727,09-11-2024,TND 12.79,DEBIT,COFFEE BREAK TUNIS,Coffee Break,Tunis,Dining,POS Card,TND,563.190,08:28:13,TN,True,,False,
728,TXN_000728,2024-11-10,6.000,DEBIT,EPICERIE BEN SALEM,Epicerie Ben Salem,Ariana,Groceries,POS Card,TND,557.190,17:55,TN,True,,False,
729,TXN_000729,10/11/2024,9.000,DEBIT,BOLT *TRIP 29754,BOLT,Tunis,Transportation,Online Card,TND,548.190,18:46:19,TN,False,DEV_A1,False,
730,TXN_000730,11/11/2024,36.000,DEBIT,TUNISIE TELECOM ADSL FACTURE,Tunisie Telecom,Online,Utilities,Direct Debit,TND,512.190,05:12:30,TN,,,False,
731,TXN_000731,2024-11-12,-1.000,DEBIT,SMART PARKING LAC 23151,Parking,Tunis,Transportation,POS Card,TND,511.190,09:21:00,TN,True,,False,
732,TXN_000732,2024-11-12,-7.000,DEBIT,Coffee Break Tunis,Coffee Break,Tunis,Dining,POS Card,TND,504.190,15:42,TN,True,,False,
733,TXN_000733,2024-11-12,86.100,DEBIT,STEAMGAMES.COM 43844,Steam,Online,Entertainment,Online Card,TND,418.090,18:18:51,US,False,DEV_A1,False,
734,TXN_000734,2024-11-13,8.450,DEBIT,TPE CAFE EL MENZAH 8380,Cafe El Menzah,Tunis,Dining,POS Card,TND,409.640,08:32:29,TN,True,,False,
735,TXN_000735,2024-11-13,81.680,DEBIT,TOTAL SERVICE STATION LA MARSA #39695,TOTALENERGIES,La Marsa,Fuel,POS Card,TND,327.960,14:25:40,TN,True,,False,
736,TXN_000736,2024-11-14,-29.900,DEBIT,NETFLIX.COM AMSTERDAM,Netflix,Online,Subscriptions,Online Card,TND,298.060,05:00:53,NL,N,DEV_A1,False,
737,TXN_000737,11/15/2024,36.500,DEBIT,GAT ASSURANCE SANTE,GAT_Assurances,Tunis,Insurance,Direct Debit,TND,261.560,02:31:50,tn,,,False,
738,TXN_000738,2024-11-16,32.800,DEBIT,OOREDOO BILL PAYMENT,Ooredoo,Online,Utilities,Direct Debit,TND,228.760,02:29:21,TN,,,False,
739,TXN_000739,2024-11-16,600.000,CREDIT,REMBOURSEMENT LITIGE CARTE,Bank Dispute Reimbursement,Tunis,other,Bank Transfer,TND,828.760,10:46,TN,,,False,
740,TXN_000740,16/11/2024,14.000 TND,DEBIT,BOLT RIDE TUNIS,Bolt,Tunis,Transportation,Online Card,TND,814.760,17:36:54,TN,False,DEV_A1,False,
741,TXN_000741,2024-11-16,3.000,DEBIT,BOLT *TRIP 60046,Bolt,Ariana,Transportation,Online Card,TND,811.760,18:31:14,TN,False,DEV_A1,False,
742,TXN_000742,2024-11-17,58.240,DEBIT,SONEDE 83845,SONEDE,Online,Utilities,Direct Debit,TND,753.520,02:47:41,TN,,,False,
743,TXN_000743,2024-11-17,82.690,DEBIT,GEANT TUNIS,Géant,Tunis,Groceries,POS Card,TND,670.830,13:53:38,TN,Y,,False,
744,TXN_000744,2024-11-18,45.450 TND,DEBIT,GLOVO TUNIS,GLOVO,Online,Dining,Online Card,TND,625.380,22:09:43,TN,False,DEV_A1,False,
745,TXN_000745,2024-11-19,8.420,DEBIT,BOULANGERIE LE FOURNIL TUNIS,Boulangerie Le Fournil ,Tunis,Groceries,POS Card,TND,616.960,08:22:23,TN,True,,False,
746,TXN_000746,2024-11-21,16.070 TND,DEBIT,COFFEE BREAK TUNIS,Coffee Break,Tunis,Dining,POS Card,TND,600.890,08:35,TN,True,,False,
747,TXN_000747,2024-11-21,7.220,DEBIT,COFFEE BREAK TUNIS,Coffee Break,Tunis,Dining,POS Card,TND,593.670,10:17:36,TN,True,,False,
748,TXN_000748,22/11/2024,18.500 TND,DEBIT,SPOTIFY AB STOCKHOLM,Spotify,Online,Subscriptions,Online Card,TND,575.170,03:43:23,SE,False,DEV_A1,False,
749,TXN_000749,2024-11-22,46.750,DEBIT,FLOUCI P2P 39372,Friend Transfer,Online,Transfer,Mobile Wallet,TND,528.420,14:04:12,TN,False,DEV_A1,False,
750,TXN_000750,2024-11-22,TND 29.00,DEBIT,PATHE TUNIS CITY,Pathe Tunis City,Tunis,Entertainment,POS Card,TND,499.420,8:17 PM,TN,True,,False,
751,TXN_000751,2024-11-23,3.450,DEBIT,BOLT *TRIP 71748,bolt,La Marsa,Transportation,Online Card,TND,495.970,09:03:35,TN,False,DEV_B2,False,
752,TXN_000752,23 Nov 2024,3.000,DEBIT,Coffee Break Tunis,Coffee Break,Tunis,DINING,POS Card,TND,492.970,10:38:32,TN,True,,False,
753,TXN_000753,24/11/2024,47.840 TND,DEBIT,JUMIA.COM.TN,Jumia,Online,Shopping,Online Card,TND,445.130,14:06:02,TN,no,DEV_A1,False,
754,TXN_000754,2024-11-25,-18.000,DEBIT,CAFE EL MENZAH,Cafe El Menzah,Tunis,Dining,POS Card,TND,427.130,11:25:48,TN,True,,False,
755,TXN_000755,2024-11-25,TND 19.53,DEBIT,COFFEE BREAK TUNIS,coffee break,Tunis,Dining,POS Card,TND,407.600,16:55:03,TN,True,,False,
756,TXN_000756,26-11-2024,"19,000",DEBIT,PAUL LA MARSA,Paul,La Marsa,Dining,POS Card,TND,388.600,8:58 AM,TN,True,,False,
757,TXN_000757,26/11/2024,TND 18.80,DEBIT,PHCIE CENTRALE 56319,Pharmacie Centrale,Tunis,Healthcare,POS Card,TND,369.800,13:22:12,TN,True,,False,
758,TXN_000758,2024-11-26,87.700,DEBIT,INDITEX ZARA 18898,Zara,Tunis,Shopping,POS Card,TND,282.100,20:31:22,TN,True,,False,
759,TXN_000759,2024-11-27,3200.000,CREDIT,SALARY CREDIT,NEXORA SOLUTIONS,Online,Salary,Bank Transfer,TND,3482.100,07:33:42,TN,,,False,
760,TXN_000760,11/28/2024,1500.000,DEBIT,VIR3M3NT COMPTE EPARGNE 82047,Savings Account,Online,Transfer,Standing Order,TND,1982.100,03:46:36,TN,,,False,
761,TXN_000761,2024-11-28,10.780,DEBIT,EPICERIE BEN SALEM ARIANA,Epicerie Ben Salem,Ariana,Groceries,POS Card,TND,1971.320,19:09,TN,True,,False,
762,TXN_000762,11/29/2024,8.360,DEBIT,BOULANGERIE LE FOURNIL,boulangerie le fournil,Tunis,Groceries,POS Card,TND,1962.960,09:22:08,TN,Y,,False,
763,TXN_000763,2024-11-29,-1179.000,DEBIT,TUNISIANET ORDER 88213,Tunisianet,Online,Electronics,Online Card,TND,783.960,11:25:49,TN,False,DEV_A1,False,
764,TXN_000764,2024-11-29,3.700,DEBIT,COFFEE BREAK TUNIS,Coffee Break,Tunis,Dining,POS Card,TND,780.260,17:48:58,TN,True,,False,
765,TXN_000765,2024-11-30,4.500,DEBIT,COMMISSION TENUE COMPTE 30886,Bank Fees,Online,Other,Direct Debit,TND,775.760,04:36:13,TN,,,False,
766,TXN_000766,2024-11-30,-19.820,DEBIT,UBER *TRIP 18875,Uber ,Tunis,transport,Online Card,TND,755.940,06:59,TN,no,DEV_A1,False,
767,TXN_000767,2024-11-30,5.400,DEBIT,BOLT RIDE TUNIS,bolt,Ariana,Transportation,Online Card,TND,750.540,13:23:13,TN,False,DEV_A1,False,
768,TXN_000768,2024-12-01,1550.000,CREDIT,VIREMENT EPARGNE VERS COMPTE COURANT,Savings Account,Online,Transfer,Standing Order,TND,2300.540,4:31 AM,TN,,,False,
769,TXN_000769,01-12-2024,-4.580,DEBIT,BOULANGERIE LE FOURNIL,Boulangerie_Le_Fournil,Ariana,Groceries,POS Card,TND,2295.960,10:04:51,TN,True,,False,
770,TXN_000770,02/12/2024,3.930,DEBIT,CAFE EL MENZAH,Cafe El Menzah,Tunis,Dining,POS Card,TND,2292.030,07:33:35,TN,True,,False,
771,TXN_000771,2024-12-02,2.700,DEBIT,BOULANGERIE LE FOURNIL,Boulangerie Le Fournil,Tunis,Groceries,POS Card,TND,2289.330,10:57:56,TN,True,,False,
772,TXN_000772,2024-12-03,"25,650",DEBIT,EPICERIE BEN SALEM ARIANA,epicerie ben salem,Ariana,Groceries,POS Card,TND,2263.680,13:12:45,TN,True,,False,
773,TXN_000773,03/12/2024,-196.400,DEBIT,ZALANDO.DE BERLIN DE,Zalando,Online,Shopping,Online Card,TND,2067.280,6:19 PM,DE,False,DEV_A1,False,
774,TXN_000774,2024-12-04,278.955,DEBIT,GADGET HUB ONLINE US,Gadget Hub Online ,Online,Electronics,Online Card,TND,1788.325,02:24:21,US,False,DEV_4E3D,True,account_takeover
775,TXN_000775,2024-12-04,"251,285",DEBIT,LUXEBOUTIQUE ONLINE GB,LuxeBoutique Online,Online,SHOPPING,Online Card,TND,1537.040,02:31:52,GB,False,DEV_4E3D,True,account_takeover
776,TXN_000776,2024-12-04,256.077,DEBIT,VIR WEB NOUVEAU BENEFICIAIRE,Unknown Beneficiary,Online,Transfer,Bank Transfer,TND,1280.963,02:43:43,TN,,DEV_4E3D,True,account_takeover
777,TXN_000777,04/12/2024,"720,000",DEBIT,STE IMMOBILIERE LOYER,STE IMMOBILIERE,Ariana,Rent,Standing Order,TND,560.963,05:07:16,TN,,,False,
778,TXN_000778,2024-12-04,3.800,DEBIT,SMART PARKING LAC 21864,Parking,Tunis,Transportation,POS Card,TND,557.163,10:02:11,TN,True,,False,
779,TXN_000779,2024-12-04,TND 4.00,DEBIT,BOULANGERIE LE FOURNIL ARIANA,Boulangerie Le Fournil,Ariana,Groceries,POS Card,TND,553.163,11:15:02,TN,True,,False,
780,TXN_000780,2024-12-04,23.650,DEBIT,BOLT *TRIP 67337,Bolt,La Marsa,Transportation,Online Card,TND,529.513,11:45:20,TN,False,DEV_A1,False,
781,TXN_000781,2024-12-04,16.400,DEBIT,MCDONALDS ARIANA,MCDONALD'S,Ariana,Dining,POS Card,TND,513.113,13:48:19,TN,True,,False,
782,TXN_000782,2024-12-05,-5.700,DEBIT,CAFE EL MENZAH,Cafe El Menzah,Tunis,Dining,POS Card,TND,507.413,10:27:32,TN,True,,False,
783,TXN_000783,05-12-2024,10.000,DEBIT,UBER TRIP HELP.UBER.COM,UBER,Tunis,Transportation,Online Card,TND,497.413,21:23:43,TN,False,DEV_A1,False,
784,TXN_000784,2024-12-06,63.000,DEBIT,OPENAI *CHATGPT SUBSCR,OPENAI,Online,Subscriptions,Online Card,TND,434.413,03:59:59,US,False,DEV_B2,False,
785,TXN_000785,12/06/2024,-11.360,DEBIT,BOLT *TRIP 91324,Bolt,La Marsa,Transportation,Online Card,TND,423.053,7:16 AM,TN,False,DEV_A1,False,
786,TXN_000786,06-12-2024,TND 240.00,CREDIT,REMBOURSEMENT GAT SANTE,GAT ASSURANCES,Online,health,Online Card,TND,663.053,16:47:32,TN,False,DEV_B2,False,
787,TXN_000787,07-12-2024,52.000,DEBIT,PHCIE CENTRALE 40179,Pharmacie Centrale,Tunis,Healthcare,POS Card,TND,611.053,16:53:22,TN,True,,False,
788,TXN_000788,2024-12-07,140.000,DEBIT,ATM WDL 25055 LA MARSA,ATM Withdrawal,La Marsa,Cash Withdrawal,ATM,TND,471.053,18:12:50,TN,True,,False,
789,TXN_000789,2024-12-07,34.600,DEBIT,RESTAURANT LE PORT CARTHAGE,Restaurant Le Port,Carthage,Dining,POS Card,TND,436.453,21:50:51,TN,True,,False,
790,TXN_000790,08 Dec 2024,36.000,DEBIT,TT FIXE INTERNET 73179,Tunisie Telecom,Online,Utilities,Direct Debit,TND,400.453,04:01:36,TN,,,False,
791,TXN_000791,2024-12-08,70.000,DEBIT,FITNESS ZONE MEMBERSHIP,Fitness Zone,La Marsa,Subscriptions,Direct Debit,TND,330.453,05:11:48,Tunisia,,,False,
792,TXN_000792,08/12/2024,7.300,DEBIT,BOLT *TRIP 93233,Bolt,Ariana,Transportation,Online Card,TND,323.153,07:56:50,TN,False,DEV_B2,False,
793,TXN_000793,08 Dec 2024,2.900,DEBIT,BOULANGERIE LE FOURNIL,Boulangerie Le Fournil,Ariana,Groceries,POS Card,TND,320.253,08:01,TN,True,,False,
794,TXN_000794,08/12/2024,5.700,DEBIT,BOLT *TRIP 36381,Bolt,Tunis,Transportation,Online Card,TND,314.553,16:42:40,TN,False,DEV_A1,False,
795,TXN_000795,2024-12-09,4.200,DEBIT,APPLE.COM/BILL,Apple,Online,Subscriptions,Online Card,TND,310.353,01:30:41,IE,False,DEV_A1,False,
796,TXN_000796,09/12/2024,24.900,DEBIT,PAIEMENT PAUL 36941,Paul,,Dining,POS Card,TND,285.453,11:14:24,TN,True,,False,
797,TXN_000797,2024-12-09,4.100,DEBIT,COFFEE BREAK ARIANA,Coffee Break,Ariana,Dining,POS Card,TND,281.353,16:02:12,TN,True,,False,
798,TXN_000798,2024-12-14,29.900,DEBIT,NETFLIX.COM,Netflix,Online,Subscriptions,Online Card,TND,251.453,06:13:36,NL,False,DEV_B2,False,
799,TXN_000799,2024-12-14,786.317,CREDIT,REMBOURSEMENT LITIGE CARTE,Bank Dispute Reimbursement,Tunis,Other,Bank Transfer,TND,1037.770,10:41:01,TN,,,False,
800,TXN_000800,2024-12-14,480.000,DEBIT,BIJOUTERIE EL MEDINA TUNIS,Bijouterie El Medina,Tunis,Shopping,POS Card,TND,557.770,17:57:40,TN,True,,False,
801,TXN_000801,2024-12-14,4.000,DEBIT,BOLT RIDE TUNIS,Bolt,Tunis,Transportation,Online Card,TND,553.770,9:58 PM,TN,False,DEV_A1,False,
802,TXN_000802,2024-12-14,55.250,DEBIT,MCDO 99375,McDonald's,Tunis,Dining,POS Card,TND,498.520,22:43:26,TN,True,,False,
803,TXN_000803,2024-12-15,-36.500,DEBIT,GAT ASSURANCE SANTE,GAT Assurances,Tunis,Insurance,Direct Debit,TND,462.020,00:43:02,TN,,,False,
804,TXN_000804,2024-12-15,22.770,DEBIT,EPICERIE BEN SALEM,Epicerie Ben Salem,Ariana,groceries,POS Card,TND,439.250,10:48:12,TN,True,,False,
805,TXN_000805,15/12/2024,"7,430",DEBIT,BOLT *TRIP 74237,Bolt,Tunis,Transportation,Online Card,TND,431.820,13:24:32,TN,False,DEV_A1,False,
806,TXN_000806,2024-12-15,87.830,DEBIT,RESTAURANT LE PORT,Restaurant Le Port,Tunis,Dining,POS Card,TND,343.990,13:46:05,TN,True,,False,
807,TXN_000807,2024-12-16,2.000,DEBIT,SMART PARKING LAC 42023,Parking,Tunis,transport,POS Card,TND,341.990,08:52:08,TN,True,,False,
808,TXN_000808,16/12/2024,14.050 TND,DEBIT,Coffee Break Tunis,Coffee Break,Tunis,Dining,POS Card,TND,327.940,09:42:45,TN,True,,False,
809,TXN_000809,17-12-2024,5.000,DEBIT,BOLT RIDE TUNIS,Bolt,La Marsa,Transportation,Online Card,TND,322.940,10:03:48,TN,False,DEV_A1,False,
810,TXN_000810,2024-12-17,10.000,DEBIT,Coffee Break Tunis,Coffee Break,Tunis,Dining,POS Card,TND,312.940,14:01:55,TN,True,,False,
811,TXN_000811,2024-12-17,"11,000",DEBIT,TPE CAFE EL MENZAH 99868,Cafe El Menzah,,Dining,POS Card,TND,301.940,14:35:20,tn,True,,False,
812,TXN_000812,2024-12-20,26.000,DEBIT,OOREDOO TUNISIE FACTURE 2735,Ooredoo,Online,Utilities,Direct Debit,TND,275.940,01:53:16,TN,,,False,
813,TXN_000813,20/12/2024,3312.500,CREDIT,SALARY CREDIT,Nexora Solutions,Online,Salary,Bank Transfer,TND,3588.440,07:37:17,TN,,,False,
814,TXN_000814,20/12/2024,1350.000 TND,CREDIT,PRIME DE FIN D ANNEE NEXORA,Nexora Solutions,Online,Salary,Bank Transfer,TND,4938.440,08:01:50,TN,,,False,
815,TXN_000815,2024-12-20,TND 1.25,DEBIT,SMART PARKING LAC 58957,parking,Ariana,Transportation,POS Card,TND,4937.190,15:40:58,TN,True,,False,
816,TXN_000816,20/12/2024,14.350,DEBIT,UBER TRIP HELP.UBER.COM,Uber,Tunis,Transportation,Online Card,TND,4922.840,21:40:35,TN,0,DEV_A1,False,
817,TXN_000817,2024-12-21,1500.000,DEBIT,VIR PERMANENT EPARGNE,Savings Account,Online,Transfer,Standing Order,TND,3422.840,01:36:08,TN,,,False,
818,TXN_000818,12/21/2024,6.000 TND,DEBIT,BOULANGERIE LE FOURNIL ARIANA,Boulangerie Le Fournil,Ariana,Groceries,POS Card,TND,3416.840,09:02:09,TN,True,,False,
819,TXN_000819,2024-12-21,39.290,DEBIT,RESTAURANT LE PORT,Restaurant Le Port,Carthage,Restaurants,POS Card,TND,3377.550,21:53:58,TN,True,,False,
820,TXN_000820,2024-12-22,18.500 TND,DEBIT,SPOTIFY PREMIUM,SPOTIFY,Online,Subscriptions,Online Card,TND,3359.050,03:48:52,SE,False,DEV_A1,False,
821,TXN_000821,2024-12-22,2.000,DEBIT,SMART PARKING LAC 2929,parking,Tunis,Transport,POS Card,TND,3357.050,09:30:05,TN,True,,False,
822,TXN_000822,2024-12-23,"2,500",DEBIT,PARKING ARIANA,parking,Ariana,Transportation,POS Card,TND,3354.550,08:47:26,TN,True,,False,
823,TXN_000823,2024-12-23,2.250,DEBIT,SMART PARKING LAC 19541,PARKING,Ariana,Transportation,POS Card,TND,3352.300,16:19:10,TN,True,,False,
824,TXN_000824,2024-12-25,13.750 TND,DEBIT,BOLT RIDE TUNIS,Bolt,Tunis,Transportation,Online Card,TND,3338.550,08:15:55,TN,False,DEV_A1,False,
825,TXN_000825,25-12-2024,TND 12.76,DEBIT,TPE CAFE EL MENZAH 16536,Cafe El Menzah,Tunis,Dining,POS Card,TND,3325.790,17:11:37,TN,True,,False,
826,TXN_000826,2024-12-26,11.700,DEBIT,TPE CAFE EL MENZAH 74328,Cafe El Menzah,Tunis,Dining,POS Card,TND,3314.090,07:42:26,TN,True,,False,
827,TXN_000827,26 Dec 2024,"81,400",DEBIT,Carrefour Ben Arous,Carrefour,Ben Arous,Groceries,POS Card,TND,3232.690,15:23,TN,True,,False,
828,TXN_000828,12/26/2024,"18,650",DEBIT,PAUL TUNIS,Paul,Tunis,Dining,POS Card,TND,3214.040,15:50:11,TN,True,,False,
829,TXN_000829,2024-12-27,5.000,DEBIT,SMART PARKING LAC 39332,PARKING,Tunis,Transportation,POS Card,TND,3209.040,18:35:26,TN,True,,False,
830,TXN_000830,27/12/2024,52.850,DEBIT,STEAMGAMES.COM 20557,STEAM,Online,entertainment,Online Card,TND,3156.190,21:50:24,US,False,DEV_A1,False,
831,TXN_000831,28/12/2024,6.000,DEBIT,BOLT *TRIP 98673,Bolt,La Marsa,Transportation,Online Card,TND,3150.190,08:27:37,Tunisia,False,DEV_A1,False,
832,TXN_000832,2024-12-28,11.940,DEBIT,EPICERIE BEN SALEM ARIANA,Epicerie Ben Salem,Ariana,Groceries,POS Card,TND,3138.250,13:51,TN,True,,False,
833,TXN_000833,28 Dec 2024,13.300,DEBIT,EPICERIE BEN SALEM ARIANA,Epicerie Ben Salem,Ariana,Groceries,POS Card,TND,3124.950,18:01:58,TN,True,,False,
834,TXN_000834,12/28/2024,TND 164.03,DEBIT,GEANT BEN AROUS,Géant,Ben Arous,Groceries,POS Card,TND,2960.920,18:20:15,TN,True,,False,
835,TXN_000835,2024-12-29,49.700,DEBIT,CARREFOUR TUNIS #99867,Carrefour,Tunis,Grocery,POS Card,TND,2911.220,10:04:59,tn,True,,False,
836,TXN_000836,29/12/2024,13.200,DEBIT,BOULANGERIE LE FOURNIL ARIANA,BOULANGERIE LE FOURNIL,Ariana,GROCERIES,POS Card,TND,2898.020,11:16:55,TN,True,,False,
837,TXN_000837,2024-12-29,4.000 TND,DEBIT,COFFEE BREAK TUNIS,Coffee Break,Tunis,Dining,POS Card,TND,2894.020,2:52 PM,TN,True,,False,
838,TXN_000838,2024-12-29,14.900,DEBIT,STEAMGAMES.COM 29983,steam,Online,Entertainment,Online Card,TND,2879.120,22:46:56,US,False,DEV_A1,False,
839,TXN_000839,2024-12-29,7.200,DEBIT,BOLT RIDE TUNIS,Bolt,Ariana,Transportation,Online Card,TND,2871.920,23:18:23,TN,False,DEV_A1,False,
840,TXN_000840,2024-12-30,4.500,DEBIT,COMMISSION TENUE COMPTE 45240,Bank Fees,Online,Other,Direct Debit,TND,2867.420,03:12:50,TN,,,False,
841,TXN_000841,30 Dec 2024,4.000,DEBIT,SMART PARKING LAC 79423,Parking,Ariana,Transportation,POS Card,TND,2863.420,10:18:06,Tunisia,True,,False,
842,TXN_000842,30/12/2024,TND 12.40,DEBIT,PAUL TUNIS,Paul,Tunis,Dining,POS Card,TND,2851.020,17:56:03,TN,True,,False,
843,TXN_000843,2024-12-31,15.900,DEBIT,BOLT *TRIP 2629,Bolt,Tunis,Transportation,Online Card,TND,2835.120,20:09:31,TN,False,DEV_A1,False,
844,TXN_000844,31-12-2024,38.000,DEBIT,CINEMAS PATHE 61206,Pathe Tunis City,Tunis,Entertainment,POS Card,TND,2797.120,20:11:40,TN,True,,False,
845,TXN_000845,2024-12-31,74.000,DEBIT,RESTAURANT LE PORT,RESTAURANT LE PORT,Tunis,Dining,POS Card,TND,2723.120,21:01:36,TN,True,,False,
846,TXN_000846,31/12/2024,14.950,DEBIT,BOLT *TRIP 61952,Bolt,Ariana,Transportation,Online Card,TND,2708.170,21:08:02,TN,False,DEV_A1,False,
847,TXN_000847,2024-12-31,4.060,DEBIT,SMART PARKING LAC 79684,Parking,Tunis,Transportation,POS Card,TND,2704.110,21:14:35,TN,True,,False,
848,TXN_000848,2024-12-31,22.500,DEBIT,PAUL TUNIS,Paul,Tunis,Dining,POS Card,TND,2681.610,21:51:18,TN,True,,False,
849,TXN_000849,31/12/2024,4.000,DEBIT,PARKING ARIANA,PARKING,Ariana,Transportation,POS Card,TND,2677.610,22:04,TN,True,,False,
850,TXN_000850,31 Dec 2024,16.450,DEBIT,COFFEE BREAK ARIANA,COFFEE BREAK,Ariana,DINING,POS Card,TND,2661.160,22:36:46,TN,True,,False,
851,TXN_000851,2024-12-31,8.500,DEBIT,CAFE EL MENZAH,CAFE EL MENZAH,Tunis,Food & Dining,POS Card,TND,2652.660,22:37:44,TN,True,,False,
852,TXN_000852,2024-12-31,14.300 TND,DEBIT,BOLT *TRIP 46478,BOLT,Tunis,Transportation,Online Card,TND,2638.360,22:44:58,TN,False,DEV_A1,False,
853,TXN_000853,2024-12-31,9.800,DEBIT,COFFEE BREAK TUNIS,COFFEE BREAK,Tunis,Dining,POS Card,TND,2628.560,22:50:44,TN,1,,False,
854,TXN_000854,2024-12-31,"12,400",DEBIT,BOLT RIDE TUNIS,Bolt,Tunis,Transportation,Online Card,TND,2616.160,22:51:42,tn,False,DEV_A1,False,
855,TXN_000855,31/12/2024,"19,800",DEBIT,BOLT *TRIP 21624,BOLT,Tunis,Transportation,Online Card,TND,2596.360,23:36:54,TN,0,DEV_A1,False,
856,TXN_000856,01/01/2025,500.000,CREDIT,VIREMENT EPARGNE VERS COMPTE COURANT,Savings Account,Online,Transfer,Standing Order,TND,3096.360,03:22,TN,,,False,
857,TXN_000857,2025-01-01,TND 12.92,DEBIT,EPICERIE BEN SALEM,Epicerie Ben Salem ,Ariana,Groceries,POS Card,TND,3083.440,15:05:13,TN,True,,False,
858,TXN_000858,2025-01-01,37.300,DEBIT,STEAM PURCHASE,steam,Online,Entertainment,Online Card,TND,3046.140,21:35:51,US,no,DEV_A1,False,
859,TXN_000859,2025-01-01,3.000,DEBIT,BOLT RIDE TUNIS,Bolt,Tunis,Transportation,Online Card,TND,3043.140,22:08:09,TN,False,DEV_A1,False,
860,TXN_000860,2025-01-01,7.260,DEBIT,BOLT RIDE TUNIS,bolt,La Marsa,transport,Online Card,TND,3035.880,23:28:46,TN,False,DEV_A1,False,
861,TXN_000861,01/02/2025,38.000,DEBIT,RESTAURANT LE PORT TUNIS,Restaurant Le Port,Tunis,Dining,POS Card,TND,2997.880,13:55:26,TN,True,,False,
862,TXN_000862,03-01-2025,8.000,DEBIT,BOULANGERIE LE FOURNIL,Boulangerie Le Fournil,Ariana,Groceries,POS Card,TND,2989.880,07:57:09,TN,True,,False,
863,TXN_000863,01/04/2025,760.000,DEBIT,VIR PERMANENT STE IMMOBILIERE,STE Immobiliere,Ariana,Rent,Standing Order,TND,2229.880,03:22:48,TN,,,False,
864,TXN_000864,04/01/2025,14.450,DEBIT,PATHE TUNIS CITY,Pathe Tunis City,Tunis,Entertainment,POS Card,TND,2215.430,19:47:01,tn,True,,False,
865,TXN_000865,2025-01-05,"13,000",DEBIT,UBER *TRIP 70001,Uber ,Tunis,Transportation,Online Card,TND,2202.430,21:00:07,TN,False,DEV_A1,False,
866,TXN_000866,2025-01-06,75.000,DEBIT,FITNESS ZONE MEMBERSHIP,Fitness Zone,La Marsa,Subscriptions,Direct Debit,TND,2127.430,00:34:04,TN,,,False,
867,TXN_000867,06/01/2025,63.000,DEBIT,OPENAI *CHATGPT SUBSCR,openai,Online,Subscriptions,Online Card,TND,2064.430,03:16:12,US,False,DEV_A1,False,
868,TXN_000868,2025-01-06,8.000,DEBIT,COFFEE BREAK ARIANA,Coffee Break,Ariana,dining,POS Card,TND,2056.430,14:55:12,TN,Y,,False,
869,TXN_000869,2025-01-06,7.150,DEBIT,PARKING ARIANA,parking,Ariana,Transportation,POS Card,TND,2049.280,15:09:58,TN,1,,False,
870,TXN_000870,2025-01-06,TND 12.00,DEBIT,BOLT *TRIP 10425,Bolt,Ariana,Transportation,Online Card,TND,2037.280,17:40:06,TN,False,DEV_A1,False,
871,TXN_000871,07 Jan 2025,23.300,DEBIT,PAIEMENT PAUL 14031,Paul,Tunis,Dining,POS Card,TND,2013.980,14:25:02,TN,True,,False,
872,TXN_000872,2025-01-08,7.850,DEBIT,COFFEE BREAK TUNIS,Coffee_Break,Tunis,Dining,POS Card,TND,2006.130,10:43:00,TN,True,,False,
873,TXN_000873,08/01/2025,26.900,DEBIT,GLOVO TUNIS,Glovo,Online,Dining,Online Card,TND,1979.230,20:00:00,TN,False,DEV_A1,False,
874,TXN_000874,2025-01-09,4.200,DEBIT,APPLE.COM/BILL,Apple,Online,Subscriptions,Online Card,TND,1975.030,02:36:27,IE,no,DEV_A1,False,
875,TXN_000875,2025-01-09,36.000,DEBIT,TUNISIE TELECOM ADSL FACTURE,Tunisie Telecom,Online,Utilities,Direct Debit,TND,1939.030,3:16 AM,TN,,,False,
876,TXN_000876,2025-01-09,344.432,DEBIT,GLOBAL ELECTRO STORE HK,GLOBAL ELECTRO STORE,Online,electronics,Online Card,TND,1594.598,04:25:45,HK,False,DEV_9D1E,True,night_high_value_online
877,TXN_000877,2025-01-09,-86.650,DEBIT,PHARMACIE CENTRALE TUNIS,Pharmacie Centrale ,Tunis,Healthcare,POS Card,TND,1507.948,14:24:16,Tunisia,True,,False,
878,TXN_000878,2025-01-09,12,510,DEBIT,STEAM PURCHASE steam,Online,Entertainment,Online Card,TND,1495.438,20:48:26,US,no,DEV_A1,False,
879,TXN_000879,2025-01-10,15.900,DEBIT,BOULANGERIE LE FOURNIL,Boulangerie Le Fournil,Tunis,Groceries,POS Card,TND,1479.538,09:20:29,TN,True,,False,
880,TXN_000880,2025-01-11,100.910,DEBIT,STEG FACTURE ELEC GAZ,STEG,Online,Utilities,Direct Debit,TND,1378.628,01:18,TN,,,False,
881,TXN_000881,01/12/2025,27.300,DEBIT,PHCIE CENTRALE 18344,Pharmacie Centrale,Tunis,Healthcare,POS Card,TND,1351.328,12:43:56,TN,yes,,False,
882,TXN_000882,2025-01-13,"6,100",DEBIT,CAFE EL MENZAH,Cafe El Menzah,Tunis,Dining,POS Card,TND,1345.228,4:46 PM,TN,True,,False,
883,TXN_000883,01/13/2025,"3,000",DEBIT,TPE CAFE EL MENZAH 94352,Cafe El Menzah,Tunis,Dining,POS Card,TND,1342.228,5:00 PM,TN,True,,False,
884,TXN_000884,14 Jan 2025,"29,900",DEBIT,NETFLIX.COM AMSTERDAM,Netflix,Online,Subscriptions,Online Card,TND,1312.328,01:21:39,NL,False,DEV_A1,False,
885,TXN_000885,2025-01-15,39.500,DEBIT,GAT ASSURANCE SANTE,GAT Assurances,Tunis,Insurance,Direct Debit,TND,1272.828,3:01 AM,TN,,,False,
886,TXN_000886,2025-01-15,TND 9.31,DEBIT,TPE CAFE EL MENZAH 38200,Cafe El Menzah,Tunis,Dining,POS Card,TND,1263.518,10:16 AM,TN,True,,False,
887,TXN_000887,2025-01-15,44.000 TND,DEBIT,TOTALENERGIES BEN AROUS,TotalEnergies,Ben Arous,Fuel,POS Card,TND,1219.518,11:04,TN,True,,False,
888,TXN_000888,15-01-2025,14.650,DEBIT,EPICERIE BEN SALEM ARIANA,EPICERIE BEN SALEM,Ariana,Groceries,POS Card,TND,1204.868,12:05:16,TN,True,,False,
889,TXN_000889,15/01/2025,6.000,DEBIT,TPE CAFE EL MENZAH 87657,cafe el menzah,Tunis,Dining,POS Card,TND,1198.868,14:45:02,TN,True,,False,
890,TXN_000890,2025-01-16,"3,200",DEBIT,COFFEE BREAK ARIANA,Coffee Break,Ariana,dining,POS Card,TND,1195.668,15:40:17,TN,Y,,False,
891,TXN_000891,2025-01-17,9.530,DEBIT,BOLT RIDE TUNIS,BOLT,Tunis,Transportation,Online Card,TND,1186.138,08:07:40,TN,False,DEV_A1,False,
892,TXN_000892,17-01-2025,7.100,DEBIT,Coffee Break Tunis,COFFEE BREAK,Tunis,dining,POS Card,TND,1179.038,10:25:09,TN,Y,,False,
893,TXN_000893,2025-01-17,2.130,DEBIT,SMART PARKING LAC 66264,parking,Ariana,Transportation,POS Card,TND,1176.908,18:45:01,TN,True,,False,
894,TXN_000894,2025-01-18,36.410,DEBIT,OOREDOO TUNISIE FACTURE 85971,OOREDOO,Online,utilities,Direct Debit,TND,1140.498,04:45:45,TN,,,False,
895,TXN_000895,2025-01-18,15.950,DEBIT,BOLT *TRIP 6969,Bolt,La Marsa,Transportation,Online Card,TND,1124.548,07:12:53,TN,False,DEV_A1,False,
896,TXN_000896,18-01-2025,8.700 TND,DEBIT,BOULANGERIE LE FOURNIL ARIANA,Boulangerie Le Fournil,Ariana,Groceries,POS Card,TND,1115.848,9:21 AM,TN,True,,False,
897,TXN_000897,2025-01-18,17.050,DEBIT,BOULANGERIE LE FOURNIL ARIANA,BOULANGERIE LE FOURNIL,Ariana,Groceries,POS Card,TND,1098.798,10:13,TN,True,,False,
898,TXN_000898,2025-01-18,94.160,DEBIT,GEANT BEN AROUS,Géant,Ben Arous,Groceries,POS Card,TND,1004.638,1:38 PM,TN,True,,False,
899,TXN_000899,2025-01-20,8.240,DEBIT,PHARMACIE CENTRALE ARIANA,PHARMACIE CENTRALE,Ariana,Healthcare,POS Card,TND,996.398,15:35:17,TN,True,,False,
900,TXN_000900,2025-01-21,7.620 TND,DEBIT,BOULANGERIE LE FOURNIL,Boulangerie Le Fournil,Ariana,Groceries,POS Card,TND,988.778,08:51:30,TN,True,,False,
901,TXN_000901,21/01/2025,TND 30.00,DEBIT,MONOPRIX TUNIS #17200,Monoprix,,Groceries,POS Card,TND,958.778,17:05:36,TN,True,,False,
902,TXN_000902,01/22/2025,18.500,DEBIT,SPOTIFY PREMIUM,Spotify,Online,Subscriptions,Online Card,TND,940.278,2:49 AM,SE,False,DEV_A1,False,
903,TXN_000903,2025-01-23,55.000,DEBIT,RESTAURANT LE PORT TUNIS,Restaurant Le Port,Tunis,Restaurants,POS Card,TND,885.278,14:19:55,TN,True,,False,
904,TXN_000904,2025-01-23,59.700,DEBIT,RESTAURANT LE PORT CARTHAGE,Restaurant Le Port,Carthage,Dining,POS Card,TND,825.578,21:03,TN,True,,False,
905,TXN_000905,01/24/2025,12.400 TND,DEBIT,PAUL TUNIS,Paul,Tunis,Dining,POS Card,TND,813.178,07:53:54,TN,True,,False,
906,TXN_000906,2025-01-24,"91,660",DEBIT,AGIL TUNIS,AGIL,Tunis,Fuel,POS Card,TND,721.518,12:03:04,tn,True,,False,
907,TXN_000907,24 Jan 2025,89.900,CREDIT,REMBOURSEMENT ZARA TUNIS CITY,Zara,Online,Shopping,Online Card,TND,811.418,17:52:03,TN,False,DEV_A1,False,
908,TXN_000908,2025-01-24,14.700,DEBIT,MCDONALDS LA MARSA,McDonald's,La Marsa,Dining,POS Card,TND,796.718,22:28:55,TN,True,,False,
909,TXN_000909,25/01/2025,95.200,DEBIT,RESTAURANT LE PORT TUNIS,Restaurant Le Port,Tunis,Dining,POS Card,TND,701.518,12:01:30,TN,True,,False,
910,TXN_000910,2025-01-25,"17,800",DEBIT,GLOVO*47062,Glovo ,Online,Restaurants,Online Card,TND,683.718,13:47:34,TN,no,DEV_A1,False,
911,TXN_000911,2025-01-25,45.150,DEBIT,GLOVO TUNIS,Glovo,Online,Dining,Online Card,TND,638.568,13:51:19,TN,False,DEV_A1,False,
912,TXN_000912,2025-01-25,15.200,DEBIT,EPICERIE BEN SALEM,Epicerie Ben Salem,Ariana,Groceries,POS Card,TND,623.368,15:43:39,TN,True,,False,
913,TXN_000913,2025-01-25,11.180,DEBIT,BOLT RIDE TUNIS,Bolt ,Tunis,Transportation,Online Card,TND,612.188,19:56:51,TN,False,DEV_A1,False,
914,TXN_000914,2025-01-25,51.000,DEBIT,RESTAURANT LE PORT,Restaurant Le Port,Carthage,Dining,POS Card,TND,561.188,21:38:03,TN,True,,False,
915,TXN_000915,2025-01-25,5.400,DEBIT,BOLT RIDE TUNIS,Bolt,La Marsa,Transportation,Online Card,TND,555.788,22:09:13,TN,False,DEV_A1,False,
916,TXN_000916,26 Jan 2025,"344,432",CREDIT,REMBOURSEMENT LITIGE CARTE,Bank Dispute Reimbursement ,Tunis,other,Bank Transfer,TND,900.220,10:58,TN,,,False,
917,TXN_000917,27/01/2025,642.300,DEBIT,GARAGE AUTO MODERNE ARIANA REPARATION,Garage Auto Moderne,Ariana,Transportation,POS Card,TND,257.920,18:29:54,TN,True,,False,
918,TXN_000918,2025-01-28,3260.000,CREDIT,VIR SALAIRE NEXORA SOLUTIONS,NEXORA SOLUTIONS,Online,Salary,Bank Transfer,TND,3517.920,07:07:34,TN,,,False,
919,TXN_000919,28/01/2025,10.800 TND,DEBIT,TPE CAFE EL MENZAH 30718,CAFE EL MENZAH,Tunis,Dining,POS Card,TND,3507.120,9:11 AM,TN,True,,False,
920,TXN_000920,2025-01-28,"16,100",DEBIT,PAIEMENT PAUL 53328,Paul,Tunis,Dining,POS Card,TND,3491.020,10:55:02,TN,True,,False,
921,TXN_000921,2025-01-29,1100.000 TND,DEBIT,VIR PERMANENT EPARGNE,Savings Account,Online,Transfer,Standing Order,TND,2391.020,01:58:48,TN,,,False,
922,TXN_000922,2025-01-29,TND 17.30,DEBIT,PAUL LA MARSA,Paul,La Marsa,Dining,POS Card,TND,2373.720,08:29,TN,True,,False,
923,TXN_000923,01/29/2025,7.080,DEBIT,Coffee Break Ariana,Coffee Break,Ariana,Dining,POS Card,TND,2366.640,14:21,TN,True,,False,
924,TXN_000924,2025-01-29,8.000 TND,DEBIT,CAFE EL MENZAH,Cafe El Menzah,Tunis,Dining,POS Card,TND,2358.640,15:25:38,TN,yes,,False,
925,TXN_000925,2025-01-29,7.510,DEBIT,UBER *TRIP 70318,Uber,Ariana,Transportation,Online Card,TND,2351.130,19:27:28,TN,False,DEV_A1,False,
926,TXN_000926,30 Jan 2025,4.500,DEBIT,FRAIS TENUE DE COMPTE,,Online,Other,Direct Debit,TND,2346.630,04:52:43,TN,,,False,
927,TXN_000927,2025-01-30,11.000 TND,DEBIT,Coffee Break Tunis,Coffee Break,Tunis,Dining,POS Card,TND,2335.630,10:05:53,TN,True,,False,
928,TXN_000928,2025-01-30,25.000 TND,DEBIT,PATHE TUNIS CITY,Pathe Tunis City
929,TXN_000929,2025-01-31,13.300,DEBIT,UBER TRIP HELP.UBER.COM,UBER,Ariana,Transportation,Online Card,TND,2297.330,06:30:42,TN,False,DEV_A1,False,
930,TXN_000930,2025-01-31,2.500,DEBIT,TPE CAFE EL MENZAH 39146,Cafe El Menzah,Tunis,DINING,POS Card,TND,2294.830,11:11:10,TN,True,,False,
931,TXN_000931,2025-01-31,9.100,DEBIT,UBER TRIP HELP.UBER.COM,uber,Tunis,Transportation,Online Card,TND,2285.730,12:45:38,TN,False,DEV_A1,False,
932,TXN_000932,2025-01-31,TND 96.15,DEBIT,CABINET DR TRABELSI,Cabinet Dr Trabelsi,Ariana,Healthcare,POS Card,TND,2189.580,17:33:30,TN,True,,False,
933,TXN_000933,2025-02-01,700.000,CREDIT,VIREMENT EPARGNE VERS COMPTE COURANT,Savings_Account,Online,Transfer,Standing Order,TND,2889.580,00:51:39,TN,,,False,
934,TXN_000934,01-02-2025,760.000,DEBIT,STE IMMOBILIERE LOYER,STE Immobiliere,Ariana,Rent,Standing Order,TND,2129.580,01:56:21,TN,,,False,
935,TXN_000935,01/02/2025,9.290,DEBIT,BOLT RIDE TUNIS,Bolt,Ariana,Transportation,Online Card,TND,2120.290,06:48:15,Tunisia,False,DEV_A1,False,
936,TXN_000936,2025-02-01,17.930,DEBIT,EPICERIE BEN SALEM ARIANA,Epicerie Ben Salem,Ariana,Groceries,POS Card,TND,2102.360,17:05:01,TN,True,,False,
937,TXN_000937,04 Feb 2025,5.000,DEBIT,Coffee Break Tunis,Coffee_Break,Tunis,Dining,POS Card,TND,2097.360,10:20:57,TN,True,,False,
938,TXN_000938,02/04/2025,TND 7.76,DEBIT,UBER TRIP HELP.UBER.COM,Uber,Tunis,Transportation,Online Card,TND,2089.600,14:59:28,TN,False,DEV_A1,False,
938-dup,TXN_000938,02/04/2025,TND 7.76,DEBIT,UBER TRIP HELP.UBER.COM,Uber,Tunis,Transportation,Online Card,TND,2089.600,14:59:28,TN,False,DEV_A1,False,
939,TXN_000939,04-02-2025,-15.850,DEBIT,COFFEE BREAK TUNIS,Coffee Break,Tunis,Dining,POS Card,TND,2073.750,3:50 PM,TN,True,,False,
940,TXN_000940,06/02/2025,TND 63.00,DEBIT,OPENAI *CHATGPT SUBSCR,OpenAI,Online,Subscriptions,Online Card,TND,2010.750,1:04 AM,US,no,DEV_A1,False,
941,TXN_000941,2025-02-06,TND 7.00,DEBIT,UBER TRIP HELP.UBER.COM,Uber,Ariana,Transport,Online Card,TND,2003.750,17:36:15,TN,False,DEV_A1,False,
942,TXN_000942,07-02-2025,-9.300,DEBIT,BOULANGERIE LE FOURNIL TUNIS,Boulangerie_Le_Fournil,Tunis,Groceries,POS Card,TND,1994.450,08:26:19,TN,True,,False,
943,TXN_000943,2025-02-07,11.690 TND,DEBIT,COFFEE BREAK TUNIS,coffee break,Tunis,Dining,POS Card,TND,1982.760,16:42:23,TN,True,,False,
944,TXN_000944,2025-02-08,TND 75.00,DEBIT,FITNESS ZONE ARIANA ABONNEMENT,Fitness Zone,Ariana,Subscriptions,Direct Debit,TND,1907.760,02:48:40,TN,,,False,
945,TXN_000945,2025-02-08,6.000,DEBIT,BOLT RIDE TUNIS,Bolt,Tunis,Transportation,Online Card,TND,1901.760,7:45 AM,TN,False,DEV_A1,False,
946,TXN_000946,08/02/2025,8.270,DEBIT,EPICERIE BEN SALEM ARIANA,Epicerie Ben Salem,Ariana,Groceries,POS Card,TND,1893.490,15:52:01,TN,True,,False,
947,TXN_000947,2025-02-08,318.200,DEBIT,SUSHI WOK LAC #7710,Sushi Wok,Tunis,Dining,POS Card,TND,1575.290,20:47:00,TN,Y,,False,
948,TXN_000948,09 Feb 2025,4.200,DEBIT,APPLE.COM/BILL,Apple,Online,Subscriptions,Online Card,TND,1571.090,01:48:04,IE,False,DEV_B2,False,
949,TXN_000949,2025-02-09,5.350,DEBIT,BOLT *TRIP 41349,Bolt,Tunis,Transportation,Online Card,TND,1565.740,15:02:49,TN,False,DEV_A1,False,
950,TXN_000950,2025-02-10,36.000,DEBIT,TT FIXE INTERNET 88720,Tunisie Telecom,Online,Utilities,Direct Debit,TND,1529.740,01:23:51,TN,,,False,
951,TXN_000951,10 Feb 2025,-18.900,DEBIT,CAFE EL MENZAH,Cafe El Menzah,Tunis,Dining,POS Card,TND,1510.840,09:46:04,TN,True,,False,
952,TXN_000952,10 Feb 2025,6.850,DEBIT,TPE CAFE EL MENZAH 9932,Cafe_El_Menzah,Tunis,Dining,POS Card,TND,1503.990,14:03:07,TN,yes,,False,
953,TXN_000953,2025-02-10,7.650,DEBIT,BOLT *TRIP 8422,Bolt,Tunis,Transportation,Online Card,TND,1496.340,21:39:39,TN,False,DEV_A1,False,
954,TXN_000954,11 Feb 2025,21.810,DEBIT,AMAZON.FR,Amazon,Online,Shopping,Online Card,TND,1474.530,11:36:55,TN,0,DEV_B2,False,
955,TXN_000955,02/11/2025,-10.750,DEBIT,BOLT RIDE TUNIS,Bolt,Ariana,Transportation,Online Card,TND,1463.780,19:54:53,TN,False,DEV_A1,False,
956,TXN_000956,2025-02-12,"3,596",DEBIT,GIFTCHECK *52933 US,GiftCheck,Online,Other,Online Card,TND,1460.184,3:35 AM,US,False,DEV_A4DF,True,card_testing
957,TXN_000957,2025-02-12,1.664,DEBIT,GIFTCHECK *62811 US,GIFTCHECK,Online,Other,Online Card,TND,1458.520,03:36:08,US,False,DEV_A4DF,True,card_testing
958,TXN_000958,2025-02-12,4.145 TND,DEBIT,DONATENOW *81890 US,DonateNow,Online,Other,Online Card,TND,1454.375,03:36:56,US,False,DEV_A4DF,True,card_testing
959,TXN_000959,2025-02-12,4.487,DEBIT,GIFTCHECK *98566 US,GiftCheck,Online,Other,Online Card,TND,1449.888,03:38:03,US,False,DEV_A4DF,True,card_testing
960,TXN_000960,2025-02-12,"2,839",DEBIT,GIFTCHECK *19540 US,GiftCheck,Online,other,Online Card,TND,1447.049,03:39:07,US,False,DEV_A4DF,True,card_testing
961,TXN_000961,2025-02-12,189.000 TND,DEBIT,GIFTCARDS ONLINE US,GiftCards Online,Online,Shopping,Online Card,TND,1258.049,03:42:53,US,False,DEV_A4DF,True,card_testing
962,TXN_000962,12 Feb 2025,6.000,DEBIT,BOLT RIDE TUNIS,BOLT,Tunis,Transportation,Online Card,TND,1252.049,22:00:23,TN,False,DEV_B2,False,
963,TXN_000963,13 Feb 2025,-9.140,DEBIT,CAFE EL MENZAH,Cafe El Menzah,Tunis,Dining,POS Card,TND,1242.909,08:23:27,TN,True,,False,
964,TXN_000964,2025-02-13,"5,000",DEBIT,COFFEE BREAK ARIANA,Coffee Break,Ariana,Dining,POS Card,TND,1237.909,09:01,TN,True,,False,
965,TXN_000965,2025-02-13,2.950,DEBIT,TPE CAFE EL MENZAH 2204,Cafe El Menzah,Tunis,Dining,POS Card,TND,1234.959,15:23:56,TN,True,,False,
966,TXN_000966,2025-02-14,29.900,DEBIT,NETFLIX.COM,Netflix,Online,Subscriptions,Online Card,TND,1205.059,00:43:14,NL,False,DEV_A1,False,
967,TXN_000967,2025-02-14,1.150,DEBIT,PARKING ARIANA,Parking,Ariana,Transportation,POS Card,TND,1203.909,15:50:03,TN,Y,,False,
968,TXN_000968,14 Feb 2025,115.150,DEBIT,TOTALENERGIES LA MARSA,TotalEnergies,La Marsa,Fuel,POS Card,TND,1088.759,16:43:10,TN,True,,False,
969,TXN_000969,14/02/2025,"6,000",DEBIT,BOLT RIDE TUNIS,Bolt,Tunis,Transportation,Online Card,TND,1082.759,19:42:24,TN,False,DEV_B2,False,
970,TXN_000970,15 Feb 2025,39.500,DEBIT,GAT ASSURANCES PRELEVEMENT,GAT Assurances,Tunis,Insurance,Direct Debit,TND,1043.259,01:29:31,TN,,,False,
971,TXN_000971,2025-02-15,49.900,DEBIT,TOTALENERGIES ARIANA,TotalEnergies,Ariana,Fuel,POS Card,TND,993.359,19:08:38,TN,True,,False,
972,TXN_000972,2025-02-16,74.000,DEBIT,TUNISIANET.COM.TN,Tunisianet,Online,Electronics,Online Card,TND,919.359,15:24:19,Tunisia,False,DEV_B2,False,
973,TXN_000973,2025-02-17,23.450,DEBIT,EPICERIE BEN SALEM,Epicerie_Ben_Salem,Ariana,Groceries,POS Card,TND,895.909,15:04:02,TN,True,,False,
974,TXN_000974,2025-02-17,24.210 TND,DEBIT,PAIEMENT PAUL 58490,paul,La Marsa,Dining,POS Card,TND,871.699,4:51 PM,TN,True,,False,
975,TXN_000975,2025-02-17,"14,060",DEBIT,BOLT RIDE TUNIS,Bolt,La Marsa,Transportation,Online Card,TND,857.639,17:59:41,TN,False,DEV_A1,False,
976,TXN_000976,2025-02-18,3.600,DEBIT,Coffee Break Ariana,Coffee Break,Ariana,Dining,POS Card,TND,854.039,09:18:26,TN,True,,False,
977,TXN_000977,2025-02-18,18.920,DEBIT,BOLT RIDE TUNIS,Bolt,La Marsa,Transportation,Online Card,TND,835.119,14:19:20,TN,False,DEV_A1,False,
978,TXN_000978,2025-02-19,"2,100",DEBIT,PARKING TUNIS,Parking,Tunis,Transportation,POS Card,TND,833.019,13:30:43,TN,True,,False,
979,TXN_000979,2025-02-20,28.450,DEBIT,OOREDOO TUNISIE FACTURE 86643,Ooredoo,Online,Utilities,Direct Debit,TND,804.569,01:35:55,TN,,,False,
980,TXN_000980,2025-02-20,"318,600",DEBIT,PHCIE CENTRALE 79467,Pharmacie Centrale,Tunis,Healthcare,POS Card,TND,485.969,9:51 AM,TN,True,,False,
981,TXN_000981,20 Feb 2025,5.270,DEBIT,BOLT *TRIP 17611,BOLT,La Marsa,Transportation,Online Card,TND,480.699,17:04:10,TN,no,DEV_A1,False,
982,TXN_000982,2025-02-21,36.200,DEBIT,RESTAURANT LE PORT TUNIS,Restaurant Le Port,Tunis,Dining,POS Card,TND,444.499,8:43 PM,TN,True,,False,
983,TXN_000983,2025-02-22,18.500,DEBIT,SPOTIFY PREMIUM,Spotify,Online,Subscriptions,Online Card,TND,425.999,04:56:35,SE,False,DEV_A1,False,
984,TXN_000984,2025-02-22,160.000,DEBIT,TATTOO STUDIO LA MARSA,Tattoo Studio,La Marsa,Other,POS Card,TND,265.999,13:47:08,TN,True,,False,
985,TXN_000985,22/02/2025,40.300,DEBIT,AMAZON.FR,Amazon,Online,Shopping,Online Card,TND,225.699,18:38,TN,False,DEV_B2,False,
986,TXN_000986,2025-02-23,61.030,DEBIT,SONEDE FACTURE EAU,SONEDE,Online,Utilities,Direct Debit,TND,164.669,04:32:53,TN,,,False,
987,TXN_000987,2025-02-26,8.500,DEBIT,PAUL LA MARSA,Paul,La Marsa,Dining,POS Card,TND,156.169,10:45:11,TN,True,,False,
988,TXN_000988,2025-02-26,"205,731",CREDIT,REMBOURSEMENT LITIGE CARTE,Bank Dispute Reimbursement ,Tunis,other,Bank Transfer,TND,361.900,11:58:29,TN,,,False,
989,TXN_000989,2025-02-26,74.150,DEBIT,LC WAIKIKI ARIANA,LC Waikiki,Ariana,Shopping,POS Card,TND,287.750,15:57:37,TN,True,,False,
990,TXN_000990,26 Feb 2025,2.900,DEBIT,PARKING TUNIS,Parking,Tunis,Transportation,POS Card,TND,284.850,16:15:13,TN,yes,,False,
991,TXN_000991,2025-02-27,3155.000,CREDIT,MONTHLY SALARY,Nexora Solutions,Online,Salary,Bank Transfer,TND,3439.850,06:25:40,TN,,,False,
992,TXN_000992,2025-02-27,"50,000",DEBIT,SHELL STATION 62171,SHELL,Ariana,Fuel,POS Card,TND,3389.850,16:51:15,TN,True,,False,
993,TXN_000993,02/28/2025,1300.000,DEBIT,VIR PERMANENT EPARGNE,Savings Account,Online,Transfer,Standing Order,TND,2089.850,3:30 AM,TN,,,False,
994,TXN_000994,2025-02-28,4.800 TND,DEBIT,FRAIS TENUE DE COMPTE,BANK FEES,Online,Other,Direct Debit,TND,2085.050,04:26:13,Tunisia,,,False,
995,TXN_000995,2025-02-28,39.440,DEBIT,RESTAURANT LE PORT CARTHAGE,Restaurant Le Port,Carthage,Dining,POS Card,TND,2045.610,14:14:27,TN,True,,False,
996,TXN_000996,01 Mar 2025,1400.000,CREDIT,VIREMENT EPARGNE VERS COMPTE COURANT,savings account,Online,Transfer,Standing Order,TND,3445.610,03:19:45,TN,,,False,
997,TXN_000997,01 Mar 2025,7.810,DEBIT,RECHARGE DATA ORANGE,ORANGE,Online,Utilities,Online Card,TND,3437.800,10:11:33,TN,False,DEV_A1,False,
998,TXN_000998,01/03/2025,-263.250,DEBIT,GEANT BEN AROUS,GÉANT,Ben Arous,groceries,POS Card,TND,3174.550,14:57:42,TN,True,,False,
999,TXN_000999,2025-03-02,"12,000",DEBIT,BOULANGERIE LE FOURNIL TUNIS,boulangerie le fournil,Tunis,Groceries,POS Card,TND,3162.550,08:02:54,TN,True,,False,
1000,TXN_001000,2025-03-02,10.250,DEBIT,BOLT RIDE TUNIS,Bolt,Tunis,Transportation,Online Card,TND,3152.300,17:39:37,TN,False,DEV_A1,False,
1001,TXN_001001,2025-03-03,"8,990",DEBIT,SMART PARKING LAC 65366,Parking,Tunis,Transportation,POS Card,TND,3143.310,12:00:28,TN,True,,False,
1002,TXN_001002,03 Mar 2025,7.280,DEBIT,TPE CAFE EL MENZAH 3976,Cafe El Menzah,Tunis,Dining,POS Card,TND,3136.030,2:47 PM,TN,1,,False,
1003,TXN_001003,04 Mar 2025,760.000 TND,DEBIT,VIR PERMANENT STE IMMOBILIERE,STE Immobiliere,Ariana,Rent,Standing Order,TND,2376.030,01:16:21,TN,,,False,
1004,TXN_001004,04-03-2025,"8,600",DEBIT,COFFEE BREAK TUNIS,Coffee Break,Tunis,Dining,POS Card,TND,2367.430,15:58,TN,True,,False,
1005,TXN_001005,2025-03-04,98.000,DEBIT,RESTAURANT LE PORT,RESTAURANT LE PORT,Carthage,Dining,POS Card,TND,2269.430,20:07:54,TN,True,,False,
1006,TXN_001006,2025-03-05,438.900,DEBIT,STAR PRIME AUTO 64240,STAR ASSURANCES,Tunis,Insurance,Direct Debit,TND,1830.530,02:35:16,TN,,,False,
1007,TXN_001007,2025-03-05,9.540,DEBIT,BOLT RIDE TUNIS,Bolt,Ariana,Transportation,Online Card,TND,1820.990,07:51:45,TN,False,DEV_A1,False,
1008,TXN_001008,2025-03-05,8.000,DEBIT,BOLT *TRIP 9830,Bolt,Ariana,Transportation,Online Card,TND,1812.990,11:54:25,TN,0,DEV_A1,False,
1009,TXN_001009,2025-03-06,"63,000",DEBIT,OPENAI *CHATGPT SUBSCR,openai,Online,Subscriptions,Online Card,TND,1749.990,05:15:26,US,no,DEV_B2,False,
1010,TXN_001010,2025-03-06,41.000,DEBIT,PHCIE CENTRALE 83637,Pharmacie Centrale,Tunis,Healthcare,POS Card,TND,1708.990,12:53:43,TN,True,,False,
1011,TXN_001011,07/03/2025,5.500,DEBIT,PARKING ARIANA,Parking,Ariana,Transportation,POS Card,TND,1703.490,13:43:55,TN,True,,False,
1012,TXN_001012,07 Mar 2025,6.000,DEBIT,PAIEMENT PAUL 65547,Paul,Tunis,Dining,POS Card,TND,1697.490,15:34:37,tn,True,,False,
1013,TXN_001013,08/03/2025,14.900,DEBIT,VPNPREMIUM SUBSCR 8005550142 IE,VPNPremium,Online,Subscriptions,Online Card,TND,1682.590,03:12:52,IE,False,,True,recurring_unauthorized_subscription
1014,TXN_001014,03/08/2025,TND 14.90,DEBIT,BOULANGERIE LE FOURNIL,Boulangerie Le Fournil,Ariana,Groceries,POS Card,TND,1667.690,07:21:05,TN,True,,False,
1015,TXN_001015,2025-03-08,10.790,DEBIT,BOLT RIDE TUNIS,BOLT,Ariana,Transportation,Online Card,TND,1656.900,09:01:06,TN,False,DEV_B2,False,
1016,TXN_001016,08/03/2025,16.000 TND,DEBIT,PATHE TUNIS CITY,Pathe Tunis City,Tunis,Entertainment,POS Card,TND,1640.900,20:39:05,TN,True,,False,
1017,TXN_001017,2025-03-09,"4,200",DEBIT,APPLE.COM/BILL,APPLE,Online,Subscriptions,Online Card,TND,1636.700,02:31:14,IE,False,DEV_A1,False,
1018,TXN_001018,2025-03-09,TND 75.00,DEBIT,FITNESS ZONE ARIANA ABONNEMENT,Fitness Zone,Ariana,Subscriptions,Direct Debit,TND,1561.700,04:56:07,TN,,,False,
1019,TXN_001019,09-03-2025,50.000,DEBIT,CABINET DR TRABELSI,Cabinet Dr Trabelsi,Tunis,Healthcare,POS Card,TND,1511.700,12:31:38,TN,True,,False,
1020,TXN_001020,09/03/2025,"6,550",DEBIT,BOLT RIDE TUNIS,Bolt ,La Marsa,Transportation,Online Card,TND,1505.150,19:06:14,TN,False,DEV_A1,False,
1021,TXN_001021,09-03-2025,10.300,DEBIT,UBER TRIP HELP.UBER.COM,UBER,Ariana,Transportation,Online Card,TND,1494.850,19:15:14,Tunisia,False,DEV_B2,False,
1022,TXN_001022,2025-03-09,52.900,DEBIT,GLOVO*77767,Glovo,Online,Dining,Online Card,TND,1441.950,19:32:37,TN,False,DEV_A1,False,
1023,TXN_001023,10/03/2025,"39,000",DEBIT,TT FIXE INTERNET 19743,Tunisie Telecom,Online,utilities,Direct Debit,TND,1402.950,04:11:10,TN,,,False,
1024,TXN_001024,2025-03-10,"11,000",DEBIT,EPICERIE BEN SALEM,Epicerie Ben Salem,Ariana,Groceries,POS Card,TND,1391.950,14:44:46,TN,True,,False,
1025,TXN_001025,2025-03-12,TND 101.99,DEBIT,STEG FACTURE ELEC GAZ,STEG,Online,Utilities,Direct Debit,TND,1289.960,03:15:52,TN,,,False,
1026,TXN_001026,2025-03-13,7.700,DEBIT,EPICERIE BEN SALEM,EPICERIE BEN SALEM,Ariana,Groceries,POS Card,TND,1282.260,13:27:33,TN,True,,False,
1027,TXN_001027,2025-03-14,"29,900",DEBIT,NETFLIX.COM AMSTERDAM,Netflix,Online,Subscriptions & Streaming,Online Card,TND,1252.360,01:22:58,NL,False,DEV_A1,False,
1028,TXN_001028,2025-03-14,14.800,DEBIT,BOULANGERIE LE FOURNIL,Boulangerie Le Fournil,Tunis,Groceries,POS Card,TND,1237.560,7:25 AM,TN,True,,False,
1029,TXN_001029,03/14/2025,8.200,DEBIT,EPICERIE BEN SALEM,EPICERIE BEN SALEM,Ariana,Groceries,POS Card,TND,1229.360,20:23:44,TN,True,,False,
1030,TXN_001030,2025-03-15,39.500 TND,DEBIT,GAT ASSURANCE SANTE,GAT Assurances ,Tunis,Insurance,Direct Debit,TND,1189.860,02:40:04,TN,,,False,
1031,TXN_001031,2025-03-15,8.000,DEBIT,BOULANGERIE LE FOURNIL,Boulangerie Le Fournil,Tunis,Groceries,POS Card,TND,1181.860,7:06 AM,TN,True,,False,
1032,TXN_001032,15/03/2025,86.000,DEBIT,STEAMGAMES.COM 95563,Steam,Online,Entertainment,Online Card,TND,1095.860,21:13:56,US,False,DEV_A1,False,
1033,TXN_001033,2025-03-16,TND 30.70,DEBIT,OOREDOO TUNISIE FACTURE 93445,Ooredoo,Online,Utilities,Direct Debit,TND,1065.160,05:04:50,TN,,,False,
1034,TXN_001034,16/03/2025,3.950,DEBIT,COFFEE BREAK ARIANA,Coffee Break,Ariana,Dining,POS Card,TND,1061.210,09:20:49,TN,True,,False,
1035,TXN_001035,16 Mar 2025,6.170 TND,DEBIT,BOULANGERIE LE FOURNIL TUNIS,Boulangerie Le Fournil,Tunis,Groceries,POS Card,TND,1055.040,10:46:36,TN,True,,False,
1036,TXN_001036,2025-03-16,80.000,DEBIT,RETRAIT DAB BIAT ARIANA,ATM Withdrawal ,Ariana,Cash Withdrawal,ATM,TND,975.040,12:59 PM,TN,True,,False,
1037,TXN_001037,17-03-2025,4.220,DEBIT,CAFE EL MENZAH,cafe el menzah,Tunis,Dining,POS Card,TND,970.820,10:24:10,TN,True,,False,
1038,TXN_001038,03/17/2025,27.390,DEBIT,GLOVO TUNIS,Glovo,Online,Dining,Online Card,TND,943.430,12:03:59,TN,N,DEV_A1,False,
1039,TXN_001039,03/17/2025,-3.410,DEBIT,SMART PARKING LAC 24109,PARKING,Tunis,Transportation,POS Card,TND,940.020,13:44,TN,Y,,False,
1040,TXN_001040,2025-03-17,41.000,DEBIT,PHCIE CENTRALE 98103,Pharmacie_Centrale,Ariana,health,POS Card,TND,899.020,16:01:55,TN,True,,False,
1041,TXN_001041,18/03/2025,7.000,DEBIT,BOULANGERIE LE FOURNIL,boulangerie le fournil,Ariana,Groceries,POS Card,TND,892.020,09:37:49,TN,True,,False,
1042,TXN_001042,18/03/2025,"69,570",DEBIT,FLOUCI TRANSFER 68235,Family Transfer,Online,Transfer,Bank Transfer,TND,822.450,18:25:45,TN,,DEV_A1,False,
1043,TXN_001043,18/03/2025,7.400,DEBIT,BOLT *TRIP 58598,Bolt,Tunis,Transportation,Online Card,TND,815.050,21:18:17,TN,False,DEV_A1,False,
1044,TXN_001044,2025-03-18,3.000,DEBIT,BOLT RIDE TUNIS Bolt,Ariana,Transportation,Online Card,TND,812.050,10:48 PM,TN,False,DEV_A1,False,
1045,TXN_001045,19/03/2025,"117,900",DEBIT,WISE *TRANSFER LONDON GB,Wise ,Online,Transfer,Online Card,TND,694.150,10:44:22,BE,False,DEV_A1,False,
1046,TXN_001046,2025-03-19,3.000,DEBIT,PARKING TUNIS,Parking ,Tunis,Transportation,POS Card,TND,691.150,10:47:56,TN,True,,False,
1047,TXN_001047,2025-03-20,6.000,DEBIT,CAFE EL MENZAH,Cafe El Menzah,Tunis,Dining,POS Card,TND,685.150,10:58 AM,TN,True,,False,
1048,TXN_001048,2025-03-20,"16,100",DEBIT,BOLT RIDE TUNIS,Bolt,Tunis,Transportation,Online Card,TND,669.050,22:54:42,TN,False,DEV_B2,False,
1049,TXN_001049,03/21/2025,12.500,DEBIT,Coffee Break Ariana,coffee break,Ariana,Dining,POS Card,TND,656.550,07:45:11,TN,True,,False,
1050,TXN_001050,22/03/2025,18.500 TND,DEBIT,SPOTIFY AB STOCKHOLM,Spotify,Online,Subscriptions,Online Card,TND,638.050,05:45:58,SE,False,DEV_A1,False,
1051,TXN_001051,03/24/2025,312.800,DEBIT,PEARSON VUE EXAM,Pearson VUE,Online,Education,Online Card,TND,325.250,18:00:41,TN,False,DEV_A1,False,
1052,TXN_001052,25/03/2025,8.610,DEBIT,BOULANGERIE LE FOURNIL,Boulangerie Le Fournil,Tunis,Groceries,POS Card,TND,316.640,07:44:01,TN,True,,False,
1053,TXN_001053,2025-03-25,TND 8.00,DEBIT,COFFEE BREAK ARIANA,Coffee Break,Ariana,Dining,POS Card,TND,308.640,08:15:06,TN,True,,False,
1054,TXN_001054,25 Mar 2025,8.600,DEBIT,BOULANGERIE LE FOURNIL,BOULANGERIE LE FOURNIL,Tunis,Food & Groceries,POS Card,TND,300.040,09:24,TN,True,,False,
1055,TXN_001055,26 Mar 2025,10.000,DEBIT,EPICERIE BEN SALEM,EPICERIE BEN SALEM,Ariana,Groceries,POS Card,TND,290.040,11:30:40,TN,True,,False,
1056,TXN_001056,26/03/2025,20.510 TND,DEBIT,CINEMAS PATHE 62860,pathe tunis city,Tunis,Entertainment,POS Card,TND,269.530,22:32:26,TN,True,,False,
1057,TXN_001057,2025-03-28,"3,200.000",CREDIT,SALARY CREDIT,NEXORA SOLUTIONS,Online,Salary,Bank Transfer,TND,3469.530,06:54:48,TN,,,False,
1058,TXN_001058,2025-03-28,4.470 TND,DEBIT,BOULANGERIE LE FOURNIL ARIANA,Boulangerie Le Fournil,Ariana,Groceries,POS Card,TND,3465.060,08:08:52,TN,True,,False,
1059,TXN_001059,28/03/2025,7.100,DEBIT,BOULANGERIE LE FOURNIL,Boulangerie Le Fournil,Ariana,groceries,POS Card,TND,3457.960,09:57:40,TN,True,,False,
1060,TXN_001060,2025-03-29,1500.000,DEBIT,VIREMENT COMPTE EPARGNE 79167,Savings Account,Online,Transfer,Standing Order,TND,1957.960,05:08,TN,,,False,
1061,TXN_001061,2025-03-29,-19.700,DEBIT,MCDONALDS TUNIS,mcdonald's,Tunis,Restaurants,POS Card,TND,1938.260,1:50 PM,TN,True,,False,
1062,TXN_001062,29-03-2025,193.763,DEBIT,GOLD SOUK TRADING DUBAI AE,Gold Souk Trading ,Dubai,Shopping,POS Card,TND,1744.497,3:41 PM,AE,True,,True,impossible_travel
1063,TXN_001063,2025-03-29,158.200,DEBIT,MALL GADGETS DUBAI DUBAI AE,Mall Gadgets Dubai,Dubai,Electronics,POS Card,TND,1586.297,15:56:36,AE,True,,True,impossible_travel
1064,TXN_001064,2025-03-30,4.500 TND,DEBIT,FRAIS TENUE DE COMPTE,Bank Fees,Online,Other,Direct Debit,TND,1581.797,03:05:48,TN,,,False,
1065,TXN_001065,30/03/2025,20.720,DEBIT,EPICERIE BEN SALEM,Epicerie Ben Salem,Ariana,Groceries,POS Card,TND,1561.077,17:40:17,TN,True,,False,
1066,TXN_001066,2025-03-30,116.000 TND,DEBIT,LC WAIKIKI TUNIS,LC WAIKIKI,Tunis,Shopping,POS Card,TND,1445.077,17:43:42,TN,True,,False,
1067,TXN_001067,2025-03-31,6.400,CREDIT,CASHBACK CARTE DEBIT,Card Cashback,Online,Other,Online Card,TND,1451.477,11:28 AM,TN,False,DEV_A1,False,
1068,TXN_001068,03/31/2025,4.620 TND,DEBIT,SMART PARKING LAC 95267,Parking,Tunis,Transportation,POS Card,TND,1446.857,4:43 PM,TN,True,,False,
1069,TXN_001069,2025-04-01,650.000,CREDIT,VIREMENT EPARGNE VERS COMPTE COURANT,SAVINGS ACCOUNT,Online,Transfer,Standing Order,TND,2096.857,00:38:27,TN,,,False,
1070,TXN_001070,2025-04-01,4.250,DEBIT,BOULANGERIE LE FOURNIL,boulangerie le fournil,Tunis,Groceries,POS Card,TND,2092.607,11:23:42,TN,True,,False,
1071,TXN_001071,01/04/2025,3.000,DEBIT,SMART PARKING LAC 43913,Parking,Ariana,Transportation,POS Card,TND,2089.607,18:41:48,TN,True,,False,
1072,TXN_001072,2025-04-02,6.640,DEBIT,COFFEE BREAK ARIANA,Coffee Break,Ariana,Dining,POS Card,TND,2082.967,9:00 AM,TN,True,,False,
1073,TXN_001073,2025-04-02,TND 88.95,DEBIT,LC WAIKIKI TUNIS,LC WAIKIKI,Tunis,shopping,POS Card,TND,1994.017,11:57:32,TN,True,,False,
1074,TXN_001074,02/04/2025,8.600,DEBIT,BOLT RIDE TUNIS,Bolt,Ariana,Transportation,Online Card,TND,1985.417,12:45:20,TN,False,DEV_B2,False,
1075,TXN_001075,04/03/2025,3.130 TND,DEBIT,BOULANGERIE LE FOURNIL TUNIS,Boulangerie Le Fournil,Tunis,Groceries,POS Card,TND,1982.287,07:26:26,TN,True,,False,
1076,TXN_001076,2025-04-03,"12,200",DEBIT,Coffee Break Tunis,Coffee Break,Tunis,Dining,POS Card,TND,1970.087,11:25:09,TN,True,,False,
1077,TXN_001077,04/03/2025,25.000,DEBIT,PAUL TUNIS,PAUL,Tunis,Dining,POS Card,TND,1945.087,14:12:38,TN,True,,False,
1078,TXN_001078,2025-04-03,"11,000",DEBIT,Coffee Break Tunis,Coffee Break,Tunis,Dining,POS Card,TND,1934.087,15:12:41,TN,True,,False,
1079,TXN_001079,2025-04-04,"760,000",DEBIT,STE IMMOBILIERE LOYER,STE Immobiliere,Ariana,Rent,Standing Order,TND,1174.087,03:43,TN,,,False,
1080,TXN_001080,04/04/2025,21.300,DEBIT,BOULANGERIE LE FOURNIL ARIANA,Boulangerie Le Fournil,Ariana,Groceries,POS Card,TND,1152.787,08:21:48,TN,True,,False,
1081,TXN_001081,2025-04-04,18.600,DEBIT,EPICERIE BEN SALEM ARIANA,Epicerie Ben Salem,Ariana,Groceries,POS Card,TND,1134.187,20:33:01,TN,True,,False,
1082,TXN_001082,2025-04-04,33.000,DEBIT,RESTAURANT LE PORT CARTHAGE,RESTAURANT LE PORT,Carthage,Dining,POS Card,TND,1101.187,21:53:44,TN,yes,,False,
1083,TXN_001083,04/04/2025,19.290,DEBIT,MCDO 53839,McDonald's,Tunis,Dining,POS Card,TND,1081.897,22:22:19,TN,True,,False,
1084,TXN_001084,05-04-2025,4.300,DEBIT,PARKING TUNIS,Parking,Tunis,Transportation,POS Card,TND,1077.597,08:39:24,TN,True,,False,
1085,TXN_001085,04/05/2025,162.900,DEBIT,FLOUCI TRANSFER 85990,Family Transfer,Online,Transfer,Bank Transfer,TND,914.697,11:27 AM,TN,,DEV_A1,False,
1086,TXN_001086,2025-04-05,7.500,DEBIT,BOLT *TRIP 37618,Bolt,Tunis,Transportation,Online Card,TND,907.197,11:54:37,TN,False,DEV_A1,False,
1087,TXN_001087,2025-04-05,"70,000",DEBIT,ATM WDL 53232 TUNIS,ATM WITHDRAWAL,Tunis,ATM/Cash,ATM,TND,837.197,13:09:10,TN,True,,False,
1088,TXN_001088,2025-04-06,63.000,DEBIT,OPENAI *CHATGPT SUBSCR,OpenAI,Online,Subscriptions,Online Card,TND,774.197,02:18:29,US,False,DEV_A1,False,
1089,TXN_001089,06/04/2025,16.900,DEBIT,BOLT RIDE TUNIS,BOLT,La Marsa,Transportation,Online Card,TND,757.297,21:17:00,TN,False,DEV_A1,False,
1090,TXN_001090,2025-04-07,14.900,DEBIT,VPNPREMIUM SUBSCR 8005550142 IE,VPNPremium,Online,Subscriptions,Online Card,TND,742.397,03:33:26,IE,False,,True,recurring_unauthorized_subscription
1091,TXN_001091,2025-04-07,10.900,DEBIT,TPE CAFE EL MENZAH 73489,CAFE EL MENZAH,Tunis,Dining,POS Card,TND,731.497,10:14,TN,True,,False,
1092,TXN_001092,2025-04-08,75.000,DEBIT,FITNESS ZONE ARIANA ABONNEMENT,Fitness Zone,Ariana,Subscriptions,Direct Debit,TND,656.497,05:12:27,TN,,,False,
1093,TXN_001093,2025-04-09,4.200,DEBIT,ICLOUD+ 50GB,Apple,Online,Subscriptions & Streaming,Online Card,TND,652.297,02:59:35,IE,False,DEV_A1,False,
1094,TXN_001094,09/04/2025,27.500,DEBIT,TPE CAFE EL MENZAH 96486,Cafe El Menzah,Tunis,Dining,POS Card,TND,624.797,07:49:19,TN,True,,False,
1095,TXN_001095,2025-04-09,101.000 TND,DEBIT,TOTAL SERVICE STATION ARIANA #59685,TotalEnergies,Ariana,Fuel,POS Card,TND,523.797,16:56,TN,True,,False,
1096,TXN_001096,04/10/2025,21.760,DEBIT,COFFEE BREAK ARIANA,Coffee Break,Ariana,Dining,POS Card,TND,502.037,08:49:32,TN,True,,False,
1097,TXN_001097,2025-04-10,5.070 TND,DEBIT,BOULANGERIE LE FOURNIL ARIANA,Boulangerie Le Fournil,Ariana,Groceries,POS Card,TND,496.967,10:10:09,TN,True,,False,
1098,TXN_001098,10/04/2025,11.100,DEBIT,COFF33 BREAK TUNIS,COFFEE BREAK,Tunis,Dining,POS Card,TND,485.867,14:06:07,TN,True,,False,
1099,TXN_001099,2025-04-11,39.000,DEBIT,TT FIXE INTERNET 5700,TUNISIE TELECOM,Online,Utilities,Direct Debit,TND,446.867,02:03,TN,,,False,
1100,TXN_001100,2025-04-11,90.000,DEBIT,ATM WDL 1358 LA MARSA,ATM Withdrawal ,La Marsa,Cash Withdrawal,ATM,TND,356.867,12:54:59,TN,True,,False,
1101,TXN_001101,12/04/2025,351.963 TND,CREDIT,REMBOURSEMENT LITIGE CARTE,Bank Dispute Reimbursement,Tunis,other,Bank Transfer,TND,708.830,10:18:22,TN,,,False,
1102,TXN_001102,12 Apr 2025,TND 43.88,DEBIT,CARREFOUR LA MARSA #47998,Carrefour,La Marsa,Groceries,POS Card,TND,664.950,16:36:43,TN,True,,False,
1103,TXN_001103,2025-04-13,-5.350,DEBIT,BOLT *TRIP 79576,bolt,La Marsa,Transportation,Online Card,TND,659.600,21:16:57,TN,False,DEV_B2,False,
1104,TXN_001104,14 Apr 2025,TND 29.90,DEBIT,NETFLIX.COM,Netflix,Online,Subscriptions,Online Card,TND,629.700,02:15:46,NL,False,DEV_A1,False,
1105,TXN_001105,14 Apr 2025,19.000,DEBIT,PAUL LA MARSA,Paul,La Marsa,Dining,POS Card,TND,610.700,16:14:28,TN,True,,False,
1106,TXN_001106,2025-04-14,2.600,DEBIT,PARKING TUNIS,Parking,Tunis,Transportation,POS Card,TND,608.100,16:52:30,TN,True,,False,
1107,TXN_001107,2025-04-15,39.500,DEBIT,GAT ASSURANCES PRELEVEMENT,GAT Assurances,,Insurance,Direct Debit,TND,568.600,02:08,tn,,,False,
1108,TXN_001108,2025-04-15,TND 10.00,DEBIT,SMART PARKING LAC 55135,Parking,Tunis,Transportation,POS Card,TND,558.600,10:16 AM,TN,True,,False,
1109,TXN_001109,2025-04-15,17.100,DEBIT,BOLT *TRIP 32443,Bolt,Ariana,Transportation,Online Card,TND,541.500,22:52:04,TN,False,DEV_A1,False,
1110,TXN_001110,2025-04-15,9.200 TND,DEBIT,UBER *TRIP 6904,Uber,Tunis,Transportation,Online Card,TND,532.300,23:28:39,TN,False,DEV_A1,False,
1111,TXN_001111,16/04/2025,2.300,DEBIT,SMART PARKING LAC 78198,PARKING,Tunis,Transportation,POS Card,TND,530.000,11:42:54,TN,True,,False,
1112,TXN_001112,16/04/2025,54.100,DEBIT,RESTAURANT LE PORT,RESTAURANT LE PORT,Tunis,Dining,POS Card,TND,475.900,22:15:21,TN,True,,False,
1113,TXN_001113,2025-04-17,TND 29.50,DEBIT,OOREDOO TUNISIE FACTURE 8339,ooredoo,Online,Utilities,Direct Debit,TND,446.400,01:51:28,TN,,,False,
1114,TXN_001114,2025-04-17,6.750,DEBIT,TPE CAFE EL MENZAH 51306,Cafe El Menzah,Tunis,Dining,POS Card,TND,439.650,14:32:33,TN,True,,False,
1115,TXN_001115,2025-04-18,39.000 TND,DEBIT,CINEMAS PATHE 27000,Pathe Tunis City,Tunis,Entertainment,POS Card,TND,400.650,18:47:54,TN,True,,False,
1116,TXN_001116,2025-04-20,-5.450,DEBIT,BOULANGERIE LE FOURNIL,BOULANGERIE LE FOURNIL,Tunis,Groceries,POS Card,TND,395.200,09:40:30,TN,True,,False,
1117,TXN_001117,2025-04-21,5.000,DEBIT,BOLT *TRIP 25883,Bolt,Ariana,Transportation,Online Card,TND,390.200,08:14:41,TN,False,DEV_A1,False,
1118,TXN_001118,21/04/2025,6.950 TND,DEBIT,TPE CAFE EL MENZAH 18547,Cafe El Menzah,Tunis,Dining,POS Card,TND,383.250,09:40:16,TN,True,,False,
1119,TXN_001119,04/21/2025,5.050,DEBIT,CAFE EL MENZAH,Cafe El Menzah,,Dining,POS Card,TND,378.200,11:13:22,TN,True,,False,
1120,TXN_001120,21-04-2025,16.700,DEBIT,EPICERIE BEN SALEM ARIANA,Epicerie Ben Salem ,Ariana,Groceries,POS Card,TND,361.500,20:45:13,TN,True,,False,
1121,TXN_001121,2025-04-22,"20,900",DEBIT,SPOTIFY AB STOCKHOLM,Spotify,Online,Subscriptions,Online Card,TND,340.600,04:24:52,SE,0,DEV_A1,False,
1122,TXN_001122,2025-04-22,2.500,DEBIT,PARKING ARIANA,Parking,Ariana,Transportation,POS Card,TND,338.100,10:18:32,Tunisia,True,,False,
1123,TXN_001123,22 Apr 2025,25.000,DEBIT,RESTAURANT LE PORT TUNIS,Restaurant Le Port,Tunis,Dining,POS Card,TND,313.100,13:28:07,TN,True,,False,
1124,TXN_001124,2025-04-23,7.750,DEBIT,TPE CAFE EL MENZAH 58330,Cafe El Menzah,Tunis,Dining,POS Card,TND,305.350,16:52:36,TN,True,,False,
1125,TXN_001125,2025-04-24,26.000,DEBIT,EPICERIE BEN SALEM ARIANA,Epicerie Ben Salem,Ariana,Groceries,POS Card,TND,279.350,13:47:15,TN,True,,False,
1126,TXN_001126,2025-04-24,"46,640",DEBIT,LCW 23327,LC Waikiki,Ariana,Shopping,POS Card,TND,232.710,14:17:47,Tunisia,Y,,False,
1127,TXN_001127,24/04/2025,5.190,DEBIT,BOLT *TRIP 98713,Bolt,La Marsa,Transportation,Online Card,TND,227.520,17:29:23,TN,False,DEV_A1,False,
1128,TXN_001128,2025-04-25,3592.500 TND,CREDIT,SALARY CREDIT,Nexora Solutions,Online,Salary,Bank Transfer,TND,3820.020,07:14:18,TN,,,False,
1129,TXN_001129,25/04/2025,"7,040",DEBIT,PAUL LA MARSA,Paul,La Marsa,Dining,POS Card,TND,3812.980,07:30:30,tn,True,,False,
1130,TXN_001130,2025-04-25,2.790 TND,DEBIT,SMART PARKING LAC 29166,PARKING,Tunis,Transportation,POS Card,TND,3810.190,17:24:32,TN,True,,False,
1131,TXN_001131,2025-04-26,"1500,000",DEBIT,VIREMENT COMPTE EPARGNE 71577,savings account,Online,Transfer,Standing Order,TND,2310.190,04:27:59,TN,,,False,
1132,TXN_001132,2025-04-26,"55,100",DEBIT,MG BEN AROUS,MG,Ben Arous,Groceries,POS Card,TND,2255.090,17:24:09,TN,True,,False,
1133,TXN_001133,2025-04-28,420.000,CREDIT,SALARY ARREARS ADJUSTMENT,Nexora Solutions,Online,Salary,Bank Transfer,TND,2675.090,07:53:03,TN,,,False,
1134,TXN_001134,2025-04-28,7.750,DEBIT,BOLT RIDE TUNIS,BOLT,Tunis,Transportation,Online Card,TND,2667.340,09:00,TN,0,DEV_A1,False,
1135,TXN_001135,28/04/2025,8.750 TND,DEBIT,EPICERIE BEN SALEM Epicerie Ben Salem,Ariana,Groceries,POS Card,TND,2658.590,10:15:41,TN,True,,False,
1136,TXN_001136,28-04-2025,8.300,DEBIT,EPICERIE BEN SALEM ARIANA,Epicerie Ben Salem,Ariana,Groceries,POS Card,TND,2650.290,14:48:02,TN,True,,False,
1137,TXN_001137,04/30/2025,TND 4.50,DEBIT,FRAIS TENUE DE COMPTE,Bank Fees,Online,Other,Direct Debit,TND,2645.790,03:37:50,TN,,,False,
1138,TXN_001138,01/05/2025,1000.000,CREDIT,VIREMENT EPARGNE VERS COMPTE COURANT,Savings Account,Online,Transfer,Standing Order,TND,3645.790,04:51:38,TN,,,False,
1139,TXN_001139,01/05/2025,128.770,DEBIT,SHELL STATION 39936,Shell,Tunis,Fuel,POS Card,TND,3517.020,18:39:58,TN,True,,False,
1140,TXN_001140,01-05-2025,8.010,DEBIT,BOLT RIDE TUNIS,BOLT,La Marsa,Transportation,Online Card,TND,3509.010,21:51:31,TN,False,DEV_A1,False,
1141,TXN_001141,02 May 2025,99.200,DEBIT,CABINET DR TRABELSI,CABINET DR TRABELSI,Ariana,Healthcare,POS Card,TND,3409.810,09:58:04,TN,True,,False,
1142,TXN_001142,2025-05-02,10.290,DEBIT,EPICERIE BEN SALEM,Epicerie Ben Salem,Ariana,Groceries,POS Card,TND,3399.520,10:54:38,TN,True,,False,
1143,TXN_001143,2025-05-02,"10,850",DEBIT,CAFE EL MENZAH,CAFE EL MENZAH,Tunis,Dining,POS Card,TND,3388.670,11:12:38,TN,True,,False,
1144,TXN_001144,02-05-2025,"29,750",DEBIT,PAUL LA MARSA,Paul,La Marsa,Dining,POS Card,TND,3358.920,16:43:02,TN,True,,False,
1145,TXN_001145,03/05/2025,14.000,DEBIT,EPICERIE BEN SALEM ARIANA,EPICERIE BEN SALEM,Ariana,Groceries,POS Card,TND,3344.920,09:11:40,TN,True,,False,
1146,TXN_001146,2025-05-03,10.000 TND,DEBIT,EPICERIE BEN SALEM,Epicerie Ben Salem ,Ariana,Groceries,POS Card,TND,3334.920,3:13 PM,TN,True,,False,
1147,TXN_001147,04/05/2025,TND 760.00,DEBIT,VIR PERMANENT STE IMMOBILIERE,STE IMMOBILIERE,Ariana,Rent,Standing Order,TND,2574.920,12:50 AM,TN,,,False,
1148,TXN_001148,2025-05-04,23.300 TND,DEBIT,GLOVO*51056,Glovo,Online,Dining,Online Card,TND,2551.620,22:43:44,TN,False,DEV_A1,False,
1149,TXN_001149,2025-05-04,5.800 TND,DEBIT,BOLT RIDE TUNIS,Bolt,Tunis,Transportation,Online Card,TND,2545.820,22:46:29,TN,False,DEV_A1,False,
1150,TXN_001150,2025-05-06,75.000,DEBIT,FITNESS ZONE ARIANA ABONNEMENT,FITNESS ZONE,Ariana,Subscriptions,Direct Debit,TND,2470.820,01:16:04,TN,,,False,
1151,TXN_001151,2025-05-06,63.000,DEBIT,OPENAI *CHATGPT SUBSCR,openai,Online,Subscriptions,Online Card,TND,2407.820,01:59:38,US,False,DEV_A1,False,
1152,TXN_001152,06 May 2025,6.000,DEBIT,PARKING ARIANA,parking,Ariana,Transportation,POS Card,TND,2401.820,10:34:45,TN,True,,False,
1153,TXN_001153,06/05/2025,640.300,DEBIT,ALIEXPRESS *48820193,AliExpress,Online,Shopping,Online Card,TND,1761.520,18:08:26,TN,False,DEV_B2,False,
1154,TXN_001154,07/05/2025,14.900,DEBIT,VPNPREMIUM SUBSCR 8005550142 IE,VPNPremium,Online,Subscriptions,Online Card,TND,1746.620,03:30:38,IE,False,,True,recurring_unauthorized_subscription
1155,TXN_001155,2025-05-07,3.550,DEBIT,SMART PARKING LAC 32264,Parking,Ariana,Transportation,POS Card,TND,1743.070,09:08:55,TN,True,,False,
1156,TXN_001156,2025-05-07,12.000 TND,DEBIT,EPICERIE BEN SALEM,EPICERIE BEN SALEM,Ariana,Groceries,POS Card,TND,1731.070,18:29:53,TN,True,,False,
1157,TXN_001157,2025-05-08,16.550,DEBIT,PAUL TUNIS,Paul,Tunis,Dining,POS Card,TND,1714.520,14:19:17,TN,1,,False,
1158,TXN_001158,2025-05-09,4.200 TND,DEBIT,APPLE.COM/BILL,Apple ,Online,Subscriptions,Online Card,TND,1710.320,00:52:45,IE,False,DEV_A1,False,
1159,TXN_001159,09/05/2025,"140,000",DEBIT,RETRAIT GAB AMEN BANK LA MARSA,ATM WITHDRAWAL,La Marsa,Cash Withdrawal,ATM,TND,1570.320,10:19:03,tn,True,,False,
1160,TXN_001160,09/05/2025,-25.150,DEBIT,PHARMACIE CENTRALE ARIANA,pharmacie centrale,Ariana,Healthcare,POS Card,TND,1545.170,10:24:32,TN,True,,False,
1161,TXN_001161,09 May 2025,19.400 TND,DEBIT,PAIEMENT PAUL 98584,Paul,La Marsa,Dining,POS Card,TND,1525.770,10:29:07,TN,True,,False,
1162,TXN_001162,2025-05-09,10.140,DEBIT,BOLT *TRIP 54545,bolt,Tunis,Transportation,Online Card,TND,1515.630,23:23:23,TN,False,DEV_A1,False,
1163,TXN_001163,2025-05-10,111.000,DEBIT,JUMIA.COM.TN,Jumia,Online,Shopping,Online Card,TND,1404.630,15:53:21,TN,False,DEV_B2,False,
1164,TXN_001164,2025-05-10,14.850,DEBIT,UBER TRIP HELP.UBER.COM,Uber,Ariana,,Online Card,TND,1389.780,19:29:13,TN,False,DEV_A1,False,
1165,TXN_001165,11 May 2025,39.000,DEBIT,TUNISIE TELECOM ADSL FACTURE,TUNISIE TELECOM,Online,Utilities,Direct Debit,TND,1350.780,01:20:06,TN,,,False,
1166,TXN_001166,2025-05-11,106.700,DEBIT,STEG FACTURE ELEC GAZ,STEG,Online,Utilities,Direct Debit,TND,1244.080,04:29:58,TN,,,False,
1167,TXN_001167,2025-05-12,97.200,DEBIT,SHELL STATION 88697,Shell,Tunis,Fuel,POS Card,TND,1146.880,17:25:58,TN,True,,False,
1168,TXN_001168,2025-05-13,3.750,DEBIT,SMART PARKING LAC 74163,Parking,Tunis,Transportation,POS Card,TND,1143.130,17:58:03,TN,True,,False,
1169,TXN_001169,14/05/2025,29.900 TND,DEBIT,NETFLIX.COM,NETFLIX,Online,Subscriptions,Online Card,TND,1113.230,01:16:11,NL,False,DEV_B2,False,
1170,TXN_001170,2025-05-15,39.500,DEBIT,GAT ASSURANCES PRELEVEMENT,GAT ASSURANCES,Tunis,Insurance,Direct Debit,TND,1073.730,03:51:19,TN,,,False,
1171,TXN_001171,2025-05-15,11.950,DEBIT,EPICERIE BEN SALEM ARIANA,Epicerie Ben Salem ,Ariana,Groceries,POS Card,TND,1061.780,20:56:05,TN,True,,False,
1172,TXN_001172,2025-05-17,1.830 TND,DEBIT,SMART PARKING LAC 1474,Parking,Ariana,Transportation,POS Card,TND,1059.950,11:40:10,TN,True,,False,
1173,TXN_001173,2025-05-17,90.000,DEBIT,RETRAIT DAB BIAT ARIANA,ATM WITHDRAWAL,Ariana,Cash Withdrawal,ATM,TND,969.950,12:29:50,TN,True,,False,
1174,TXN_001174,05/18/2025,59.710,DEBIT,SONEDE 9032,SONEDE,Online,Utilities,Direct Debit,TND,910.240,04:11:23,TN,,,False,
1175,TXN_001175,05/18/2025,37.950,DEBIT,MCDONALDS TUNIS,McDonald's,Tunis,DINING,POS Card,TND,872.290,21:12:16,TN,True,,False,
1176,TXN_001176,19 May 2025,TND 33.00,DEBIT,OOREDOO BILL PAYMENT,ooredoo,Online,utilities,Direct Debit,TND,839.290,01:36:19,TN,,,False,
1177,TXN_001177,19/05/2025,14.200,DEBIT,EPICERIE BEN SALEM,Epicerie Ben Salem,Ariana,Groceries,POS Card,TND,825.090,18:06:14,TN,True,,False,
1178,TXN_001178,19/05/2025,5.400,DEBIT,SMART PARKING LAC 6393,Parking,Tunis,Transportation,POS Card,TND,819.690,18:53:18,tn,True,,False,
1179,TXN_001179,2025-05-20,13.600,DEBIT,PAUL TUNIS,Paul,Tunis,Dining,POS Card,TND,806.090,10:09,TN,True,,False,
1180,TXN_001180,20/05/2025,49.120,DEBIT,PHCIE CENTRALE 65225,PHARMACIE CENTRALE,,Healthcare,POS Card,TND,756.970,11:03:24,TN,True,,False,
1181,TXN_001181,2025-05-20,TND 2.28,DEBIT,PARKING ARIANA,Parking,Ariana,TRANSPORTATION,POS Card,TND,754.690,15:47:05,TN,True,,False,
1182,TXN_001182,2025-05-21,21.550 TND,DEBIT,PAIEMENT PAUL 68845,PAUL,La Marsa,Dining,POS Card,TND,733.140,08:05:12,TN,True,,False,
1183,TXN_001183,05/21/2025,12.270,DEBIT,Coffee Break Ariana,Coffee Break,Ariana,Dining,POS Card,TND,720.870,10:57:54,TN,True,,False,
1184,TXN_001184,2025-05-21,3.600,DEBIT,SMART PARKING LAC 9465,Parking,Ariana,Transportation,POS Card,TND,717.270,15:58:10,Tunisia,True,,False,
1185,TXN_001185,2025-05-21,29.750,DEBIT,EPICERIE BEN SALEM ARIANA,EPICERIE BEN SALEM,Ariana,Grocery,POS Card,TND,687.520,20:57:53,TN,True,,False,
1186,TXN_001186,2025-05-22,20.900,DEBIT,SPOTIFY AB STOCKHOLM,Spotify,Online,Subscriptions,Online Card,TND,666.620,04:23:47,SE,False,DEV_A1,False,
1187,TXN_001187,05/22/2025,14.970,DEBIT,UBER TRIP HELP.UBER.COM,Uber,Tunis,Transportation,Online Card,TND,651.650,06:37:49,TN,False,DEV_B2,False,
1188,TXN_001188,2025-05-22,-2.750,DEBIT,BOULANGERIE LE FOURNIL,Boulangerie Le Fournil,Ariana,Groceries,POS Card,TND,648.900,09:52:19,TN,True,,False,
1189,TXN_001189,22-05-2025,15.000,DEBIT,CAFE EL MENZAH,CAFE EL MENZAH,Tunis,DINING,POS Card,TND,633.900,15:41:26,TN,True,,False,
1190,TXN_001190,2025-05-23,41.300,DEBIT,PHCIE CENTRALE 28083,PHARMACIE CENTRALE,Tunis,Healthcare,POS Card,TND,592.600,12:23:54,TN,True,,False,
1191,TXN_001191,23/05/2025,81.300,DEBIT,LC WAIKIKI ARIANA,LC WAIKIKI,Ariana,Shopping,POS Card,TND,511.300,12:39:40,TN,True,,False,
1192,TXN_001192,23 May 2025,6.700,DEBIT,TPE CAFE EL MENZAH 21064,Cafe El Menzah,Tunis,Dining,POS Card,TND,504.600,15:46:36,TN,True,,False,
1193,TXN_001193,2025-05-24,13.000,DEBIT,BOLT *TRIP 9241,BOLT,La Marsa,Transportation,Online Card,TND,491.600,09:09,TN,False,DEV_A1,False,
1194,TXN_001194,2025-05-24,63.000 TND,DEBIT,PHCIE CENTRALE 52858,Pharmacie Centrale,Tunis,Healthcare,POS Card,TND,428.600,16:52:15,TN,True,,False,
1195,TXN_001195,24-05-2025,112.600,DEBIT,TOTAL SERVICE STATION ARIANA #62643,TotalEnergies,Ariana,Fuel,POS Card,TND,316.000,17:21:05,TN,True,,False,
1196,TXN_001196,24-05-2025,11.100,DEBIT,BOLT RIDE TUNIS,Bolt,Tunis,transport,Online Card,TND,304.900,6:24 PM,Tunisia,False,DEV_B2,False,
1197,TXN_001197,25-05-2025,17.000,DEBIT,BOLT *TRIP 15940,Bolt,Ariana,TRANSPORTATION,Online Card,TND,287.900,14:32:55,Tunisia,False,DEV_B2,False,
1198,TXN_001198,2025-05-25,TND 54.00,DEBIT,STEAMGAMES.COM 11963,Steam,Online,Entertainment,Online Card,TND,233.900,21:32:21,US,N,DEV_A1,False,
1199,TXN_001199,26/05/2025,TND 3480.00,CREDIT,MONTHLY SALARY,NEXORA SOLUTIONS,Online,Salary,Bank Transfer,TND,3713.900,06:34,TN,,,False,
1200,TXN_001200,2025-05-26,2.600,DEBIT,PARKING TUNIS,Parking ,Tunis,Transportation,POS Card,TND,3711.300,11:04 AM,Tunisia,True,,False,
1201,TXN_001201,2025-05-26,"27,400",DEBIT,RESTAURANT LE PORT,RESTAURANT LE PORT,Tunis,Dining,POS Card,TND,3683.900,12:18:27,TN,True,,False,
1202,TXN_001202,26/05/2025,21.000,DEBIT,Coffee Break Tunis,Coffee Break,Tunis,Dining,POS Card,TND,3662.900,17:53:30,TN,True,,False,
1203,TXN_001203,2025-05-27,1500.000,DEBIT,VIREMENT COMPTE EPARGNE 15330,Savings Account,Online,Transfer,Standing Order,TND,2162.900,02:03:35,TN,,,False,
1204,TXN_001204,27/05/2025,409.433,DEBIT,GADGET HUB ONLINE US,GADGET HUB ONLINE,Online,Electronics,Online Card,TND,1753.467,04:21:47,US,False,DEV_CA16,True,account_takeover
1205,TXN_001205,27-05-2025,272.930,DEBIT,LUXEBOUTIQUE ONLINE GB,LuxeBoutique Online,Online,Shopping,Online Card,TND,1480.537,04:31:02,GB,no,DEV_CA16,True,account_takeover
1206,TXN_001206,2025-05-27,259.927,DEBIT,VIR WEB NOUVEAU BENEFICIAIRE,Unknown Beneficiary ,Online,Transfer,Bank Transfer,TND,1220.610,04:49:10,TN,,DEV_CA16,True,account_takeover
1207,TXN_001207,28/05/2025,7.590,DEBIT,Coffee Break Ariana,Coffee Break,Ariana,Dining,POS Card,TND,1213.020,15:02,TN,Y,,False,
1208,TXN_001208,05/30/2025,TND 4.50,DEBIT,FRAIS TENUE DE COMPTE,Bank Fees,Online,Other,Direct Debit,TND,1208.520,04:55:30,TN,,,False,
1209,TXN_001209,2025-05-30,4.100 TND,DEBIT,BOLT *TRIP 99791,Bolt,Ariana,Transportation,Online Card,TND,1204.420,08:45,TN,False,DEV_A1,False,
1210,TXN_001210,30/05/2025,4.700 TND,DEBIT,SMART PARKING LAC 37402,Parking,Tunis,TRANSPORTATION,POS Card,TND,1199.720,18:52:30,TN,True,,False,
1211,TXN_001211,2025-05-31,"9,450",DEBIT,BOLT RIDE TUNIS,bolt,Tunis,Transportation,Online Card,TND,1190.270,19:23:51,TN,False,DEV_A1,False,
1212,TXN_001212,2025-06-01,"850,000",CREDIT,VIREMENT EPARGNE VERS COMPTE COURANT,SAVINGS ACCOUNT,Online,Transfer,Standing Order,TND,2040.270,01:55:53,TN,,,False,
1213,TXN_001213,01/06/2025,"3,500",DEBIT,SMART PARKING LAC 97691,PARKING,Ariana,Transportation,POS Card,TND,2036.770,10:28:09,TN,True,,False,
1214,TXN_001214,2025-06-01,19.800,DEBIT,EPICERIE BEN SALEM ARIANA,Epicerie Ben Salem,Ariana,Groceries,POS Card,TND,2016.970,20:34:04,TN,True,,False,
1215,TXN_001215,02/06/2025,760.000,DEBIT,VIR PERMANENT STE IMMOBILIERE,STE Immobiliere,Ariana,Rent,Standing Order,TND,1256.970,01:16:09,TN,,,False,
1216,TXN_001216,2025-06-02,62.230,DEBIT,SHELL ARIANA,Shell,Ariana,Fuel,POS Card,TND,1194.740,09:56:58,TN,True,,False,
1217,TXN_001217,06/02/2025,109.900,DEBIT,RESTAURANT LE PORT CARTHAGE,Restaurant Le Port,Carthage,Dining,POS Card,TND,1084.840,14:06:44,TN,True,,False,
1218,TXN_001218,02/06/2025,5.000,DEBIT,SMART PARKING LAC 24281,Parking,Ariana,Transportation,POS Card,TND,1079.840,17:11:31,TN,True,,False,
1219,TXN_001219,03-06-2025,7.000,DEBIT,BOLT RIDE TUNIS,Bolt,Tunis,Transportation,Online Card,TND,1072.840,08:53:48,Tunisia,False,DEV_A1,False,
1220,TXN_001220,03-06-2025,TND 12.36,DEBIT,EPICERIE BEN SALEM ARIANA,Epicerie Ben Salem,Ariana,Groceries,POS Card,TND,1060.480,10:33:39,TN,True,,False,
1221,TXN_001221,04/06/2025,2.870,DEBIT,PARKING TUNIS,Parking,Tunis,Transportation,POS Card,TND,1057.610,13:39:28,TN,True,,False,
1222,TXN_001222,2025-06-05,110.830,DEBIT,MAGASIN GENERAL LA MARSA 25093,MG,La Marsa,Groceries,POS Card,TND,946.780,11:32:58,TN,True,,False,
1223,TXN_001223,05/06/2025,22.900,DEBIT,EPICERIE BEN SALEM,Epicerie Ben Salem,Ariana,Groceries,POS Card,TND,923.880,14:50:02,TN,True,,False,
1224,TXN_001224,2025-06-05,4.500,DEBIT,TPE CAFE EL MENZAH 23517,Cafe El Menzah,Tunis,DINING,POS Card,TND,919.380,16:18:24,TN,True,,False,
1225,TXN_001225,2025-06-06,"75,000",DEBIT,FITNESS ZONE ARIANA ABONNEMENT,FITNESS ZONE,Ariana,Subscriptions,Direct Debit,TND,844.380,00:59:33,TN,,,False,
1226,TXN_001226,2025-06-06,14.900,DEBIT,VPNPREMIUM SUBSCR 8005550142 IE,VPNPremium,Online,Subscriptions,Online Card,TND,829.480,03:33:33,IE,False,,True,recurring_unauthorized_subscription
1227,TXN_001227,06/06/2025,63.000,DEBIT,OPENAI *CHATGPT SUBSCR,openai,Online,Subscriptions,Online Card,TND,766.480,04:49:57,US,False,DEV_A1,False,
1228,TXN_001228,2025-06-06,12.870,DEBIT,BOLT *TRIP 88502,Bolt,Ariana,Transportation,Online Card,TND,753.610,10:25,TN,False,DEV_B2,False,
1229,TXN_001229,2025-06-06,4.000,DEBIT,CAFE EL MENZAH,CAFE EL MENZAH,Tunis,Dining,POS Card,TND,749.610,11:08:17,TN,yes,,False,
1230,TXN_001230,06/06/2025,"102,030",DEBIT,RESTAURANT LE PORT,Restaurant Le Port,Tunis,Dining,POS Card,TND,647.580,20:34:16,TN,True,,False,
1231,TXN_001231,2025-06-08,23.200,DEBIT,PAUL TUNIS,Paul,Tunis,Dining,POS Card,TND,624.380,16:15:18,TN,True,,False,
1232,TXN_001232,2025-06-09,4.200,DEBIT,APPLE.COM/BILL,apple,Online,Subscriptions,Online Card,TND,620.180,05:02:05,IE,N,DEV_A1,False,
1233,TXN_001233,2025-06-09,4.700,DEBIT,BOLT RIDE TUNIS,Bolt,La Marsa,Transport,Online Card,TND,615.480,16:46:58,tn,False,DEV_A1,False,
1234,TXN_001234,2025-06-10,6.000,DEBIT,PAUL TUNIS,Paul,Tunis,Dining,POS Card,TND,609.480,09:40:55,TN,True,,False,
1235,TXN_001235,06/10/2025,"27,050",DEBIT,PAUL LA MARSA,Paul,La Marsa,Dining,POS Card,TND,582.430,15:18:48,TN,Y,,False,
1236,TXN_001236,10/06/2025,30.000 TND,DEBIT,LCW 61039,lc waikiki,Ariana,Shopping,POS Card,TND,552.430,19:15:40,TN,True,,False,
1236-dup,TXN_001236,10/06/2025,30.000 TND,DEBIT,LCW 61039,lc waikiki,Ariana,Shopping,POS Card,TND,552.430,19:15:40,TN,True,,False,
1237,TXN_001237,06/11/2025,-65.590,DEBIT,RESTAURANT LE PORT TUNIS,Restaurant Le Port,Tunis,Dining,POS Card,TND,486.840,13:13:39,TN,True,,False,
1238,TXN_001238,2025-06-11,66.000,DEBIT,VIREMENT EMIS MAMAN,Family Transfer,Online,Transfer,Bank Transfer,TND,420.840,20:06:36,TN,,DEV_A1,False,
1239,TXN_001239,2025-06-12,-39.000,DEBIT,TT FIX3 INT3RNET 83356,tunisie telecom,Online,Bills,Direct Debit,TND,381.840,03:21:25,TN,,,False,
1240,TXN_001240,12 Jun 2025,28.630 TND,DEBIT,PHCIE CENTRALE 66411,Pharmacie Centrale,Ariana,health,POS Card,TND,353.210,09:01:41,TN,True,,False,
1241,TXN_001241,12-06-2025,942.290 TND,CREDIT,REMBOURSEMENT LITIGE CARTE,BANK DISPUTE REIMBURSEMENT,Tunis,Other,Bank Transfer,TND,1295.500,10:05:05,Tunisia,,,False,
1242,TXN_001242,2025-06-13,"70,000",DEBIT,RETRAIT GAB AMEN BANK TUNIS,ATM Withdrawal,Tunis,Cash Withdrawal,ATM,TND,1225.500,14:30:09,TN,True,,False,
1243,TXN_001243,13-06-2025,27.000,DEBIT,EPICERIE BEN SALEM,epicerie ben salem,Ariana,Groceries,POS Card,TND,1198.500,15:35:00,TN,yes,,False,
1244,TXN_001244,06/14/2025,29.900,DEBIT,NETFLIX.COM AMSTERDAM,Netflix,Online,subscription,Online Card,TND,1168.600,01:29:57,NL,False,DEV_A1,False,
1245,TXN_001245,14 Jun 2025,TND 30.60,DEBIT,RESTAURANT LE PORT TUNIS,Restaurant Le Port,Tunis,Dining,POS Card,TND,1138.000,14:29,TN,True,,False,
1246,TXN_001246,2025-06-15,39.500,DEBIT,GAT ASSURANCES PRELEVEMENT,GAT_Assurances,Tunis,Insurance,Direct Debit,TND,1098.500,05:09:29,TN,,,False,
1247,TXN_001247,2025-06-15,12.000,DEBIT,UBER TRIP HELP.UBER.COM,Uber,Tunis,Transportation,Online Card,TND,1086.500,08:08,TN,False,DEV_A1,False,
1248,TXN_001248,15/06/2025,7.000,DEBIT,BOLT RIDE TUNIS,Bolt
1249,TXN_001249,2025-06-16,1.750,DEBIT,PARKING TUNIS,Parking,Tunis,Transportation,POS Card,TND,1077.750,12:00:20,TN,True,,False,
1250,TXN_001250,17-06-2025,6.000,DEBIT,PAUL LA MARSA,Paul,La Marsa,Dining,POS Card,TND,1071.750,08:06:25,TN,yes,,False,
1251,TXN_001251,2025-06-17,130.000,DEBIT,RETRAIT DAB BIAT ARIANA,ATM Withdrawal,Ariana,Cash Withdrawal,ATM,TND,941.750,17:59:17,TN,True,,False,
1252,TXN_001252,17/06/2025,5.000,DEBIT,BOLT *TRIP 85845,Bolt,Tunis,Transportation,Online Card,TND,936.750,20:49,TN,no,DEV_B2,False,
1253,TXN_001253,18-06-2025,"40,000",DEBIT,RETRAIT DAB BIAT TUNIS,ATM Withdrawal,Tunis,Cash Withdrawal,ATM,TND,896.750,12:13:58,TN,True,,False,
1254,TXN_001254,2025-06-18,8.900,DEBIT,UBER TRIP HELP.UBER.COM,Uber,Tunis,Transportation,Online Card,TND,887.850,20:43:40,TN,False,DEV_A1,False,
1255,TXN_001255,2025-06-19,11.000,DEBIT,UBER *TRIP 29928,Uber,Tunis,Transportation,Online Card,TND,876.850,08:56:21,TN,False,DEV_A1,False,
1256,TXN_001256,19/06/2025,5.050 TND,DEBIT,TPE CAFE EL MENZAH 26851,cafe el menzah,Tunis,Dining,POS Card,TND,871.800,09:05:33,TN,Y,,False,
1257,TXN_001257,19/06/2025,5.600,DEBIT,UBER TRIP HELP.UBER.COM,Uber,Tunis,Transportation,Online Card,TND,866.200,9:25 AM,TN,False,DEV_B2,False,
1258,TXN_001258,2025-06-19,21.300 TND,DEBIT,CINEMAS PATHE 98076,Pathe Tunis City,Tunis,Entertainment,POS Card,TND,844.900,18:34:19,TN,True,,False,
1259,TXN_001259,06/20/2025,38.650 TND,DEBIT,OOREDOO BILL PAYMENT,Ooredoo,Online,Utilities,Direct Debit,TND,806.250,05:15:30,TN,,,False,
1260,TXN_001260,20-06-2025,6.300,DEBIT,BOULANGERIE LE FOURNIL ARIANA,Boulangerie Le Fournil,Ariana,Groceries,POS Card,TND,799.950,09:30:51,TN,True,,False,
1261,TXN_001261,2025-06-20,30.400,DEBIT,FLOUCI P2P 5155,Friend Transfer,Online,Transfer,Mobile Wallet,TND,769.550,15:17:14,TN,False,DEV_A1,False,
1262,TXN_001262,2025-06-20,290.000,DEBIT,TUNISAIR LES BERGES DU LAC,Tunisair,Tunis,Travel,POS Card,TND,479.550,15:41:28,TN,True,,False,
1263,TXN_001263,2025-06-21,12.600,DEBIT,BOLT RIDE TUNIS,Bolt,Ariana,Transportation,Online Card,TND,466.950,07:33:52,TN,N,DEV_A1,False,
1264,TXN_001264,2025-06-21,94.620,DEBIT,MAGASIN GENERAL TUNIS 61997,MG,Tunis,groceries,POS Card,TND,372.330,14:40:34,TN,True,,False,
1265,TXN_001265,22 Jun 2025,TND 20.90,DEBIT,SPOTIFY AB STOCKHOLM,Spotify,Online,Subscriptions,Online Card,TND,351.430,00:36:12,SE,False,DEV_A1,False,
1266,TXN_001266,22-06-2025,3.750,DEBIT,BOULANGERIE LE FOURNIL TUNIS,Boulangerie Le Fournil,Tunis,Groceries,POS Card,TND,347.680,07:07:01,TN,True,,False,
1267,TXN_001267,22/06/2025,59.600,CREDIT,REMBOURSEMENT LITIGE CARTE,Bank Dispute Reimbursement,Tunis,other,Bank Transfer,TND,407.280,11:23 AM,TN,,,False,
1268,TXN_001268,06/23/2025,4.250,DEBIT,BOULANGERIE LE FOURNIL TUNIS,boulangerie le fournil,Tunis,Groceries,POS Card,TND,403.030,07:23:19,TN,True,,False,
1269,TXN_001269,23 Jun 2025,14.000,DEBIT,Coffee Break Tunis,Coffee Break,Tunis,Dining,POS Card,TND,389.030,07:37:29,Tunisia,True,,False,
1270,TXN_001270,2025-06-23,10.760,DEBIT,COFFEE BREAK ARIANA,Coffee Break,Ariana,Dining,POS Card,TND,378.270,09:37,TN,True,,False,
1271,TXN_001271,2025-06-23,"26,280",DEBIT,RESTAURANT LE PORT TUNIS,Restaurant Le Port,Tunis,Dining,POS Card,TND,351.990,21:38:18,TN,True,,False,
1272,TXN_001272,2025-06-24,"23,860",DEBIT,PAIEMENT PAUL 67031,Paul,La Marsa,Dining,POS Card,TND,328.130,10:18,TN,True,,False,
1273,TXN_001273,2025-06-26,TND 50.30,DEBIT,GLOVO TUNIS,glovo,,Dining,Online Card,TND,277.830,13:47,TN,False,DEV_A1,False,
1274,TXN_001274,2025-06-27,3480.000 TND,CREDIT,MONTHLY SALARY,Nexora Solutions,Online,Salary,Bank Transfer,TND,3757.830,06:19:46,TN,,,False,
1275,TXN_001275,27-06-2025,170.000,DEBIT,RETRAIT DAB BIAT BEN AROUS,ATM Withdrawal,Ben Arous,ATM/Cash,ATM,TND,3587.830,5:38 PM,TN,True,,False,
1276,TXN_001276,2025-06-28,1500.000,DEBIT,VIREMENT COMPTE EPARGNE 69900,savings account,Online,Transfer,Standing Order,TND,2087.830,2:27 AM,TN,,,False,
1277,TXN_001277,2025-06-28,7.000,DEBIT,BOULANGERIE LE FOURNIL,Boulangerie Le Fournil,Ariana,Food & Groceries,POS Card,TND,2080.830,9:19 AM,TN,True,,False,
1278,TXN_001278,28/06/2025,230.560 TND,DEBIT,FLOUCI TRANSFER 85638,Family Transfer,Online,Transfer,Bank Transfer,TND,1850.270,12:43:23,TN,,DEV_A1,False,
1279,TXN_001279,2025-06-28,"3,150",DEBIT,BOLT RIDE TUNIS,Bolt,Ariana,Transportation,Online Card,TND,1847.120,21:59:13,TN,False,DEV_A1,False,
1280,TXN_001280,2025-06-29,250.000,DEBIT,ATM WDL 57433 ALGIERS DZ,ATM Withdrawal,Algiers,Cash Withdrawal,ATM,TND,1597.120,03:22:03,DZ,True,,True,atm_cash_out
1281,TXN_001281,2025-06-29,"150,000",DEBIT,ATM WDL 76550 ALGIERS DZ,ATM WITHDRAWAL,Algiers,Cash Withdrawal,ATM,TND,1447.120,03:32,dz,True,,True,atm_cash_out
1282,TXN_001282,2025-06-29,200.000,DEBIT,ATM WDL 30210 ALGIERS DZ,ATM Withdrawal,Algiers,Cash Withdrawal,ATM,TND,1247.120,3:41 AM,DZ,yes,,True,atm_cash_out
1283,TXN_001283,2025-06-29,7.680,DEBIT,BOULANGERIE LE FOURNIL,Boulangerie Le Fournil ,Tunis,Groceries,POS Card,TND,1239.440,08:10:53,TN,True,,False,
1284,TXN_001284,2025-06-30,4.800,DEBIT,COMMISSION TENUE COMPTE 36966,Bank Fees ,Online,Other,Direct Debit,TND,1234.640,04:37:15,TN,,,False,
1285,TXN_001285,30/06/2025,2.180,DEBIT,PARKING ARIANA,Parking,Ariana,Transportation,POS Card,TND,1232.460,08:50:22,TN,True,,False,
1286,TXN_001286,2025-06-30,34.000,DEBIT,GLOVO TUNIS,Glovo,Online,Dining,Online Card,TND,1198.460,22:12:18,TN,False,DEV_A1,False,
1287,TXN_001287,2025-07-01,1800.000,CREDIT,VIREMENT EPARGNE VERS COMPTE COURANT,Savings Account,Online,Transfer,Standing Order,TND,2998.460,01:40:56,TN,,,False,
1288,TXN_001288,07/01/2025,4.000,DEBIT,BOLT *TRIP 82496,Bolt,Ariana,Transportation,Online Card,TND,2994.460,08:16:05,TN,0,DEV_B2,False,
1289,TXN_001289,01 Jul 2025,"9,400",DEBIT,BOULANGERIE LE FOURNIL,Boulangerie_Le_Fournil,Tunis,Groceries,POS Card,TND,2985.060,09:57:20,TN,True,,False,
1290,TXN_001290,2025-07-01,9.850,DEBIT,CAFE EL MENZAH,Cafe El Menzah,Tunis,Dining,POS Card,TND,2975.210,15:53:24,TN,True,,False,
1291,TXN_001291,2025-07-02,-9.000,DEBIT,Coffee Break Ariana,COFFEE BREAK,Ariana,Dining,POS Card,TND,2966.210,2:03 PM,TN,True,,False,
1292,TXN_001292,2025-07-02,12.000,DEBIT,CAFE EL MENZAH,Cafe El Menzah,Tunis,Dining,POS Card,TND,2954.210,17:38:44,TN,True,,False,
1293,TXN_001293,2025-07-02,TND 9.00,DEBIT,EPICERIE BEN SALEM ARIANA,epicerie ben salem,Ariana,Groceries,POS Card,TND,2945.210,19:44:59,TN,True,,False,
1294,TXN_001294,02 Jul 2025,7.620,DEBIT,BOLT *TRIP 63195,Bolt,La Marsa,TRANSPORTATION,Online Card,TND,2937.590,20:19:53,TN,False,DEV_A1,False,
1295,TXN_001295,2025-07-03,12.000,DEBIT,PAUL TUNIS,Paul,Tunis,Dining,POS Card,TND,2925.590,16:21,TN,True,,False,
1296,TXN_001296,07/04/2025,760.000,DEBIT,VIR PERMANENT STE IMMOBILIERE,STE Immobiliere,Ariana,Rent,Standing Order,TND,2165.590,01:49:45,TN,,,False,
1297,TXN_001297,2025-07-04,4.800,DEBIT,BOULANGERIE LE FOURNIL TUNIS,Boulangerie Le Fournil,Tunis,Groceries,POS Card,TND,2160.790,09:54:42,TN,True,,False,
1298,TXN_001298,04/07/2025,TND 80.00,DEBIT,RETRAIT DAB BIAT ARIANA,ATM Withdrawal,Ariana,Cash Withdrawal,ATM,TND,2080.790,17:16:59,TN,True,,False,
1299,TXN_001299,07/05/2025,70.300,DEBIT,MAGASIN GENERAL BEN AROUS 19271,MG,Ben Arous,Groceries,POS Card,TND,2010.490,10:10:56,TN,True,,False,
1300,TXN_001300,07/06/2025,63.000,DEBIT,OPENAI *CHATGPT SUBSCR,OpenAI,Online,Subscriptions,Online Card,TND,1947.490,00:57:01,US,False,DEV_A1,False,
1301,TXN_001301,2025-07-06,75.000,DEBIT,FITNESS ZONE MEMBERSHIP,Fitness Zone,La Marsa,Subscriptions,Direct Debit,TND,1872.490,05:16,TN,,,False,
1302,TXN_001302,2025-07-07,7.400,DEBIT,COFFEE BREAK ARIANA,coffee break,Ariana,Dining,POS Card,TND,1865.090,10:16,TN,True,,False,
1303,TXN_001303,08 Jul 2025,39.000,DEBIT,TT FIXE INTERNET 51629,Tunisie Telecom,Online,Utilities,Direct Debit,TND,1826.090,05:07:46,TN,,,False,
1304,TXN_001304,2025-07-08,9.230,DEBIT,COFFEE BREAK TUNIS,COFFEE BREAK,Tunis,Dining,POS Card,TND,1816.860,09:39:07,TN,True,,False,
1305,TXN_001305,2025-07-08,8.150,DEBIT,BOULANGERIE LE FOURNIL TUNIS,Boulangerie Le Fournil,Tunis,Groceries,POS Card,TND,1808.710,11:11:02,Tunisia,True,,False,
1306,TXN_001306,08/07/2025,"32,000",DEBIT,RESTAURANT LE PORT TUNIS,restaurant le port,Tunis,DINING,POS Card,TND,1776.710,21:04,TN,True,,False,
1307,TXN_001307,09 Jul 2025,4.200,DEBIT,APPLE.COM/BILL,Apple,Online,Subscriptions,Online Card,TND,1772.510,04:25:24,IE,False,DEV_A1,False,
1308,TXN_001308,2025-07-09,165.000,DEBIT,DR TRABELSI CONSULT 43400,cabinet dr trabelsi,Ariana,Healthcare,POS Card,TND,1607.510,14:45:20,TN,True,,False,
1309,TXN_001309,09 Jul 2025,15.000 TND,DEBIT,BOLT *TRIP 77436,BOLT
1310,TXN_001310,2025-07-10,13.000 TND,DEBIT,EPICERIE BEN SALEM ARIANA Epicerie Ben Salem,Ariana,Groceries,POS Card,TND,1579.510,11:16:43,TN,True,,False,
1311,TXN_001311,10-07-2025,10.050,DEBIT,BOLT RIDE TUNIS,Bolt,Tunis,Transportation,Online Card,TND,1569.460,19:59:06,TN,False,DEV_A1,False,
1312,TXN_001312,2025-07-11,5.450,DEBIT,TPE CAFE EL MENZAH 28491,Cafe El Menzah,Tunis,Dining,POS Card,TND,1564.010,09:11:06,Tunisia,True,,False,
1313,TXN_001313,2025-07-12,110.000,DEBIT,RETRAIT GAB AMEN BANK LA MARSA,ATM Withdrawal,La Marsa,Cash Withdrawal,ATM,TND,1454.010,13:47:13,TN,True,,False,
1314,TXN_001314,2025-07-12,36.670,DEBIT,PAIEMENT PAUL 39595,Paul,Tunis,Dining,POS Card,TND,1417.340,14:46:53,TN,True,,False,
1315,TXN_001315,12/07/2025,186.350,DEBIT,TOTALENERGIES TUNIS,TotalEnergies,Tunis,Fuel,POS Card,TND,1230.990,2:54 PM,TN,True,,False,
1316,TXN_001316,12/07/2025,27.300,DEBIT,EPICERIE BEN SALEM,EPICERIE BEN SALEM,Ariana,Groceries,POS Card,TND,1203.690,3:26 PM,TN,True,,False,
1317,TXN_001317,12-07-2025,4.000,DEBIT,EPICERIE BEN SALEM ARIANA,Epicerie Ben Salem,Ariana,Groceries,POS Card,TND,1199.690,15:49,TN,True,,False,
1318,TXN_001318,07/13/2025,35.000,DEBIT,CARREFOUR HYPER LA MARSA,Carrefour,La Marsa,Groceries,POS Card,TND,1164.690,10:11:31,TN,True,,False,
1319,TXN_001319,13/07/2025,600.000 TND,CREDIT,REMBOURSEMENT LITIGE CARTE,Bank Dispute Reimbursement ,Tunis,Other,Bank Transfer,TND,1764.690,11:56:14,TN,,,False,
1320,TXN_001320,13/07/2025,15.000,DEBIT,BOLT RIDE TUNIS,Bolt
1321,TXN_001321,14-07-2025,"34,900",DEBIT,NETFLIX.COM,Netflix,Online,Subscriptions,Online Card,TND,1714.790,06:04:29,NL,False,DEV_A1,False,
1322,TXN_001322,2025-07-14,19.000,DEBIT,PAUL LA MARSA,paul,La Marsa,Dining,POS Card,TND,1695.790,08:15,TN,True,,False,
1323,TXN_001323,2025-07-14,10.150,DEBIT,BOLT *TRIP 33314,Bolt,Ariana,,Online Card,TND,1685.640,16:37:45,TN,False,DEV_A1,False,
1324,TXN_001324,2025-07-14,27.360,DEBIT,GLOVO TUNIS,Glovo,Online,Dining,Online Card,TND,1658.280,21:12:39,TN,False,DEV_B2,False,
1325,TXN_001325,15-07-2025,39.500,DEBIT,GAT ASSURANCES PRELEVEMENT,GAT Assurances,Tunis,Insurance,Direct Debit,TND,1618.780,03:21:03,TN,,,False,
1326,TXN_001326,15 Jul 2025,153.920 TND,DEBIT,STEG FACTURE ELEC GAZ,STEG,Online,Utilities,Direct Debit,TND,1464.860,03:52:18,Tunisia,,,False,
1327,TXN_001327,15/07/2025,-110.000,DEBIT,FLOUCI TRANSFER 9007,Family Transfer,Online,Transfer,Bank Transfer,TND,1354.860,17:56:35,TN,,DEV_A1,False,
1328,TXN_001328,2025-07-15,23.050 TND,DEBIT,EPICERIE BEN SALEM ARIANA,Epicerie Ben Salem,Ariana,Groceries,POS Card,TND,1331.810,20:57:06,TN,True,,False,
1329,TXN_001329,15/07/2025,"1060,000",DEBIT,AIRBNB * HM438262 DUBLIN IE,Airbnb ,Online,Travel,Online Card,TND,271.810,21:03:53,TN,False,DEV_B2,False,
1330,TXN_001330,07/16/2025,6.880,DEBIT,EPICERIE BEN SALEM ARIANA,Epicerie Ben Salem,Ariana,Groceries,POS Card,TND,264.930,14:25:12,TN,yes,,False,
1331,TXN_001331,2025-07-18,780.000,CREDIT,BONUS PERFORMANCE NEXORA,NEXORA SOLUTIONS,Online,Salary,Bank Transfer,TND,1044.930,07:43,TN,,,False,
1332,TXN_001332,2025-07-19,34.000,DEBIT,OOREDOO BILL PAYMENT,Ooredoo,Online,Utilities,Direct Debit,TND,1010.930,01:50:29,TN,,,False,
1333,TXN_001333,2025-07-19,"4,440",DEBIT,CAFE EL MENZAH,Cafe El Menzah ,Tunis,Dining,POS Card,TND,1006.490,09:49:13,TN,1,,False,
1334,TXN_001334,19 Jul 2025,38.990,DEBIT,PHCIE CENTRALE 76712,Pharmacie Centrale ,Tunis,Healthcare,POS Card,TND,967.500,11:58:23,TN,True,,False,
1335,TXN_001335,20/07/2025,16.360,DEBIT,BOLT RIDE TUNIS,Bolt,La Marsa,Transportation,Online Card,TND,951.140,8:47 AM,TN,False,DEV_A1,False,
1336,TXN_001336,2025-07-20,86.780,DEBIT,MONOPRIX LA MARSA,monoprix,La Marsa,Groceries,POS Card,TND,864.360,16:41:01,TN,True,,False,
1337,TXN_001337,21/07/2025,1.850,DEBIT,PARKING TUNIS,Parking,Tunis,Transportation,POS Card,TND,862.510,11:54:18,TN,True,,False,
1338,TXN_001338,2025-07-22,20.900,DEBIT,SPOTIFY PREMIUM,Spotify,Online,Subscriptions,Online Card,TND,841.610,02:40:48,SE,False,DEV_B2,False,
1339,TXN_001339,22 Jul 2025,-18.200,DEBIT,BOLT *TRIP 73898,Bolt,Tunis,Transportation,Online Card,TND,823.410,07:14:05,Tunisia,False,DEV_A1,False,
1340,TXN_001340,2025-07-23,6.250 TND,DEBIT,CAFE EL MENZAH,cafe el menzah,Tunis,,POS Card,TND,817.160,8:35 AM,TN,True,,False,
1341,TXN_001341,2025-07-23,8.570,DEBIT,BOLT RIDE TUNIS,Bolt,Tunis,Transportation,Online Card,TND,808.590,09:25:28,TN,False,DEV_A1,False,
1342,TXN_001342,2025-07-24,17.780,DEBIT,BOLT RIDE TUNIS,bolt,Tunis,Transportation,Online Card,TND,790.810,16:40:56,TN,False,DEV_A1,False,
1343,TXN_001343,2025-07-25,3480.000,CREDIT,SALARY CREDIT,nexora solutions,Online,Salary,Bank Transfer,TND,4270.810,07:38:38,TN,,,False,
1344,TXN_001344,25/07/2025,5.100,DEBIT,BOULANGERIE LE FOURNIL,Boulangerie Le Fournil,Tunis,Groceries,POS Card,TND,4265.710,09:40:19,TN,True,,False,
1345,TXN_001345,26/07/2025,1500.000,DEBIT,VIR PERMANENT EPARGNE,SAVINGS ACCOUNT,Online,Transfer,Standing Order,TND,2765.710,02:17:00,TN,,,False,
1346,TXN_001346,2025-07-26,61.700,DEBIT,GÉANT TUNIS #41897,Géant,Tunis,Groceries,POS Card,TND,2704.010,11:13:14,TN,True,,False,
1347,TXN_001347,2025-07-27,5.900,DEBIT,BOULANGERIE LE FOURNIL,Boulangerie Le Fournil,Ariana,Groceries,POS Card,TND,2698.110,07:20:04,TN,True,,False,
1348,TXN_001348,2025-07-27,8.700,DEBIT,BOULANGERIE LE FOURNIL,Boulangerie Le Fournil,Ariana,Groceries,POS Card,TND,2689.410,7:38 AM,TN,True,,False,
1349,TXN_001349,27/07/2025,13.000,DEBIT,BOLT *TRIP 99316,Bolt,Ariana,Transportation,Online Card,TND,2676.410,10:53:32,TN,False,DEV_A1,False,
1350,TXN_001350,2025-07-27,55.950,DEBIT,MCDO 16268,McDonald's,Ben Arous,Dining,POS Card,TND,2620.460,12:44,TN,True,,False,
1351,TXN_001351,28/07/2025,3.600,DEBIT,BOULANGERIE LE FOURNIL,Boulangerie Le Fournil,Tunis,Groceries,POS Card,TND,2616.860,09:46:20,TN,True,,False,
1352,TXN_001352,2025-07-28,12.860,DEBIT,Coffee Break Ariana,Coffee Break,Ariana,Dining,POS Card,TND,2604.000,10:07 AM,TN,True,,False,
1352-dup,TXN_001352,2025-07-28,12.860,DEBIT,Coffee Break Ariana,Coffee Break,Ariana,Dining,POS Card,TND,2604.000,10:07 AM,TN,True,,False,
1353,TXN_001353,2025-07-28,87.700,DEBIT,RESTAURANT LE PORT,Restaurant Le Port,Tunis,Dining,POS Card,TND,2516.300,12:54:10,TN,True,,False,
1353-dup,TXN_001353,2025-07-28,87.700,DEBIT,RESTAURANT LE PORT,Restaurant Le Port,Tunis,Dining,POS Card,TND,2516.300,12:54:10,TN,True,,False,
1354,TXN_001354,2025-07-28,32.300,DEBIT,STEAMGAMES.COM 64855,Steam,Online,Entertainment,Online Card,TND,2484.000,18:08:30,US,False,DEV_A1,False,
1355,TXN_001355,2025-07-29,-22.000,DEBIT,PAIEMENT PAUL 27470,Paul,La Marsa,Dining,POS Card,TND,2462.000,09:39:26,TN,True,,False,
1356,TXN_001356,29 Jul 2025,6.000,DEBIT,PARKING TUNIS,PARKING,Tunis,Transportation,POS Card,TND,2456.000,16:57:42,TN,True,,False,
1357,TXN_001357,30-07-2025,4.800,DEBIT,COMMISSION TENUE COMPTE 84840,Bank Fees,Online,Other,Direct Debit,TND,2451.200,03:54:53,TN,,,False,
1358,TXN_001358,07/30/2025,3.900,DEBIT,BOLT RIDE TUNIS,BOLT,La Marsa,Transportation,Online Card,TND,2447.300,08:46:54,TN,False,DEV_A1,False,
1359,TXN_001359,2025-07-30,119.000,DEBIT,FLOUCI TRANSFER 67557,FAMILY TRANSFER,Online,Transfer,Bank Transfer,TND,2328.300,09:58:35,TN,,DEV_A1,False,
1360,TXN_001360,2025-07-30,1.950,DEBIT,PARKING ARIANA,Parking,Ariana,Transportation,POS Card,TND,2326.350,17:35:41,TN,1,,False,
1361,TXN_001361,2025-08-01,760.000,DEBIT,VIR PERMANENT STE IMMOBILIERE,ste immobiliere,Ariana,Rent,Standing Order,TND,1566.350,00:49:56,TN,,,False,
1362,TXN_001362,2025-08-01,TND 2100.00,CREDIT,VIREMENT EPARGNE VERS COMPTE COURANT,Savings Account,Online,Transfer,Standing Order,TND,3666.350,01:53:30,TN,,,False,
1363,TXN_001363,01/08/2025,5.000,DEBIT,UBER *TRIP 43236,Uber,Ariana,TRANSPORTATION,Online Card,TND,3661.350,07:42:17,TN,False,DEV_A1,False,
1364,TXN_001364,2025-08-01,9.940,DEBIT,EPICERIE BEN SALEM,Epicerie Ben Salem,Ariana,Groceries,POS Card,TND,3651.410,12:55:57,TN,True,,False,
1365,TXN_001365,03/08/2025,25.700,DEBIT,UBER TRIP HELP.UBER.COM,Uber,Tunis,Transportation,Online Card,TND,3625.710,8:45 AM,tn,False,DEV_A1,False,
1366,TXN_001366,03/08/2025,5.000 TND,DEBIT,COFFEE BREAK TUNIS,Coffee Break,Tunis,Dining,POS Card,TND,3620.710,15:08,tn,True,,False,
1367,TXN_001367,03-08-2025,-250.000,DEBIT,RETRAIT DAB BIAT BEN AROUS,ATM WITHDRAWAL,Ben Arous,Cash Withdrawal,ATM,TND,3370.710,15:21,TN,True,,False,
1368,TXN_001368,2025-08-04,3.130,DEBIT,BOULANGERIE LE FOURNIL ARIANA,Boulangerie Le Fournil,Ariana,groceries,POS Card,TND,3367.580,09:19:58,TN,True,,False,
1369,TXN_001369,2025-08-04,9.660,DEBIT,COFFEE BREAK TUNIS,Coffee Break,Tunis,Dining,POS Card,TND,3357.920,17:35:44,TN,True,,False,
1370,TXN_001370,2025-08-04,8.000 TND,DEBIT,SMART PARKING LAC 69665,Parking,Tunis,Transportation,POS Card,TND,3349.920,18:57:13,TN,True,,False,
1371,TXN_001371,2025-08-05,5.000,DEBIT,Coffee Break Ariana,coffee break,Ariana,Dining,POS Card,TND,3344.920,11:00 AM,TN,True,,False,
1372,TXN_001372,06/08/2025,63.000,DEBIT,OPENAI *CHATGPT SUBSCR,OPENAI,Online,Subscriptions,Online Card,TND,3281.920,01:48:59,US,False,DEV_A1,False,
1373,TXN_001373,2025-08-06,17.510,DEBIT,EPICERIE BEN SALEM,Epicerie Ben Salem,Ariana,Groceries,POS Card,TND,3264.410,13:26:41,TN,True,,False,
1374,TXN_001374,06/08/2025,9.000,DEBIT,COFFEE BREAK ARIANA,Coffee Break,Ariana,Dining,POS Card,TND,3255.410,14:28:45,TN,yes,,False,
1375,TXN_001375,2025-08-06,TND 90.00,DEBIT,RETRAIT DAB BIAT TUNIS,ATM Withdrawal,Tunis,Cash Withdrawal,ATM,TND,3165.410,20:19:21,TN,True,,False,
1376,TXN_001376,2025-08-06,18.500 TND,DEBIT,BOLT RIDE TUNIS,Bolt,Tunis,Transportation,Online Card,TND,3146.910,22:05:57,TN,False,DEV_A1,False,
1377,TXN_001377,07/08/2025,8.860,DEBIT,BOLT RIDE TUNIS,Bolt,Tunis,Transportation,Online Card,TND,3138.050,08:49:59,TN,False,DEV_A1,False,
1378,TXN_001378,2025-08-07,"8,850",DEBIT,BOULANGERIE LE FOURNIL ARIANA,Boulangerie Le Fournil,Ariana,Groceries,POS Card,TND,3129.200,9:24 AM,TN,True,,False,
1379,TXN_001379,08/07/2025,8.450,DEBIT,SMART PARKING LAC 93413,Parking,Ariana,Transportation,POS Card,TND,3120.750,12:02:39,TN,True,,False,
1380,TXN_001380,08/07/2025,9.600,DEBIT,COFFEE BREAK TUNIS,coffee break,Tunis,Dining,POS Card,TND,3111.150,15:39:42,TN,True,,False,
1381,TXN_001381,07/08/2025,16.000 TND,DEBIT,COFFEE BREAK ARIANA,Coffee Break,Ariana,Dining,POS Card,TND,3095.150,15:45:16,TN,True,,False,
1382,TXN_001382,2025-08-08,84.900,DEBIT,SHELL STATION 34528,shell,La Marsa,Fuel,POS Card,TND,3010.250,13:10:04,TN,True,,False,
1383,TXN_001383,08/08/2025,19.400 TND,DEBIT,PAIEMENT PAUL 88709,PAUL,La Marsa,,POS Card,TND,2990.850,17:55:28,TN,True,,False,
1384,TXN_001384,08-08-2025,12.970,DEBIT,BOLT RIDE TUNIS,Bolt,Tunis,Transportation,Online Card,TND,2977.880,20:39:50,TN,False,DEV_A1,False,
1385,TXN_001385,2025-08-09,4.200,DEBIT,ICLOUD+ 50GB,Apple,Online,Subscriptions,Online Card,TND,2973.680,01:36:38,IE,False,DEV_B2,False,
1386,TXN_001386,09/08/2025,112.000,DEBIT,RESTAURANT ULYSSE DJERBA,Restaurant Ulysse,Djerba,Dining,POS Card,TND,2861.680,20:11:27,TN,True,,False,
1387,TXN_001387,2025-08-10,"210,000",DEBIT,LOCATION VOITURE DJERBA,Location Voiture,Djerba,Transportation,POS Card,TND,2651.680,11:28:34,Tunisia,True,,False,
1388,TXN_001388,11/08/2025,39.000,DEBIT,TUNISIE TELECOM ADSL FACTURE,Tunisie Telecom,Online,Utilities,Direct Debit,TND,2612.680,01:53:30,TN,,,False,
1389,TXN_001389,11/08/2025,200.000,DEBIT,RETRAIT DAB BIAT DJERBA,ATM Withdrawal,Djerba,Cash Withdrawal,ATM,TND,2412.680,10:27:18,TN,True,,False,
1390,TXN_001390,2025-08-11,134.800,DEBIT,RESTAURANT EL FONDOUK DJERBA,Restaurant El Fondouk,Djerba,Dining,POS Card,TND,2277.880,12:56:45,TN,True,,False,
1391,TXN_001391,08/11/2025,20.830,DEBIT,PAUL TUNIS,Paul,Tunis,Food & Dining,POS Card,TND,2257.050,5:39 PM,TN,True,,False,
1392,TXN_001392,11 Aug 2025,45.000,DEBIT,PLAGE SIDI MAHREZ DJERBA,plage sidi mahrez,Djerba,Entertainment,POS Card,TND,2212.050,18:00:51,TN,True,,False,
1393,TXN_001393,2025-08-12,150.000,DEBIT,RETRAIT GAB AMEN BANK DJERBA,ATM Withdrawal ,Djerba,Cash Withdrawal,ATM,TND,2062.050,09:24:04,TN,True,,False,
1394,TXN_001394,2025-08-12,-2.200,DEBIT,PARKING TUNIS,Parking ,Tunis,Transportation,POS Card,TND,2059.850,14:43:45,Tunisia,True,,False,
1395,TXN_001395,2025-08-12,2.000,DEBIT,SMART PARKING LAC 74962,Parking,Tunis,TRANSPORTATION,POS Card,TND,2057.850,14:57:23,TN,True,,False,
1396,TXN_001396,2025-08-12,3.250,DEBIT,Coffee Break Tunis,Coffee Break,Tunis,Dining,POS Card,TND,2054.600,15:40:40,TN,True,,False,
1397,TXN_001397,2025-08-12,118.000 TND,DEBIT,POTERIE GUELLALA DJERBA,Poterie Guellala,Djerba,Shopping,POS Card,TND,1936.600,17:12:41,TN,True,,False,
1398,TXN_001398,08/12/2025,TND 150.00,DEBIT,RETRAIT GAB AMEN BANK DJERBA,ATM Withdrawal,Djerba,Cash Withdrawal,ATM,TND,1786.600,19:29:21,TN,True,,False,
1399,TXN_001399,2025-08-12,"150,000",DEBIT,RETRAIT GAB AMEN BANK DJERBA,ATM Withdrawal,Djerba,Cash Withdrawal,ATM,TND,1636.600,20:22:46,TN,True,,False,
1400,TXN_001400,13/08/2025,26.000,DEBIT,EPICERIE BEN SALEM,Epicerie Ben Salem,Ariana,Groceries,POS Card,TND,1610.600,16:12:10,TN,True,,False,
1401,TXN_001401,2025-08-13,98.600 TND,DEBIT,RESTAURANT LE PECHEUR DJERBA,Restaurant Le Pecheur,Djerba,Dining,POS Card,TND,1512.000,19:42:01,TN,True,,False,
1402,TXN_001402,2025-08-14,34.900,DEBIT,NETFLIX.COM,NETFLIX,Online,Subscriptions,Online Card,TND,1477.100,06:25:18,NL,False,DEV_B2,False,
1403,TXN_001403,14/08/2025,5.100,DEBIT,BOLT *TRIP 9719,bolt,Ariana,Transportation,Online Card,TND,1472.000,11:03:41,TN,no,DEV_A1,False,
1404,TXN_001404,2025-08-14,11.250,DEBIT,Coffee Break Ariana,Coffee Break,Ariana,Dining,POS Card,TND,1460.750,16:38:12,TN,True,,False,
1405,TXN_001405,2025-08-14,TND 82.00,DEBIT,AGIL DJERBA DJERBA,AGIL DJERBA,Djerba,Fuel,POS Card,TND,1378.750,18:48:22,TN,True,,False,
1406,TXN_001406,2025-08-15,39.500,DEBIT,GAT ASSURANCES PRELEVEMENT,GAT Assurances,Tunis,Insurance,Direct Debit,TND,1339.250,00:44:54,TN,,,False,
1407,TXN_001407,2025-08-15,76.450,DEBIT,CARREFOUR DJERBA DJERBA,Carrefour Djerba,Djerba,Groceries,POS Card,TND,1262.800,09:13:45,Tunisia,True,,False,
1408,TXN_001408,2025-08-15,95.550,DEBIT,FLOUCI P2P 89171,Friend Transfer,Online,Transfer,Mobile Wallet,TND,1167.250,10:03 AM,Tunisia,False,DEV_A1,False,
1409,TXN_001409,15/08/2025,TND 14.30,DEBIT,CAFE EL MENZAH,Cafe El Menzah,Tunis,,POS Card,TND,1152.950,17:36:32,TN,Y,,False,
1410,TXN_001410,2025-08-16,245.680,DEBIT,CARREFOUR LA MARSA #80837,carrefour,La Marsa,Groceries,POS Card,TND,907.270,09:07:33,TN,True,,False,
1411,TXN_001411,2025-08-16,4.200,DEBIT,EPICERIE BEN SALEM ARIANA,Epicerie Ben Salem,Ariana,Groceries,POS Card,TND,903.070,09:36:07,TN,True,,False,
1412,TXN_001412,2025-08-16,64.850,DEBIT,CARREFOUR LA MARSA #67662,Carrefour,La Marsa,Groceries,POS Card,TND,838.220,12:38:09,TN,True,,False,
1413,TXN_001413,16/08/2025,8.680 TND,DEBIT,EPICERIE BEN SALEM ARIANA,Epicerie Ben Salem,Ariana,Groceries,POS Card,TND,829.540,20:20:25,TN,True,,False,
1414,TXN_001414,17-08-2025,18.340,DEBIT,BOLT RIDE TUNIS,Bolt,Ariana,Transportation,Online Card,TND,811.200,5:12 PM,TN,False,DEV_B2,False,
1415,TXN_001415,2025-08-18,46.680,DEBIT,SONEDE 99148,SONEDE,Online,Utilities,Direct Debit,TND,764.520,01:27:32,TN,,,False,
1416,TXN_001416,2025-08-18,32.550,DEBIT,OOREDOO BILL PAYMENT,Ooredoo,Online,Utilities,Direct Debit,TND,731.970,04:11:33,TN,,,False,
1417,TXN_001417,18-08-2025,6.960,DEBIT,UBER TRIP HELP.UBER.COM,Uber,Tunis,Transportation,Online Card,TND,725.010,06:47:31,TN,False,DEV_A1,False,
1418,TXN_001418,18 Aug 2025,10.000,DEBIT,BOLT RIDE TUNIS,BOLT,Tunis,Transportation,Online Card,TND,715.010,08:22:42,TN,False,DEV_A1,False,
1419,TXN_001419,2025-08-18,5.500,DEBIT,Coffee Break Tunis,coffee break,Tunis,Dining,POS Card,TND,709.510,08:29:03,TN,True,,False,
1420,TXN_001420,19-08-2025,5.560,DEBIT,SMART PARKING LAC 72995,PARKING,Tunis,Transportation,POS Card,TND,703.950,10:33:35,TN,True,,False,
1421,TXN_001421,19-08-2025,4.000,DEBIT,SMART PARKING LAC 7832,Parking,Ariana,Transportation,POS Card,TND,699.950,13:27:27,TN,Y,,False,
1422,TXN_001422,19 Aug 2025,11.000,DEBIT,TPE CAFE EL MENZAH 55644,Cafe El Menzah,Tunis,Dining,POS Card,TND,688.950,16:34,TN,True,,False,
1423,TXN_001423,2025-08-20,50.000 TND,DEBIT,ATM WDL 91061 ARIANA,ATM Withdrawal,Ariana,Cash Withdrawal,ATM,TND,638.950,11:06,TN,True,,False,
1424,TXN_001424,2025-08-20,62.200,DEBIT,Monoprix Tunis,MONOPRIX,Tunis,Groceries,POS Card,TND,576.750,19:28:17,TN,True,,False,
1425,TXN_001425,2025-08-21,27.000,DEBIT,PAUL LA MARSA,Paul,La Marsa,Dining,POS Card,TND,549.750,08:11:43,TN,True,,False,
1426,TXN_001426,2025-08-21,"6,200",DEBIT,Coffee Break Ariana,Coffee Break,Ariana,Dining,POS Card,TND,543.550,09:09:12,TN,True,,False,
1427,TXN_001427,08/21/2025,8.000,DEBIT,BOLT *TRIP 50145,BOLT,La Marsa,Transportation,Online Card,TND,535.550,09:22:07,TN,False,DEV_A1,False,
1428,TXN_001428,21 Aug 2025,24.900 TND,DEBIT,PHCIE CENTRALE 41770,Pharmacie Centrale,Tunis,Healthcare,POS Card,TND,510.650,17:41:04,TN,1,,False,
1429,TXN_001429,08/21/2025,15.300 TND,DEBIT,BOLT *TRIP 6884,Bolt,Ariana,Transportation,Online Card,TND,495.350,18:31:16,TN,False,DEV_A1,False,
1430,TXN_001430,2025-08-22,20.900 TND,DEBIT,SPOTIFY PREMIUM,Spotify,Online,Subscriptions,Online Card,TND,474.450,01:04:17,SE,False,DEV_A1,False,
1431,TXN_001431,2025-08-22,10.350,DEBIT,CAFE EL MENZAH,Cafe El Menzah,Tunis,Dining,POS Card,TND,464.100,09:04:25,TN,True,,False,
1432,TXN_001432,2025-08-22,TND 13.00,DEBIT,BOULANGERIE LE FOURNIL,Boulangerie Le Fournil,Ariana,Groceries,POS Card,TND,451.100,09:41:27,TN,True,,False,
1433,TXN_001433,22/08/2025,70.000,DEBIT,ATM WDL 37193 BEN AROUS,ATM Withdrawal ,Ben Arous,Cash Withdrawal,ATM,TND,381.100,11:19:06,TN,True,,False,
1434,TXN_001434,08/22/2025,"10,680",DEBIT,COFFEE BREAK ARIANA,COFFEE BREAK,Ariana,Dining,POS Card,TND,370.420,5:40 PM,TN,True,,False,
1435,TXN_001435,2025-08-22,4.900,DEBIT,BOLT *TRIP 26635,Bolt,Tunis,Transportation,Online Card,TND,365.520,21:21:18,TN,False,DEV_A1,False,
1436,TXN_001436,23 Aug 2025,TND 7.30,DEBIT,EPICERIE BEN SALEM ARIANA,Epicerie Ben Salem,Ariana,Groceries,POS Card,TND,358.220,17:23:10,TN,True,,False,
1437,TXN_001437,23/08/2025,10.150,DEBIT,BOLT RIDE TUNIS,Bolt,Ariana,Transportation,Online Card,TND,348.070,23:08:06,TN,False,DEV_A1,False,
1438,TXN_001438,2025-08-24,-11.850,DEBIT,EPICERIE BEN SALEM,Epicerie Ben Salem,Ariana,Groceries,POS Card,TND,336.220,10:57,TN,True,,False,
1438-dup,TXN_001438,2025-08-24,-11.850,DEBIT,EPICERIE BEN SALEM,Epicerie Ben Salem,Ariana,Groceries,POS Card,TND,336.220,10:57,TN,True,,False,
1439,TXN_001439,24-08-2025,21.050,DEBIT,EPICERIE BEN SALEM,EPICERIE BEN SALEM,Ariana,Groceries,POS Card,TND,315.170,16:55:07,TN,True,,False,
1440,TXN_001440,2025-08-25,8.000,DEBIT,SMART PARKING LAC 50576,Parking ,Tunis,TRANSPORTATION,POS Card,TND,307.170,6:14 PM,TN,True,,False,
1441,TXN_001441,25 Aug 2025,7.900 TND,DEBIT,BOLT RIDE TUNIS,Bolt,La Marsa,Transportation,Online Card,TND,299.270,18:32:56,tn,False,DEV_A1,False,
1442,TXN_001442,25/08/2025,"15,000",DEBIT,BOLT *TRIP 33398,bolt,Ariana,Transportation,Online Card,TND,284.270,18:56:28,TN,False,DEV_A1,False,
1443,TXN_001443,2025-08-26,3480.000,CREDIT,VIR SALAIRE NEXORA SOLUTIONS,Nexora Solutions,Online,Salary,Bank Transfer,TND,3764.270,06:44:56,TN,,,False,
1444,TXN_001444,27/08/2025,1500.000,DEBIT,VIR PERMANENT EPARGNE,SAVINGS ACCOUNT,Online,Transfer,Standing Order,TND,2264.270,05:25:33,TN,,,False,
1445,TXN_001445,08/27/2025,TND 10.50,DEBIT,COFFEE BREAK TUNIS,coffee break,Tunis,Dining,POS Card,TND,2253.770,09:15:24,TN,True,,False,
1446,TXN_001446,27/08/2025,22.000,DEBIT,PAIEMENT PAUL 94245,Paul,Tunis,Dining,POS Card,TND,2231.770,11:29:55,Tunisia,True,,False,
1447,TXN_001447,28-08-2025,7.600,DEBIT,BOULANGERIE LE FOURNIL ARIANA,Boulangerie Le Fournil,Ariana,Groceries,POS Card,TND,2224.170,10:59,TN,True,,False,
1448,TXN_001448,28-08-2025,80.750,DEBIT,SHELL STATION 38881,Shell,Ariana,,POS Card,TND,2143.420,15:00,TN,True,,False,
1449,TXN_001449,29-08-2025,TND 14.90,DEBIT,CAFE EL MENZAH,Cafe El Menzah,Tunis,Dining,POS Card,TND,2128.520,10:43:04,tn,True,,False,
1450,TXN_001450,2025-08-29,77.230,DEBIT,STEAMGAMES.COM 72776,Steam,Online,Leisure,Online Card,TND,2051.290,18:02:41,US,False,DEV_A1,False,
1451,TXN_001451,2025-08-29,12.000,DEBIT,BOLT *TRIP 32348,BOLT,La Marsa,Transportation,Online Card,TND,2039.290,18:12:25,TN,0,DEV_B2,False,
1452,TXN_001452,30/08/2025,4.500,DEBIT,FRAIS TENUE DE COMPTE,Bank Fees,Online,Other,Direct Debit,TND,2034.790,03:56:27,TN,,,False,
1453,TXN_001453,2025-08-30,3.670,DEBIT,BOULANGERIE LE FOURNIL,Boulangerie Le Fournil,Tunis,Groceries,POS Card,TND,2031.120,11:00:36,TN,True,,False,
1454,TXN_001454,2025-08-30,10.050,DEBIT,EPICERIE BEN SALEM,EPICERIE BEN SALEM,Ariana,groceries,POS Card,TND,2021.070,12:32:42,TN,True,,False,
1455,TXN_001455,30/08/2025,"7,600",DEBIT,EPICERIE BEN SALEM ARIANA,EPICERIE BEN SALEM,Ariana,Groceries,POS Card,TND,2013.470,13:23:14,Tunisia,True,,False,
1456,TXN_001456,31/08/2025,72.000,DEBIT,GLOVO*46561,GLOVO,Online,DINING,Online Card,TND,1941.470,21:51:25,TN,False,DEV_A1,False,
1457,TXN_001457,09/01/2025,850.000,CREDIT,VIREMENT EPARGNE VERS COMPTE COURANT,Savings Account,Online,Transfer,Standing Order,TND,2791.470,03:47:06,TN,,,False,
1458,TXN_001458,2025-09-01,760.000,DEBIT,STE IMMOBILIERE LOYER,STE Immobiliere,Ariana,Rent,Standing Order,TND,2031.470,04:53:41,TN,,,False,
1459,TXN_001459,01-09-2025,25.250,DEBIT,BOLT *TRIP 87676,Bolt,Tunis,Transportation,Online Card,TND,2006.220,11:36,TN,no,DEV_A1,False,
1460,TXN_001460,2025-09-02,-3.000,DEBIT,SMART PARKING LAC 30690,Parking,Ariana,Transportation,POS Card,TND,2003.220,18:32:45,TN,True,,False,
1461,TXN_001461,03-09-2025,TND 438.90,DEBIT,STAR PRIME AUTO 74070,STAR Assurances,Tunis,Insurance,Direct Debit,TND,1564.320,04:35:59,TN,,,False,
1462,TXN_001462,2025-09-03,13.000,DEBIT,PAUL LA MARSA,Paul,La Marsa,Dining,POS Card,TND,1551.320,08:46:04,TN,True,,False,
1463,TXN_001463,03-09-2025,4.450,DEBIT,PARKING TUNIS,parking,Tunis,Transportation,POS Card,TND,1546.870,17:53:18,TN,True,,False,
1464,TXN_001464,04/09/2025,"48,000",DEBIT,PHCIE CENTRALE 68783,Pharmacie Centrale,Tunis,Health,POS Card,TND,1498.870,11:14:46,TN,1,,False,
1465,TXN_001465,2025-09-05,6.700,DEBIT,Coffee Break Tunis,coffee break,Tunis,Dining,POS Card,TND,1492.170,14:29:01,TN,True,,False,
1466,TXN_001466,09/06/2025,"63,000",DEBIT,OPENAI *CHATGPT SUBSCR,openai,Online,Subscriptions,Online Card,TND,1429.170,03:24:24,us,False,DEV_A1,False,
1467,TXN_001467,06-09-2025,31.650,DEBIT,GLOVO*12574,glovo,Online,Dining,Online Card,TND,1397.520,12:21:57,TN,False,DEV_A1,False,
1468,TXN_001468,06/09/2025,29.000,DEBIT,PHCIE CENTRALE 92497,Pharmacie Centrale,Ariana,Healthcare,POS Card,TND,1368.520,12:51 PM,TN,True,,False,
1469,TXN_001469,2025-09-08,"21,360",DEBIT,PAIEMENT PAUL 7998,PAUL,La Marsa,Dining,POS Card,TND,1347.160,08:33:35,TN,True,,False,
1470,TXN_001470,08/09/2025,11.000,DEBIT,PAIEMENT PAUL 24480,Paul,Tunis,Dining,POS Card,TND,1336.160,10:53 AM,TN,True,,False,
1471,TXN_001471,2025-09-08,9.000,DEBIT,PAIEMENT PAUL 79425,Paul,La Marsa,Dining,POS Card,TND,1327.160,14:17:36,TN,True,,False,
1472,TXN_001472,09 Sep 2025,4.200,DEBIT,APPLE.COM/BILL,Apple,Online,Subscriptions,Online Card,TND,1322.960,06:04,IE,0,DEV_A1,False,
1473,TXN_001473,09-09-2025,16.000,DEBIT,PAUL LA MARSA,Paul,La Marsa,Dining,POS Card,TND,1306.960,10:06:46,TN,True,,False,
1474,TXN_001474,2025-09-09,6.380,DEBIT,UBER TRIP HELP.UBER.COM,Uber,Tunis,Transportation,Online Card,TND,1300.580,16:55:48,TN,False,DEV_B2,False,
1475,TXN_001475,09/09/2025,TND 21.49,DEBIT,BOLT RIDE TUNIS,bolt,Ariana,Transportation,Online Card,TND,1279.090,18:45:57,TN,False,DEV_A1,False,
1476,TXN_001476,2025-09-10,TND 75.00,DEBIT,FITNESS ZONE MEMBERSHIP,Fitness Zone,Ariana,subscription,Direct Debit,TND,1204.090,02:25:21,TN,,,False,
1477,TXN_001477,10/09/2025,"5,250",DEBIT,UBER *TRIP 92082,Uber,,Transportation,Online Card,TND,1198.840,14:13:31,TN,False,DEV_A1,False,
1478,TXN_001478,2025-09-10,3.300,DEBIT,PARKING ARIANA,Parking,Ariana,TRANSPORTATION,POS Card,TND,1195.540,6:51 PM,TN,True,,False,
1479,TXN_001479,2025-09-11,7.900 TND,DEBIT,CAFE EL MENZAH,Cafe El Menzah,Tunis,Dining,POS Card,TND,1187.640,14:02:38,TN,True,,False,
1480,TXN_001480,11/09/2025,7.900,DEBIT,COFFEE BREAK ARIANA,Coffee Break,Ariana,Dining,POS Card,TND,1179.740,15:01:30,TN,True,,False,
1481,TXN_001481,09/12/2025,-39.000,DEBIT,TUNISIE TELECOM ADSL FACTURE,Tunisie Telecom,Online,Utilities,Direct Debit,TND,1140.740,02:07:25,TN,,,False,
1482,TXN_001482,09/12/2025,-18.900,DEBIT,MCDONALDS ARIANA,McDonald's,Ariana,Dining,POS Card,TND,1121.840,13:00:08,TN,True,,False,
1483,TXN_001483,12/09/2025,3.500,DEBIT,SMART PARKING LAC 96739,Parking,Tunis,,POS Card,TND,1118.340,14:59:30,TN,True,,False,
1484,TXN_001484,13/09/2025,10.800,DEBIT,BOLT RIDE TUNIS,Bolt,Tunis,Transportation,Online Card,TND,1107.540,09:12,TN,False,DEV_B2,False,
1485,TXN_001485,2025-09-13,9.000,DEBIT,EPICERIE BEN SALEM ARIANA,EPICERIE BEN SALEM,Ariana,Groceries,POS Card,TND,1098.540,10:10:38,TN,True,,False,
1486,TXN_001486,13 Sep 2025,54.950,DEBIT,LCW 17616,LC Waikiki,Ariana,SHOPPING,POS Card,TND,1043.590,13:33:24,TN,True,,False,
1487,TXN_001487,13-09-2025,40.010,DEBIT,PHCIE CENTRALE 29563,Pharmacie Centrale,Ariana,Healthcare,POS Card,TND,1003.580,17:03:41,TN,True,,False,
1488,TXN_001488,13/09/2025,21.510 TND,DEBIT,STEAM PURCHASE,Steam,Online,Entertainment,Online Card,TND,982.070,20:03:35,US,False,DEV_A1,False,
1489,TXN_001489,14-09-2025,34.900 TND,DEBIT,NETFLIX.COM,NETFLIX,Online,subscription,Online Card,TND,947.170,05:10:47,NL,False,DEV_A1,False,
1490,TXN_001490,2025-09-14,"144,020",DEBIT,STEG PAIEMENT 76592,STEG,Online,Utilities,Direct Debit,TND,803.150,05:23:20,TN,,,False,
1491,TXN_001491,14/09/2025,"65,250",DEBIT,RESTAURANT LE PORT TUNIS,Restaurant Le Port,Tunis,Dining,POS Card,TND,737.900,8:09 PM,TN,True,,False,
1492,TXN_001492,09/15/2025,39.500,DEBIT,GAT ASSURANCE SANTE,gat assurances,Tunis,Insurance,Direct Debit,TND,698.400,05:03:56,TN,,,False,
1493,TXN_001493,2025-09-15,-16.610,DEBIT,CAFE EL MENZAH,Cafe El Menzah,Tunis,Dining,POS Card,TND,681.790,08:05:36,Tunisia,True,,False,
1494,TXN_001494,15/09/2025,"9,000",DEBIT,PAIEMENT PAUL 58460,PAUL,Tunis,Dining,POS Card,TND,672.790,11:09:26,TN,True,,False,
1495,TXN_001495,17/09/2025,27.750,DEBIT,OOREDOO TUNISIE FACTURE 70549,Ooredoo,Online,Utilities,Direct Debit,TND,645.040,05:00:59,TN,,,False,
1496,TXN_001496,2025-09-17,5.700,DEBIT,SMART PARKING LAC 82359,Parking,Tunis,transport,POS Card,TND,639.340,09:37:11,TN,True,,False,
1497,TXN_001497,2025-09-17,17.250,DEBIT,BOULANGERIE LE FOURNIL,Boulangerie Le Fournil,Ariana,Groceries,POS Card,TND,622.090,11:55:04,TN,1,,False,
1498,TXN_001498,09/17/2025,25.700,DEBIT,BOLT RIDE TUNIS,BOLT,La Marsa,Transportation,Online Card,TND,596.390,22:08:01,TN,False,DEV_A1,False,
1499,TXN_001499,2025-09-18,3.300,DEBIT,BOULANGERIE LE FOURNIL,Boulangerie Le Fournil,Tunis,Groceries,POS Card,TND,593.090,10:35:04,TN,True,,False,
1500,TXN_001500,2025-09-18,14.850 TND,DEBIT,ORANGE TUNISIE RECHARGE 55340,Orange,Online,Utilities,Online Card,TND,578.240,11:10:08,TN,no,DEV_A1,False,
1501,TXN_001501,19/09/2025,43.850,DEBIT,PHARMACIE CENTRALE TUNIS,Pharmacie Centrale ,Tunis,Healthcare,POS Card,TND,534.390,11:20:17,TN,True,,False,
1502,TXN_001502,2025-09-19,11.170,DEBIT,BOLT *TRIP 43889,Bolt,Ariana,Transportation,Online Card,TND,523.220,17:10:50,tn,False,DEV_B2,False,
1503,TXN_001503,19/09/2025,11.390,DEBIT,BOLT *TRIP 98297,bolt,Ariana,Transportation,Online Card,TND,511.830,17:43:21,TN,False,DEV_B2,False,
1504,TXN_001504,2025-09-20,-5.600,DEBIT,BOLT RIDE TUNIS,Bolt,La Marsa,Transportation,Online Card,TND,506.230,09:03,TN,False,DEV_A1,False,
1505,TXN_001505,2025-09-20,25.000,DEBIT,EPICERIE BEN SALEM,Epicerie Ben Salem,Ariana,Groceries,POS Card,TND,481.230,13:35:37,TN,True,,False,
1506,TXN_001506,20/09/2025,"15,000",DEBIT,BOLT *TRIP 28271,Bolt,La Marsa,Transportation,Online Card,TND,466.230,20:06:55,TN,False,DEV_A1,False,
1507,TXN_001507,2025-09-20,"42,100",DEBIT,RESTAURANT LE PORT,RESTAURANT LE PORT,Carthage,DINING,POS Card,TND,424.130,21:11:13,TN,True,,False,
1508,TXN_001508,21/09/2025,TND 40.00,DEBIT,RETRAIT GAB AMEN BANK LA MARSA,ATM WITHDRAWAL,La Marsa,Cash Withdrawal,ATM,TND,384.130,7:32 PM,TN,True,,False,
1509,TXN_001509,2025-09-22,20.900,DEBIT,SPOTIFY AB STOCKHOLM,Spotify,Online,Subscriptions,Online Card,TND,363.230,05:55,SE,no,DEV_B2,False,
1510,TXN_001510,22/09/2025,6.600,DEBIT,TPE CAFE EL MENZAH 49278,Cafe El Menzah,Tunis,Dining,POS Card,TND,356.630,11:15:57,Tunisia,True,,False,
1511,TXN_001511,2025-09-23,42.670,DEBIT,PAUL TUNIS,Paul,Tunis,Dining,POS Card,TND,313.960,11:16,TN,True,,False,
1512,TXN_001512,24-09-2025,7.480,DEBIT,TPE CAFE EL MENZAH 40231,Cafe El Menzah,Tunis,Dining,POS Card,TND,306.480,15:16,TN,True,,False,
1513,TXN_001513,2025-09-24,15.670,DEBIT,Coffee Break Ariana,Coffee Break,Ariana,Dining,POS Card,TND,290.810,17:41:36,TN,True,,False,
1514,TXN_001514,25-09-2025,27.900,DEBIT,PHCIE CENTRALE 91634,Pharmacie Centrale,Tunis,Healthcare,POS Card,TND,262.910,12:58:19,TN,True,,False,
1515,TXN_001515,2025-09-26,3540.000,CREDIT,MONTHLY SALARY,Nexora Solutions,Online,Salary,Bank Transfer,TND,3802.910,06:52:05,TN,,,False,
1516,TXN_001516,09/26/2025,80.000,DEBIT,RETRAIT GAB AMEN BANK LA MARSA,atm withdrawal,La Marsa,Cash Withdrawal,ATM,TND,3722.910,13:59:26,TN,True,,False,
1517,TXN_001517,2025-09-27,TND 1450.00,DEBIT,VIREMENT COMPTE EPARGNE 60540,savings account,Online,Transfer,Standing Order,TND,2272.910,03:42:38,TN,,,False,
1518,TXN_001518,27-09-2025,2.422,DEBIT,GIFTCHECK *27603 US,GiftCheck,Online,Other,Online Card,TND,2270.488,04:06:07,US,False,DEV_4A92,True,card_testing
1519,TXN_001519,27 Sep 2025,"1,915",DEBIT,GIFTCHECK *93896 US,GiftCheck ,Online,Other,Online Card,TND,2268.573,04:07:16,US,False,DEV_4A92,True,card_testing
1520,TXN_001520,27 Sep 2025,2.756,DEBIT,STREAMTRIAL *10512 US,StreamTrial,Online,Other,Online Card,TND,2265.817,04:09:04,US,False,DEV_4A92,True,card_testing
1521,TXN_001521,2025-09-27,1.786 TND,DEBIT,GIFTCHECK *65536 US,GiftCheck,Online,Other,Online Card,TND,2264.031,04:10:10,US,False,DEV_4A92,True,card_testing
1522,TXN_001522,2025-09-27,189.900 TND,DEBIT,MEGA GADGET STORE US,Mega Gadget Store ,Online,Shopping,Online Card,TND,2074.131,4:15 AM,US,False,DEV_4A92,True,card_testing
1523,TXN_001523,2025-09-27,12.000,DEBIT,UBER TRIP HELP.UBER.COM,Uber,Ariana,Transportation,Online Card,TND,2062.131,16:52,TN,False,DEV_A1,False,
1524,TXN_001524,2025-09-28,9.350 TND,DEBIT,UBER *TRIP 15586,Uber,Tunis,Transportation,Online Card,TND,2052.781,07:58:36,TN,False,DEV_A1,False,
1525,TXN_001525,09/28/2025,49.000,DEBIT,PATHE TUNIS CITY,pathe tunis city,Tunis,Entertainment,POS Card,TND,2003.781,18:20:58,TN,True,,False,
1526,TXN_001526,29-09-2025,18.000,DEBIT,ORANGE TUNISIE RECHARGE 32167,Orange,Online,Utilities,Online Card,TND,1985.781,13:21:58,TN,False,DEV_A1,False,
1527,TXN_001527,29/09/2025,13.150,DEBIT,Coffee Break Tunis,Coffee Break,Tunis,Dining,POS Card,TND,1972.631,14:27:31,TN,True,,False,
1528,TXN_001528,29 Sep 2025,4.890,DEBIT,COFFEE BREAK ARIANA,Coffee Break,Ariana,Dining,POS Card,TND,1967.741,15:44:24,TN,True,,False,
1529,TXN_001529,09/29/2025,11.000,DEBIT,PARKING ARIANA,Parking,Ariana,Transportation,POS Card,TND,1956.741,18:23:12,TN,True,,False,
1530,TXN_001530,09/29/2025,"56,000",DEBIT,RESTAURANT LE PORT,restaurant le port,Carthage,Dining,POS Card,TND,1900.741,21:08:01,TN,True,,False,
1531,TXN_001531,30-09-2025,4.800,DEBIT,FRAIS TENUE DE COMPTE,BANK FEES,Online,Other,Direct Debit,TND,1895.941,03:40:10,TN,,,False,
1532,TXN_001532,2025-09-30,2.000,DEBIT,SMART PARKING LAC 97728,Parking,Ariana,Transport,POS Card,TND,1893.941,17:16:55,TN,True,,False,
1533,TXN_001533,2025-09-30,14.100,DEBIT,BOLT RIDE TUNIS,Bolt,Ariana,Transportation,Online Card,TND,1879.841,17:54:08,TN,False,DEV_A1,False,
1534,TXN_001534,2025-09-30,9.200,CREDIT,CASHBACK CARTE DEBIT,Card Cashback,Online,Other,Online Card,TND,1889.041,18:33:51,TN,False,DEV_A1,False,
1535,TXN_001535,30/09/2025,TND 30.95,DEBIT,MCDO 75240,McDonald's,Ariana,DINING,POS Card,TND,1858.091,21:55:28,TN,True,,False,
1536,TXN_001536,2025-10-01,450.000,CREDIT,VIREMENT EPARGNE VERS COMPTE COURANT,savings account,Online,Transfer,Standing Order,TND,2308.091,02:55:11,TN,,,False,
1537,TXN_001537,2025-10-01,9.200,DEBIT,COFFEE BREAK TUNIS,Coffee Break,Tunis,Dining,POS Card,TND,2298.891,17:49:33,TN,True,,False,
1538,TXN_001538,2025-10-02,10.800,DEBIT,BOLT *TRIP 31984,Bolt,Ariana,Transportation,Online Card,TND,2288.091,21:12:36,TN,False,DEV_A1,False,
1539,TXN_001539,2025-10-03,760.000,DEBIT,STE IMMOBILIERE LOYER,STE Immobiliere,Ariana,Rent,Standing Order,TND,1528.091,03:03:09,TN,,,False,
1540,TXN_001540,2025-10-05,28.150,DEBIT,PHCIE CENTRALE 39145,Pharmacie Centrale,Ariana,Healthcare,POS Card,TND,1499.941,10:49:04,TN,True,,False,
1541,TXN_001541,2025-10-06,-75.000,DEBIT,FITNESS ZONE LA MARSA ABONNEMENT,Fitness Zone,La Marsa,Subscriptions,Direct Debit,TND,1424.941,02:02,TN,,,False,
1542,TXN_001542,2025-10-06,63.000,DEBIT,OPENAI *CHATGPT SUBSCR,openai,Online,Subscriptions,Online Card,TND,1361.941,04:36:14,US,False,DEV_A1,False,
1543,TXN_001543,06/10/2025,170.000,DEBIT,ATM WDL 28521 ARIANA,ATM Withdrawal,Ariana,Cash Withdrawal,ATM,TND,1191.941,15:00:07,TN,True,,False,
1544,TXN_001544,07/10/2025,21.000,DEBIT,PAIEMENT PAUL 34120,Paul,La Marsa,Dining,POS Card,TND,1170.941,10:24:42,TN,True,,False,
1545,TXN_001545,10/07/2025,12.250,DEBIT,PAUL LA MARSA,Paul,La Marsa,Food & Dining,POS Card,TND,1158.691,15:49:14,TN,True,,False,
1546,TXN_001546,07 Oct 2025,10.300,DEBIT,PAUL TUNIS,Paul ,Tunis,Dining,POS Card,TND,1148.391,16:30:09,TN,yes,,False,
1547,TXN_001547,2025-10-07,4.000,DEBIT,UBER *TRIP 28404,Uber,Tunis,Transport,Online Card,TND,1144.391,21:01:23,TN,False,DEV_A1,False,
1548,TXN_001548,2025-10-08,39.000,DEBIT,TT FIXE INTERNET 30223,TUNISIE TELECOM,Online,Utilities,Direct Debit,TND,1105.391,04:11:28,TN,,,False,
1549,TXN_001549,08 Oct 2025,2.500,DEBIT,CAFE EL MENZAH,CAFE EL MENZAH,Tunis,Dining,POS Card,TND,1102.891,11:01:59,TN,yes,,False,
1550,TXN_001550,08/10/2025,19.900,DEBIT,EPICERIE BEN SALEM,EPICERIE BEN SALEM,Ariana,Groceries,POS Card,TND,1082.991,18:43:00,TN,True,,False,
1551,TXN_001551,2025-10-09,4.200,DEBIT,APPLE.COM/BILL,Apple,Online,Subscriptions,Online Card,TND,1078.791,00:55:48,IE,False,DEV_A1,False,
1552,TXN_001552,09 Oct 2025,198.779,CREDIT,REMBOURSEMENT LITIGE CARTE,Bank Dispute Reimbursement,Tunis,Other,Bank Transfer,TND,1277.570,11:53:16,TN,,,False,
1553,TXN_001553,2025-10-09,9.250,DEBIT,PAIEMENT PAUL 71876,Paul,La Marsa,Dining,POS Card,TND,1268.320,14:56:18,TN,True,,False,
1554,TXN_001554,09-10-2025,66.000,DEBIT,RESTAURANT LE PORT CARTHAGE,RESTAURANT LE PORT,Carthage,Dining,POS Card,TND,1202.320,19:42:35,TN,True,,False,
1555,TXN_001555,10/10/2025,13.550,DEBIT,UBER *TRIP 68786,Uber,Ariana,Transportation,Online Card,TND,1188.770,08:52,TN,False,DEV_A1,False,
1556,TXN_001556,10 Oct 2025,-3.650,DEBIT,SMART PARKING LAC 84812,PARKING,Ariana,transport,POS Card,TND,1185.120,09:49,TN,True,,False,
1557,TXN_001557,2025-10-10,"3,200",DEBIT,PARKING TUNIS,Parking,Tunis,Transportation,POS Card,TND,1181.920,14:59:40,TN,True,,False,
1558,TXN_001558,2025-10-10,13.600,DEBIT,CINEMAS PATHE 96211,Pathe Tunis City,Tunis,Entertainment,POS Card,TND,1168.320,21:22:34,TN,True,,False,
1559,TXN_001559,11/10/2025,18.200,DEBIT,EPICERIE BEN SALEM ARIANA,EPICERIE BEN SALEM,Ariana,Groceries,POS Card,TND,1150.120,16:24:34,TN,True,,False,
1560,TXN_001560,11 Oct 2025,9.000,DEBIT,BOLT *TRIP 15546,BOLT,La Marsa,Transportation,Online Card,TND,1141.120,16:35:33,TN,False,DEV_A1,False,
1561,TXN_001561,13-10-2025,3.050,DEBIT,PARKING ARIANA,Parking ,,Transportation,POS Card,TND,1138.070,12:39 PM,TN,True,,False,
1562,TXN_001562,13/10/2025,7.320,DEBIT,UBER *TRIP 73513,Uber,Tunis,Transportation,Online Card,TND,1130.750,12:50:36,TN,False,DEV_A1,False,
1563,TXN_001563,2025-10-14,TND 34.90,DEBIT,NETFLIX.COM,netflix,Online,subscription,Online Card,TND,1095.850,05:36:38,NL,False,DEV_A1,False,
1564,TXN_001564,14-10-2025,-25.650,DEBIT,PHCIE CENTRALE 12927,Pharmacie Centrale,Ariana,HEALTHCARE,POS Card,TND,1070.200,14:43:25,TN,True,,False,
1565,TXN_001565,2025-10-15,39.500,DEBIT,GAT ASSURANCE SANTE,GAT ASSURANCES,Tunis,Insurance,Direct Debit,TND,1030.700,04:31:59,Tunisia,,,False,
1566,TXN_001566,2025-10-15,2.400,DEBIT,PARKING ARIANA,Parking,Ariana,Transportation,POS Card,TND,1028.300,12:07:10,TN,True,,False,
1567,TXN_001567,10/15/2025,TND 33.98,DEBIT,GLOVO*17228,GLOVO,Online,Dining,Online Card,TND,994.320,13:55:19,TN,False,DEV_A1,False,
1568,TXN_001568,2025-10-15,14.680,DEBIT,PAIEMENT PAUL 38376,Paul ,Tunis,Dining,POS Card,TND,979.640,17:28:10,TN,True,,False,
1569,TXN_001569,2025-10-16,"6,850",DEBIT,BOLT RIDE TUNIS,Bolt,,Transportation,Online Card,TND,972.790,08:51:18,TN,N,DEV_A1,False,
1570,TXN_001570,2025-10-16,-7.450,DEBIT,BOLT *TRIP 69886,Bolt ,La Marsa,Transportation,Online Card,TND,965.340,15:00,TN,False,DEV_B2,False,
1571,TXN_001571,2025-10-16,-14.100,DEBIT,BOLT RIDE TUNIS,Bolt,La Marsa,Transportation,Online Card,TND,951.240,16:33:59,TN,False,DEV_A1,False,
1572,TXN_001572,2025-10-17,11.000,DEBIT,BOULANGERIE LE FOURNIL,Boulangerie Le Fournil,Tunis,groceries,POS Card,TND,940.240,07:34:26,TN,True,,False,
1573,TXN_001573,2025-10-17,"6,200",DEBIT,CAFE EL MENZAH,Cafe El Menzah,Tunis,Dining,POS Card,TND,934.040,10:07:32,TN,True,,False,
1574,TXN_001574,2025-10-17,8.550 TND,DEBIT,BOLT *TRIP 59101,Bolt,La Marsa,Transportation,Online Card,TND,925.490,11:30,TN,False,DEV_A1,False,
1575,TXN_001575,17/10/2025,38.350,DEBIT,GLOVO*42501,Glovo,Online,Dining,Online Card,TND,887.140,12:13:49,TN,False,DEV_A1,False,
1576,TXN_001576,17 Oct 2025,64.000,DEBIT,MCDO 2141,McDonald's,Tunis,DINING,POS Card,TND,823.140,8:45 PM,TN,True,,False,
1577,TXN_001577,2025-10-18,"35,200",DEBIT,OOREDOO BILL PAYMENT,Ooredoo,Online,Bills,Direct Debit,TND,787.940,3:15 AM,TN,,,False,
1578,TXN_001578,2025-10-18,TND 13.50,DEBIT,EPICERIE BEN SALEM ARIANA,Epicerie Ben Salem,Ariana,groceries,POS Card,TND,774.440,13:37:56,tn,True,,False,
1579,TXN_001579,10/18/2025,31.070,DEBIT,RESTAURANT SOUSSE CENTRE 800,RESTAURANT LOCAL SOUSSE,Sousse,,POS Card,TND,743.370,13:51:16,TN,True,,False,
1580,TXN_001580,2025-10-18,345.500,DEBIT,HOTEL DIAR YASMINE SOUSSE,hotel diar yasmine sousse,Sousse,Travel,POS Card,TND,397.870,16:31:56,TN,True,,False,
1581,TXN_001581,18 Oct 2025,"10,000",DEBIT,BOLT *TRIP 84735,Bolt,Ariana,Transportation,Online Card,TND,387.870,18:02:00,TN,False,DEV_A1,False,
1582,TXN_001582,2025-10-18,7.000,DEBIT,BOLT RIDE TUNIS,Bolt,Ariana,Transportation,Online Card,TND,380.870,19:19:39,TN,no,DEV_A1,False,
1583,TXN_001583,2025-10-18,12.000,DEBIT,BOLT RIDE TUNIS,Bolt ,Tunis,Transportation,Online Card,TND,368.870,20:18:37,TN,False,DEV_A1,False,
1584,TXN_001584,20/10/2025,5.400,DEBIT,Coffee Break Ariana,Coffee Break,Ariana,Dining,POS Card,TND,363.470,10:52:45,TN,True,,False,
1585,TXN_001585,2025-10-20,6.260,DEBIT,PAUL TUNIS,Paul ,Tunis,DINING,POS Card,TND,357.210,11:03,TN,True,,False,
1586,TXN_001586,2025-10-20,6.100,DEBIT,TPE CAFE EL MENZAH 94077,Cafe El Menzah,Tunis,Dining,POS Card,TND,351.110,17:34:07,TN,True,,False,
1587,TXN_001587,2025-10-22,20.900,DEBIT,SPOTIFY PREMIUM,Spotify,Online,Subscriptions & Streaming,Online Card,TND,330.210,03:55:31,SE,False,DEV_A1,False,
1588,TXN_001588,2025-10-22,9.720,DEBIT,CAFE EL MENZAH,Cafe El Menzah,Tunis,Dining,POS Card,TND,320.490,09:59:43,TN,yes,,False,
1589,TXN_001589,2025-10-22,8.350,DEBIT,RECHARGE DATA ORANGE,Orange,Online,Utilities,Online Card,TND,312.140,18:51,TN,False,DEV_A1,False,
1590,TXN_001590,22/10/2025,29.850,DEBIT,STEAM PURCHASE,Steam,Online,,Online Card,TND,282.290,11:11 PM,US,False,DEV_B2,False,
1591,TXN_001591,2025-10-23,8.500,DEBIT,Coffee Break Ariana,Coffee Break,Ariana,Restaurants,POS Card,TND,273.790,10:39:37,TN,True,,False,
1592,TXN_001592,24-10-2025,3435.000,CREDIT,VIR SALAIRE NEXORA SOLUTIONS,Nexora Solutions,Online,Salary,Bank Transfer,TND,3708.790,08:25:09,TN,,,False,
1593,TXN_001593,10/24/2025,4.830,DEBIT,TPE CAFE EL MENZAH 53651,Cafe El Menzah,Tunis,Dining,POS Card,TND,3703.960,15:59:12,TN,True,,False,
1594,TXN_001594,2025-10-24,"202,252",DEBIT,BIJOUTERIE LUMIERE PARIS FR,BIJOUTERIE LUMIERE,Paris,Shopping,POS Card,TND,3501.708,5:55 PM,FR,Y,,True,impossible_travel
1595,TXN_001595,2025-10-24,306.480,DEBIT,ELECTRO DEPOT PARIS PARIS FR,ELECTRO DEPOT PARIS,Paris,Electronics,POS Card,TND,3195.228,6:08 PM,FR,True,,True,impossible_travel
1596,TXN_001596,2025-10-24,25.800,DEBIT,UBER *TRIP 30784,Uber,Ariana,Transportation,Online Card,TND,3169.428,19:36:35,TN,False,DEV_A1,False,
1597,TXN_001597,25 Oct 2025,TND 1500.00,DEBIT,VIR PERMANENT EPARGNE,savings account,Online,Transfer,Standing Order,TND,1669.428,2:52 AM,TN,,,False,
1598,TXN_001598,25-10-2025,6.110 TND,DEBIT,BOULANGERIE LE FOURNIL ARIANA,Boulangerie Le Fournil,Ariana,Groceries,POS Card,TND,1663.318,08:55:57,TN,True,,False,
1599,TXN_001599,2025-10-25,1.860 TND,DEBIT,SMART PARKING LAC 35724,Parking,Ariana,Transportation,POS Card,TND,1661.458,17:01:57,TN,True,,False,
1600,TXN_001600,2025-10-25,16.900 TND,DEBIT,BOLT RIDE TUNIS,Bolt,Tunis,Transportation,Online Card,TND,1644.558,19:04,TN,False,DEV_A1,False,
1601,TXN_001601,10/26/2025,40.000,DEBIT,VIREMENT EMIS MAMAN,Family Transfer,Online,Transfer,Bank Transfer,TND,1604.558,09:56:11,TN,,DEV_A1,False,
1602,TXN_001602,26-10-2025,9.950 TND,DEBIT,BOLT *TRIP 86359,BOLT,Tunis,Transportation,Online Card,TND,1594.608,22:54:39,TN,False,DEV_B2,False,
1603,TXN_001603,2025-10-27,47.550,DEBIT,PHCIE CENTRALE 76736,Pharmacie Centrale ,Ariana,Healthcare,POS Card,TND,1547.058,09:46:43,TN,True,,False,
1604,TXN_001604,2025-10-27,3.200,DEBIT,PARKING TUNIS,Parking,Tunis,Transportation,POS Card,TND,1543.858,13:47:46,TN,Y,,False,
1605,TXN_001605,27-10-2025,150.000,DEBIT,RETRAIT DAB BIAT BEN AROUS,ATM WITHDRAWAL,Ben Arous,Cash Withdrawal,ATM,TND,1393.858,20:16:11,TN,yes,,False,
1606,TXN_001606,2025-10-28,9.000,DEBIT,COFFEE BREAK TUNIS,COFFEE BREAK,Tunis,Dining,POS Card,TND,1384.858,15:28:09,TN,True,,False,
1607,TXN_001607,10/29/2025,-2.850,DEBIT,PARKING TUNIS,Parking,Tunis,Transportation,POS Card,TND,1382.008,11:08:00,TN,True,,False,
1608,TXN_001608,2025-10-29,5.100 TND,DEBIT,BOLT RIDE TUNIS,Bolt,Ariana,Transportation,Online Card,TND,1376.908,13:01:00,Tunisia,False,DEV_A1,False,
1609,TXN_001609,29/10/2025,11.000,DEBIT,PAIEMENT PAUL 87240,Paul,La Marsa,Dining,POS Card,TND,1365.908,17:14,Tunisia,True,,False,
1610,TXN_001610,10/30/2025,"4,800",DEBIT,COMMISSION TENUE COMPTE 31739,Bank Fees,Online,Other,Direct Debit,TND,1361.108,03:58:48,TN,,,False,
1611,TXN_001611,2025-10-30,6.720,DEBIT,SMART PARKING LAC 25629,PARKING,Ariana,Transportation,POS Card,TND,1354.388,08:41:25,TN,1,,False,
1612,TXN_001612,2025-10-30,144.550,DEBIT,LCW 94466,LC WAIKIKI,Tunis,Shopping,POS Card,TND,1209.838,18:33:02,TN,True,,False,
1613,TXN_001613,01-11-2025,1450.000,CREDIT,VIREMENT EPARGNE VERS COMPTE COURANT,SAVINGS ACCOUNT,Online,Transfer,Standing Order,TND,2659.838,00:43:17,TN,,,False,
1614,TXN_001614,2025-11-01,237.000,DEBIT,MG LA MARSA,MG,La Marsa,GROCERIES,POS Card,TND,2422.838,15:06:20,Tunisia,True,,False,
1615,TXN_001615,01/11/2025,14.750 TND,DEBIT,BOLT RIDE TUNIS,Bolt,La Marsa,Transportation,Online Card,TND,2408.088,19:15:24,TN,0,DEV_A1,False,
1616,TXN_001616,01/11/2025,96.190,DEBIT,AGIL TUNIS,Agil,Tunis,Fuel,POS Card,TND,2311.898,19:17:50,TN,True,,False,
1617,TXN_001617,2025-11-02,4.000,DEBIT,UBER TRIP HELP.UBER.COM,uber,Ariana,Transportation,Online Card,TND,2307.898,10:37:59,TN,no,DEV_A1,False,
1618,TXN_001618,11/03/2025,760.000,DEBIT,STE IMMOBILIERE LOYER,STE Immobiliere,Ariana,Rent,Standing Order,TND,1547.898,03:38:11,TN,,,False,
1619,TXN_001619,2025-11-03,53.300,DEBIT,GLOVO TUNIS,Glovo,Online,dining,Online Card,TND,1494.598,20:31:03,TN,False,DEV_A1,False,
1620,TXN_001620,04-11-2025,141.050,DEBIT,ZARA TUNIS CITY,Zara ,Tunis,Shopping,POS Card,TND,1353.548,11:17:52,TN,True,,False,
1621,TXN_001621,05-11-2025,TND 55.19,DEBIT,GLOVO*143,GLOVO,Online,Dining,Online Card,TND,1298.358,21:54:50,Tunisia,False,DEV_A1,False,
1622,TXN_001622,2025-11-06,63.000,DEBIT,OPENAI *CHATGPT SUBSCR,OpenAI,Online,Subscriptions,Online Card,TND,1235.358,02:58:15,US,N,DEV_A1,False,
1623,TXN_001623,06 Nov 2025,21.630,DEBIT,PHARMACIE CENTRALE ARIANA,PHARMACIE CENTRALE,Ariana,Healthcare,POS Card,TND,1213.728,9:51 AM,TN,True,,False,
1624,TXN_001624,07/11/2025,5.800,DEBIT,BOLT RIDE TUNIS,BOLT,La Marsa,Transportation,Online Card,TND,1207.928,08:40:11,TN,N,DEV_A1,False,
1625,TXN_001625,2025-11-08,-75.000,DEBIT,FITNESS ZONE MEMBERSHIP,fitness zone,Ariana,Subscriptions,Direct Debit,TND,1132.928,03:27:57,TN,,,False,
1626,TXN_001626,08/11/2025,5.000 TND,DEBIT,BOULANGERIE LE FOURNIL,boulangerie le fournil,Tunis,Groceries,POS Card,TND,1127.928,07:41:07,TN,True,,False,
1627,TXN_001627,08-11-2025,9.600 TND,DEBIT,COFFEE BREAK ARIANA,Coffee Break,Ariana,Dining,POS Card,TND,1118.328,15:51:59,TN,True,,False,
1628,TXN_001628,09-11-2025,4.200 TND,DEBIT,ICLOUD+ 50GB,Apple,Online,Subscriptions,Online Card,TND,1114.128,00:55:17,IE,False,DEV_A1,False,
1629,TXN_001629,11/09/2025,130.000,DEBIT,RETRAIT GAB AMEN BANK TUNIS,ATM WITHDRAWAL,Tunis,Cash Withdrawal,ATM,TND,984.128,9:42 AM,TN,True,,False,
1630,TXN_001630,2025-11-09,3.400,DEBIT,PARKING TUNIS,Parking,Tunis,Transportation,POS Card,TND,980.728,15:19:28,TN,True,,False,
1631,TXN_001631,11/10/2025,3.660,DEBIT,SMART PARKING LAC 78854,Parking,Ariana,Transportation,POS Card,TND,977.068,2:31 PM,TN,True,,False,
1632,TXN_001632,11/11/2025,39.000,DEBIT,TT FIXE INTERNET 67844,Tunisie Telecom,Online,Utilities,Direct Debit,TND,938.068,03:43:25,TN,,,False,
1633,TXN_001633,2025-11-11,5.900,DEBIT,UBER TRIP HELP.UBER.COM,UBER,Ariana,Transportation,Online Card,TND,932.168,10:35:22,TN,False,DEV_A1,False,
1634,TXN_001634,11-11-2025,2.920,DEBIT,SMART PARKING LAC 10737,PARKING,Ariana,Transportation,POS Card,TND,929.248,16:23:12,TN,yes,,False,
1635,TXN_001635,2025-11-13,TND 508.73,CREDIT,REMBOURSEMENT LITIGE CARTE,Bank Dispute Reimbursement,Tunis,Other,Bank Transfer,TND,1437.980,11:17:38,TN,,,False,
1636,TXN_001636,2025-11-13,35.000 TND,DEBIT,GLOVO*23388,Glovo,Online,Dining,Online Card,TND,1402.980,12:42 PM,TN,False,DEV_A1,False,
1637,TXN_001637,13 Nov 2025,3.630,DEBIT,SMART PARKING LAC 25192,Parking,Tunis,Transportation,POS Card,TND,1399.350,18:30:54,TN,True,,False,
1638,TXN_001638,2025-11-14,92.420,DEBIT,STEG PAIEMENT 48362,STEG,Online,UTILITIES,Direct Debit,TND,1306.930,05:26:12,TN,,,False,
1639,TXN_001639,2025-11-14,34.900,DEBIT,NETFLIX.COM,Netflix,Online,Subscriptions,Online Card,TND,1272.030,05:27:37,NL,False,DEV_A1,False,
1640,TXN_001640,2025-11-14,6.950,DEBIT,EPICERIE BEN SALEM ARIANA,Epicerie Ben Salem,Ariana,Groceries,POS Card,TND,1265.080,14:19:51,TN,True,,False,
1641,TXN_001641,2025-11-15,TND 39.50,DEBIT,GAT ASSURANCE SANTE,GAT Assurances,Tunis,Insurance,Direct Debit,TND,1225.580,04:28:38,TN,,,False,
1642,TXN_001642,11/15/2025,46.000,DEBIT,PHCIE CENTRALE 82665,Pharmacie Centrale ,Ariana,Healthcare,POS Card,TND,1179.580,9:06 AM,TN,True,,False,
1643,TXN_001643,2025-11-15,4.750,DEBIT,BOULANGERIE LE FOURNIL,Boulangerie Le Fournil,Ariana,Groceries,POS Card,TND,1174.830,09:45:02,TN,True,,False,
1644,TXN_001644,16-11-2025,TND 31.00,DEBIT,OOREDOO TUNISIE FACTURE 8430,Ooredoo,Online,Utilities,Direct Debit,TND,1143.830,02:50:12,TN,,,False,
1645,TXN_001645,16-11-2025,23.060,DEBIT,PAUL TUNIS,PAUL,Tunis,Dining,POS Card,TND,1120.770,08:58:29,TN,True,,False,
1646,TXN_001646,16/11/2025,TND 87.00,DEBIT,PHCIE CENTRALE 26679,Pharmacie Centrale,Tunis,Healthcare,POS Card,TND,1033.770,10:50:55,TN,True,,False,
1647,TXN_001647,18-11-2025,3.150,DEBIT,Coffee Break Tunis,Coffee Break,Tunis,Dining,POS Card,TND,1030.620,09:37:28,TN,True,,False,
1648,TXN_001648,18 Nov 2025,2.470,DEBIT,SMART PARKING LAC 463,Parking,Ariana,,POS Card,TND,1028.150,09:54:34,TN,True,,False,
1649,TXN_001649,11/18/2025,7.050,DEBIT,PARKING ARIANA,PARKING,Ariana,Transportation,POS Card,TND,1021.100,15:49:36,TN,True,,False,
1650,TXN_001650,18 Nov 2025,8.680,DEBIT,BOLT *TRIP 1964,Bolt,Ariana,Transportation,Online Card,TND,1012.420,16:46:15,TN,False,DEV_B2,False,
1651,TXN_001651,2025-11-19,8.000,DEBIT,TPE CAFE EL MENZAH 8327,Cafe El Menzah,Tunis,Dining,POS Card,TND,1004.420,08:09:15,TN,True,,False,
1652,TXN_001652,19/11/2025,8.900,DEBIT,BOLT *TRIP 64278,BOLT,Ariana,Transportation,Online Card,TND,995.520,09:22,TN,False,DEV_A1,False,
1653,TXN_001653,2025-11-19,10.370,DEBIT,BOULANGERIE LE FOURNIL,Boulangerie Le Fournil,Tunis,Groceries,POS Card,TND,985.150,10:35:28,TN,yes,,False,
1654,TXN_001654,11/19/2025,10.800,DEBIT,EPICERIE BEN SALEM ARIANA,epicerie ben salem,Ariana,Groceries,POS Card,TND,974.350,12:27:57,TN,1,,False,
1655,TXN_001655,2025-11-19,3.550,DEBIT,CAFE EL MENZAH,Cafe El Menzah ,Tunis,Dining,POS Card,TND,970.800,17:15:51,TN,True,,False,
1656,TXN_001656,20-11-2025,8.000,DEBIT,BOLT *TRIP 51743,bolt,Ariana,Transportation,Online Card,TND,962.800,18:46:15,TN,no,DEV_A1,False,
1657,TXN_001657,21/11/2025,62.020,DEBIT,SONEDE FACTURE EAU,SONEDE,Online,Utilities,Direct Debit,TND,900.780,00:39:40,TN,,,False,
1658,TXN_001658,2025-11-21,13.680,DEBIT,Coffee Break Tunis,Coffee Break,Tunis,Dining,POS Card,TND,887.100,10:16:23,TN,True,,False,
1659,TXN_001659,2025-11-21,2.000,DEBIT,SMART PARKING LAC 39218,Parking,Tunis,Transportation,POS Card,TND,885.100,5:03 PM,TN,1,,False,
1660,TXN_001660,2025-11-22,"20,900",DEBIT,SPOTIFY AB STOCKHOLM,Spotify,Online,Subscriptions,Online Card,TND,864.200,03:48:13,SE,False,DEV_A1,False,
1661,TXN_001661,22-11-2025,3.450,DEBIT,BOULANGERIE LE FOURNIL TUNIS,BOULANGERIE LE FOURNIL,Tunis,Groceries,POS Card,TND,860.750,07:15:24,TN,True,,False,
1662,TXN_001662,2025-11-22,TND 9.01,DEBIT,EPICERIE BEN SALEM,epicerie ben salem,Ariana,Groceries,POS Card,TND,851.740,12:34:04,TN,True,,False,
1663,TXN_001663,22 Nov 2025,140.000,DEBIT,RETRAIT DAB BIAT TUNIS,ATM Withdrawal,Tunis,Cash Withdrawal,ATM,TND,711.740,18:12:00,TN,True,,False,
1664,TXN_001664,2025-11-22,TND 116.95,DEBIT,VIREMENT EMIS MAMAN,Family Transfer,Online,Transfer,Bank Transfer,TND,594.790,18:13:45,TN,,DEV_B2,False,
1665,TXN_001665,23/11/2025,55.300,DEBIT,JUMIA TUNISIE ORDER 8830,jumia,Online,Shopping,Online Card,TND,539.490,14:34:06,TN,False,DEV_A1,False,
1666,TXN_001666,24-11-2025,3.000,DEBIT,SMART PARKING LAC 48050,Parking ,Ariana,Transportation,POS Card,TND,536.490,08:12:18,TN,True,,False,
1667,TXN_001667,2025-11-24,5.800 TND,DEBIT,BOULANGERIE LE FOURNIL TUNIS,Boulangerie Le Fournil,Tunis,Groceries,POS Card,TND,530.690,11:09:31,TN,True,,False,
1668,TXN_001668,24 Nov 2025,-6.750,DEBIT,Coffee Break Tunis,coffee break,Tunis,Dining,POS Card,TND,523.940,11:10:20,TN,True,,False,
1669,TXN_001669,2025-11-24,9.650,DEBIT,CAFE EL MENZAH,Cafe El Menzah,Tunis,DINING,POS Card,TND,514.290,16:56,TN,Y,,False,
1670,TXN_001670,2025-11-24,"11,410",DEBIT,BOLT *TRIP 21448,Bolt,Ariana,Transportation,Online Card,TND,502.880,18:18:44,TN,False,DEV_B2,False,
1671,TXN_001671,2025-11-25,TND 4.30,DEBIT,BOLT RIDE TUNIS,BOLT,La Marsa,Transport,Online Card,TND,498.580,09:23:13,TN,False,DEV_A1,False,
1672,TXN_001672,11/25/2025,9.210,DEBIT,SMART PARKING LAC 48079,Parking,Tunis,Transportation,POS Card,TND,489.370,14:01:17,TN,True,,False,
1673,TXN_001673,25-11-2025,23.850,DEBIT,PAUL TUNIS,Paul,Tunis,Dining,POS Card,TND,465.520,16:38:16,TN,True,,False,
1674,TXN_001674,2025-11-26,5.300,DEBIT,COFFEE BREAK TUNIS,COFFEE BREAK,Tunis,Dining,POS Card,TND,460.220,08:49:34,TN,True,,False,
1675,TXN_001675,2025-11-26,4.600 TND,DEBIT,BOULANGERIE LE FOURNIL ARIANA,,Ariana,Groceries,POS Card,TND,455.620,09:40:21,TN,True,,False,
1676,TXN_001676,2025-11-27,8.310 TND,DEBIT,PAUL LA MARSA,PAUL,La Marsa,Dining,POS Card,TND,447.310,10:42:24,TN,True,,False,
1677,TXN_001677,2025-11-27,"170,000",DEBIT,RETRAIT DAB BIAT BEN AROUS,ATM Withdrawal,Ben Arous,Cash Withdrawal,ATM,TND,277.310,19:09:26,Tunisia,Y,,False,
1678,TXN_001678,2025-11-28,3480.000,CREDIT,SALARY CREDIT,Nexora Solutions,Online,Salary,Bank Transfer,TND,3757.310,07:38:52,TN,,,False,
1679,TXN_001679,2025-11-28,130.000,DEBIT,RETRAIT DAB BIAT BEN AROUS,ATM WITHDRAWAL,Ben Arous,Cash Withdrawal,ATM,TND,3627.310,17:29:07,tn,Y,,False,
1680,TXN_001680,2025-11-28,45.600 TND,DEBIT,GLOVO TUNIS,Glovo,Online,Dining,Online Card,TND,3581.710,22:07:24,TN,False,DEV_A1,False,
1681,TXN_001681,29/11/2025,-1500.000,DEBIT,VIREMENT COMPTE EPARGNE 33086,savings account,Online,Transfer,Standing Order,TND,2081.710,03:51,TN,,,False,
1682,TXN_001682,29-11-2025,551.026 TND,DEBIT,CRYPTOXCHANGE PRO GB,CryptoXchange Pro,Online,Other,Online Card,TND,1530.684,04:34:59,GB,False,DEV_2528,True,night_high_value_online
1683,TXN_001683,30-11-2025,4.500,DEBIT,COMMISSION TENUE COMPTE 45718,BANK FEES,Online,Other,Direct Debit,TND,1526.184,04:47:56,TN,,,False,
1684,TXN_001684,2025-12-02,16.000,DEBIT,BOLT RIDE TUNIS,BOLT,Ariana,Transportation,Online Card,TND,1510.184,06:32:04,TN,False,DEV_A1,False,
1685,TXN_001685,02 Dec 2025,8.000,DEBIT,CAFE EL MENZAH,Cafe El Menzah,Tunis,Dining,POS Card,TND,1502.184,08:16:14,tn,True,,False,
1686,TXN_001686,02-12-2025,2.300,DEBIT,PARKING TUNIS,Parking,Tunis,Transportation,POS Card,TND,1499.884,12:52:07,TN,True,,False,
1687,TXN_001687,2025-12-03,34.250,DEBIT,PAUL LA MARSA,Paul,La Marsa,Dining,POS Card,TND,1465.634,17:53:02,TN,yes,,False,
1688,TXN_001688,2025-12-04,"760,000",DEBIT,STE IMMOBILIERE LOYER,STE IMMOBILIERE,Ariana,Rent,Standing Order,TND,705.634,01:21:31,TN,,,False,
1689,TXN_001689,04/12/2025,6.900,DEBIT,BOLT RIDE TUNIS,Bolt,Ariana,Transportation,Online Card,TND,698.734,14:09:22,TN,False,DEV_B2,False,
1690,TXN_001690,05-12-2025,2.830,DEBIT,PARKING ARIANA,Parking,Ariana,Transportation,POS Card,TND,695.904,17:36:31,TN,True,,False,
1691,TXN_001691,06-12-2025,63.000,DEBIT,OPENAI *CHATGPT SUBSCR,OpenAI,Online,subscription,Online Card,TND,632.904,00:55:43,US,False,DEV_A1,False,
1692,TXN_001692,2025-12-06,11.050,DEBIT,BOLT RIDE TUNIS,Bolt,Ariana,Transportation,Online Card,TND,621.854,18:00:40,TN,False,DEV_B2,False,
1693,TXN_001693,07/12/2025,4.300 TND,DEBIT,BOULANGERIE LE FOURNIL ARIANA,Boulangerie Le Fournil ,Ariana,Groceries,POS Card,TND,617.554,08:57:00,TN,True,,False,
1694,TXN_001694,2025-12-07,14.000,DEBIT,EPICERIE BEN SALEM ARIANA,Epicerie Ben Salem,Ariana,Groceries,POS Card,TND,603.554,12:07:22,TN,True,,False,
1695,TXN_001695,2025-12-07,17.300,DEBIT,BOLT RIDE TUNIS,Bolt,Tunis,Transportation,Online Card,TND,586.254,23:34:06,Tunisia,False,DEV_A1,False,
1696,TXN_001696,08-12-2025,39.000,DEBIT,TT FIXE INTERNET 73700,Tunisie Telecom,Online,utilities,Direct Debit,TND,547.254,04:46:52,TN,,,False,
1697,TXN_001697,12/08/2025,75.000,DEBIT,FITNESS ZONE ARIANA ABONNEMENT,Fitness Zone,Ariana,Subscriptions,Direct Debit,TND,472.254,05:06:56,TN,,,False,
1698,TXN_001698,2025-12-08,2.000,DEBIT,SMART PARKING LAC 95824,PARKING,Ariana,Transportation,POS Card,TND,470.254,17:39:33,TN,True,,False,
1699,TXN_001699,09-12-2025,4.200,DEBIT,APPLE.COM/BILL,APPLE,Online,Subscriptions,Online Card,TND,466.054,03:21:21,IE,False,DEV_A1,False,
1700,TXN_001700,2025-12-09,"11,800",DEBIT,EPICERIE BEN SALEM,epicerie ben salem,Ariana,Groceries,POS Card,TND,454.254,10:32:05,TN,True,,False,
1701,TXN_001701,09/12/2025,52.200,DEBIT,FLOUCI P2P 77569,FRIEND TRANSFER,Online,Transfer,Mobile Wallet,TND,402.054,13:15:27,Tunisia,False,DEV_A1,False,
1702,TXN_001702,2025-12-10,8.650,DEBIT,CAFE EL MENZAH,Cafe El Menzah,Tunis,Dining,POS Card,TND,393.404,09:01,TN,True,,False,
1703,TXN_001703,12/11/2025,29.000,DEBIT,PAIEMENT PAUL 67978,paul,Tunis,Dining,POS Card,TND,364.404,08:30:26,TN,True,,False,
1704,TXN_001704,2025-12-11,-1.080,DEBIT,SMART PARKING LAC 39245,Parking,Ariana,Transportation,POS Card,TND,363.324,18:03:17,TN,True,,False,
1705,TXN_001705,2025-12-12,5.000 TND,DEBIT,EPICERIE BEN SALEM,Epicerie Ben Salem ,Ariana,groceries,POS Card,TND,358.324,10:47:08,TN,True,,False,
1706,TXN_001706,2025-12-12,9.500 TND,DEBIT,EPICERIE BEN SALEM ARIANA,EPICERIE BEN SALEM,Ariana,Groceries,POS Card,TND,348.824,13:53:54,TN,True,,False,
1707,TXN_001707,12/12/2025,104.850,DEBIT,LCW 61492,lc waikiki,Ariana,Shopping,POS Card,TND,243.974,19:00:14,TN,True,,False,
1708,TXN_001708,2025-12-13,4.900,DEBIT,BOLT *TRIP 94202,Bolt
1709,TXN_001709,2025-12-13,TND 6.00,DEBIT,SMART PARKING LAC 15653,Parking,Tunis,Transportation,POS Card,TND,233.074,16:33,Tunisia,True,,False,
1710,TXN_001710,2025-12-14,"34,900",DEBIT,NETFLIX.COM AMSTERDAM,Netflix ,Online,Subscriptions,Online Card,TND,198.174,03:07:36,NL,False,DEV_A1,False,
1711,TXN_001711,2025-12-14,551.026,CREDIT,REMBOURSEMENT LITIGE CARTE,Bank Dispute Reimbursement,Tunis,Other,Bank Transfer,TND,749.200,10:00:44,TN,,,False,
1712,TXN_001712,14-12-2025,"4,260",DEBIT,BOULANGERIE LE FOURNIL ARIANA,Boulangerie Le Fournil,Ariana,Groceries,POS Card,TND,744.940,10:53:00,TN,True,,False,
1713,TXN_001713,14 Dec 2025,TND 5.27,DEBIT,BOLT *TRIP 85173,BOLT,La Marsa,Transportation,Online Card,TND,739.670,19:05:51,TN,False,DEV_A1,False,
1714,TXN_001714,12/14/2025,-22.650,DEBIT,BOLT RIDE TUNIS,Bolt,Tunis,Transportation,Online Card,TND,717.020,20:06:52,TN,False,DEV_A1,False,
1715,TXN_001715,2025-12-14,60.000 TND,DEBIT,ATM WDL 60194 TUNIS,ATM Withdrawal,Tunis,Cash Withdrawal,ATM,TND,657.020,20:39:35,TN,True,,False,
1716,TXN_001716,2025-12-15,39.500,DEBIT,GAT ASSURANCE SANTE,GAT Assurances,Tunis,Insurance,Direct Debit,TND,617.520,01:12:33,TN,,,False,
1717,TXN_001717,2025-12-15,9.000,DEBIT,BOULANGERIE LE FOURNIL TUNIS,Boulangerie Le Fournil,Tunis,Groceries,POS Card,TND,608.520,07:33:10,TN,True,,False,
1718,TXN_001718,2025-12-15,3.110,DEBIT,BOLT RIDE TUNIS,Bolt,Tunis,Transport,Online Card,TND,605.410,08:36:03,TN,False,DEV_B2,False,
1719,TXN_001719,2025-12-15,6.300,DEBIT,COFFEE BREAK ARIANA,COFFEE BREAK,Ariana,Dining,POS Card,TND,599.110,15:11:30,TN,True,,False,
1720,TXN_001720,2025-12-15,TND 27.50,DEBIT,CAFE EL MENZAH,Cafe El Menzah,Tunis,Dining,POS Card,TND,571.610,17:06:47,TN,1,,False,
1721,TXN_001721,2025-12-16,7.290,DEBIT,BOLT *TRIP 54890,Bolt,Tunis,Transportation,Online Card,TND,564.320,06:55:21,TN,0,DEV_A1,False,
1722,TXN_001722,2025-12-17,4.300,DEBIT,BOULANGERIE LE FOURNIL,boulangerie le fournil,Tunis,Groceries,POS Card,TND,560.020,08:26:48,TN,True,,False,
1723,TXN_001723,2025-12-17,5.000,DEBIT,Coffee Break Tunis,COFFEE BREAK,Tunis,Dining,POS Card,TND,555.020,10:47:38,TN,True,,False,
1724,TXN_001724,17-12-2025,"8,900",DEBIT,EPICERIE BEN SALEM,Epicerie Ben Salem,Ariana,Groceries,POS Card,TND,546.120,16:58:20,tn,True,,False,
1725,TXN_001725,2025-12-17,38.400 TND,DEBIT,RESTAURANT LE PORT,Restaurant Le Port,Carthage,Dining,POS Card,TND,507.720,21:43:26,TN,True,,False,
1726,TXN_001726,2025-12-18,300.000,DEBIT,VIR WEB NOUVEAU BENEFICIAIRE,Unknown Beneficiary,Online,Transfer,Bank Transfer,TND,207.720,14:47:56,TN,,DEV_A1,True,authorized_push_payment_scam
1727,TXN_001727,19/12/2025,3480.000,CREDIT,VIR SALAIRE NEXORA SOLUTIONS,Nexora Solutions,Online,Salary,Bank Transfer,TND,3687.720,06:35:28,TN,,,False,
1728,TXN_001728,19 Dec 2025,1600.000,CREDIT,PRIME DE FIN D ANNEE NEXORA,Nexora Solutions,Online,Salary,Bank Transfer,TND,5287.720,6:50 AM,TN,,,False,
1729,TXN_001729,19 Dec 2025,7.350 TND,DEBIT,PAUL LA MARSA,Paul,La Marsa,Dining,POS Card,TND,5280.370,08:04:22,tn,True,,False,
1730,TXN_001730,2025-12-19,220.000,DEBIT,VIR WEB NOUVEAU BENEFICIAIRE,Unknown Beneficiary,Online,Transfer,Bank Transfer,TND,5060.370,13:51:39,TN,,DEV_A1,True,authorized_push_payment_scam
1731,TXN_001731,2025-12-20,1500.000,DEBIT,VIR PERMANENT EPARGNE,Savings Account,Online,Transfer,Standing Order,TND,3560.370,01:11:26,TN,,,False,
1732,TXN_001732,20/12/2025,TND 29.87,DEBIT,OOREDOO BILL PAYMENT,Ooredoo,Online,Utilities,Direct Debit,TND,3530.500,01:48:25,TN,,,False,
1733,TXN_001733,12/20/2025,"7,200",DEBIT,BOULANGERIE LE FOURNIL,Boulangerie Le Fournil,Ariana,Groceries,POS Card,TND,3523.300,10:40 AM,TN,True,,False,
1734,TXN_001734,21-12-2025,14.000,DEBIT,PHARMACIE CENTRALE ARIANA,Pharmacie Centrale,Ariana,Healthcare,POS Card,TND,3509.300,14:43,TN,True,,False,
1735,TXN_001735,12/22/2025,TND 20.90,DEBIT,SPOTIFY AB STOCKHOLM,Spotify ,Online,Subscriptions,Online Card,TND,3488.400,00:55,SE,False,DEV_A1,False,
1736,TXN_001736,2025-12-22,41.120,DEBIT,RESTAURANT LE PORT,Restaurant Le Port,Carthage,Dining,POS Card,TND,3447.280,12:35:35,TN,True,,False,
1737,TXN_001737,12/22/2025,5.500,DEBIT,BOLT RIDE TUNIS,BOLT,Ariana,Transportation,Online Card,TND,3441.780,16:47:45,TN,False,DEV_A1,False,
1738,TXN_001738,2025-12-22,18.740 TND,DEBIT,BOLT RIDE TUNIS,BOLT,Ariana,Transportation,Online Card,TND,3423.040,20:31:30,TN,False,DEV_B2,False,
1739,TXN_001739,2025-12-23,4.000,DEBIT,UBER TRIP HELP.UBER.COM,Uber,Ariana,TRANSPORTATION,Online Card,TND,3419.040,21:50,TN,False,DEV_B2,False,
1740,TXN_001740,12/24/2025,69.000,DEBIT,GLOVO TUNIS,GLOVO,Online,Dining,Online Card,TND,3350.040,13:45:10,TN,False,DEV_A1,False,
1741,TXN_001741,2025-12-25,7.950,DEBIT,Coffee Break Tunis,Coffee Break,Tunis,Dining,POS Card,TND,3342.090,10:48:04,TN,True,,False,
1742,TXN_001742,2025-12-25,5.600,DEBIT,BOLT *TRIP 6828,BOLT,Ariana,Transportation,Online Card,TND,3336.490,19:03:48,TN,False,DEV_A1,False,
1743,TXN_001743,26-12-2025,TND 11.90,DEBIT,BOLT *TRIP 97267,BOLT,La Marsa,Transportation,Online Card,TND,3324.590,18:03:36,TN,False,DEV_A1,False,
1744,TXN_001744,2025-12-28,3.000,DEBIT,BOLT *TRIP 64876,Bolt,Ariana,Transportation,Online Card,TND,3321.590,08:06:25,TN,False,DEV_A1,False,
1745,TXN_001745,28/12/2025,9.450,DEBIT,EPICERIE BEN SALEM,Epicerie Ben Salem,Ariana,groceries,POS Card,TND,3312.140,11:09:57,Tunisia,True,,False,
1746,TXN_001746,2025-12-30,4.800 TND,DEBIT,COMMISSION TENUE COMPTE 37593,Bank Fees,Online,Other,Direct Debit,TND,3307.340,04:23:41,TN,,,False,
1747,TXN_001747,2025-12-30,4.600,DEBIT,TPE CAFE EL MENZAH 44248,Cafe El Menzah,Tunis,Dining,POS Card,TND,3302.740,08:49:54,TN,True,,False,
1748,TXN_001748,30/12/2025,5.000 TND,DEBIT,SMART PARKING LAC 82590,parking,Ariana,Transportation,POS Card,TND,3297.740,17:12:45,Tunisia,True,,False,
1749,TXN_001749,12/31/2025,11.150,DEBIT,CAFE EL MENZAH,Cafe El Menzah,Tunis,Dining,POS Card,TND,3286.590,20:07:00,TN,True,,False,
